2023-05-06T16:52:27.264+08:00  INFO 25466 --- [main] c.lyl.byyouside.ByYouSideApplicationKt   : Starting ByYouSideApplicationKt using Java 17.0.7 with PID 25466 (/Users/lyl/developer/project/me/ByYourSide/web/ByYouSide/build/classes/kotlin/main started by lyl in /Users/lyl/developer/project/me/ByYourSide/web/ByYouSide)
2023-05-06T16:52:27.265+08:00  INFO 25466 --- [main] c.lyl.byyouside.ByYouSideApplicationKt   : The following 1 profile is active: "dev"
2023-05-06T16:52:27.683+08:00  INFO 25466 --- [main] .s.d.r.c.RepositoryConfigurationDelegate : Bootstrapping Spring Data JPA repositories in DEFAULT mode.
2023-05-06T16:52:27.710+08:00  INFO 25466 --- [main] .s.d.r.c.RepositoryConfigurationDelegate : Finished Spring Data repository scanning in 23 ms. Found 5 JPA repository interfaces.
2023-05-06T16:52:27.930+08:00  INFO 25466 --- [main] o.s.b.w.embedded.tomcat.TomcatWebServer  : Tomcat initialized with port(s): 8080 (http)
2023-05-06T16:52:27.934+08:00  INFO 25466 --- [main] o.apache.catalina.core.StandardService   : Starting service [Tomcat]
2023-05-06T16:52:27.934+08:00  INFO 25466 --- [main] o.apache.catalina.core.StandardEngine    : Starting Servlet engine: [Apache Tomcat/10.1.8]
2023-05-06T16:52:27.970+08:00  INFO 25466 --- [main] o.a.c.c.C.[Tomcat].[localhost].[/]       : Initializing Spring embedded WebApplicationContext
2023-05-06T16:52:27.971+08:00  INFO 25466 --- [main] w.s.c.ServletWebServerApplicationContext : Root WebApplicationContext: initialization completed in 684 ms
2023-05-06T16:52:27.984+08:00  INFO 25466 --- [main] com.zaxxer.hikari.HikariDataSource       : HikariPool-1 - Starting...
2023-05-06T16:52:28.094+08:00  INFO 25466 --- [main] com.zaxxer.hikari.pool.HikariPool        : HikariPool-1 - Added connection conn0: url=jdbc:h2:file:./ByYourSide/config/db/.h2/side_db user=ROOT
2023-05-06T16:52:28.094+08:00  INFO 25466 --- [main] com.zaxxer.hikari.HikariDataSource       : HikariPool-1 - Start completed.
2023-05-06T16:52:28.099+08:00  INFO 25466 --- [main] o.s.b.a.h2.H2ConsoleAutoConfiguration    : H2 console available at '/h2-console'. Database available at 'jdbc:h2:file:./ByYourSide/config/db/.h2/side_db'
2023-05-06T16:52:28.291+08:00  INFO 25466 --- [main] o.s.o.j.p.SpringPersistenceUnitInfo      : No LoadTimeWeaver setup: ignoring JPA class transformer
2023-05-06T16:52:28.311+08:00  INFO 25466 --- [main] SQL dialect                              : HHH000400: Using dialect: org.hibernate.dialect.H2Dialect, version: 2.1.214
2023-05-06T16:52:28.694+08:00  INFO 25466 --- [main] j.LocalContainerEntityManagerFactoryBean : Initialized JPA EntityManagerFactory for persistence unit 'default'
2023-05-06T16:52:29.026+08:00  WARN 25466 --- [main] JpaBaseConfiguration$JpaWebConfiguration : spring.jpa.open-in-view is enabled by default. Therefore, database queries may be performed during view rendering. Explicitly configure spring.jpa.open-in-view to disable this warning
2023-05-06T16:52:29.154+08:00  INFO 25466 --- [main] o.s.b.w.embedded.tomcat.TomcatWebServer  : Tomcat started on port(s): 8080 (http) with context path ''
2023-05-06T16:52:29.158+08:00  INFO 25466 --- [main] c.lyl.byyouside.ByYouSideApplicationKt   : Started ByYouSideApplicationKt in 2.069 seconds (process running for 2.424)
2023-05-06T16:52:49.840+08:00  INFO 25466 --- [http-nio-8080-exec-1] o.a.c.c.C.[Tomcat].[localhost].[/]       : Initializing Spring DispatcherServlet 'dispatcherServlet'
2023-05-06T16:52:49.841+08:00  INFO 25466 --- [http-nio-8080-exec-1] o.s.web.servlet.DispatcherServlet        : Initializing Servlet 'dispatcherServlet'
2023-05-06T16:52:49.842+08:00  INFO 25466 --- [http-nio-8080-exec-1] o.s.web.servlet.DispatcherServlet        : Completed initialization in 1 ms
2023-05-06T16:52:49.918+08:00 ERROR 25466 --- [http-nio-8080-exec-1] o.h.engine.jdbc.spi.SqlExceptionHelper   : Syntax error in SQL statement "select u1_0.id from [*]user u1_0 where u1_0.user_name=? fetch first ? rows only"; expected "identifier"; SQL statement:
select u1_0.id from user u1_0 where u1_0.user_name=? fetch first ? rows only [42001-214]
2023-05-06T16:52:49.922+08:00 ERROR 25466 --- [http-nio-8080-exec-1] o.a.c.c.C.[.[.[/].[dispatcherServlet]    : Servlet.service() for servlet [dispatcherServlet] in context with path [] threw exception [Request processing failed: org.springframework.dao.InvalidDataAccessResourceUsageException: could not prepare statement [Syntax error in SQL statement "select u1_0.id from [*]user u1_0 where u1_0.user_name=? fetch first ? rows only"; expected "identifier"; SQL statement:
select u1_0.id from user u1_0 where u1_0.user_name=? fetch first ? rows only [42001-214]] [select u1_0.id from user u1_0 where u1_0.user_name=? fetch first ? rows only]; SQL [select u1_0.id from user u1_0 where u1_0.user_name=? fetch first ? rows only]] with root cause

org.h2.jdbc.JdbcSQLSyntaxErrorException: Syntax error in SQL statement "select u1_0.id from [*]user u1_0 where u1_0.user_name=? fetch first ? rows only"; expected "identifier"; SQL statement:
select u1_0.id from user u1_0 where u1_0.user_name=? fetch first ? rows only [42001-214]
	at org.h2.message.DbException.getJdbcSQLException(DbException.java:502) ~[h2-2.1.214.jar:2.1.214]
	at org.h2.message.DbException.getJdbcSQLException(DbException.java:477) ~[h2-2.1.214.jar:2.1.214]
	at org.h2.message.DbException.getSyntaxError(DbException.java:261) ~[h2-2.1.214.jar:2.1.214]
	at org.h2.command.Parser.readIdentifier(Parser.java:5656) ~[h2-2.1.214.jar:2.1.214]
	at org.h2.command.Parser.readTablePrimary(Parser.java:1814) ~[h2-2.1.214.jar:2.1.214]
	at org.h2.command.Parser.readTableReference(Parser.java:2334) ~[h2-2.1.214.jar:2.1.214]
	at org.h2.command.Parser.parseSelectFromPart(Parser.java:2772) ~[h2-2.1.214.jar:2.1.214]
	at org.h2.command.Parser.parseSelect(Parser.java:2878) ~[h2-2.1.214.jar:2.1.214]
	at org.h2.command.Parser.parseQueryPrimary(Parser.java:2762) ~[h2-2.1.214.jar:2.1.214]
	at org.h2.command.Parser.parseQueryTerm(Parser.java:2633) ~[h2-2.1.214.jar:2.1.214]
	at org.h2.command.Parser.parseQueryExpressionBody(Parser.java:2612) ~[h2-2.1.214.jar:2.1.214]
	at org.h2.command.Parser.parseQueryExpressionBodyAndEndOfQuery(Parser.java:2605) ~[h2-2.1.214.jar:2.1.214]
	at org.h2.command.Parser.parseQueryExpression(Parser.java:2598) ~[h2-2.1.214.jar:2.1.214]
	at org.h2.command.Parser.parseQuery(Parser.java:2567) ~[h2-2.1.214.jar:2.1.214]
	at org.h2.command.Parser.parsePrepared(Parser.java:724) ~[h2-2.1.214.jar:2.1.214]
	at org.h2.command.Parser.parse(Parser.java:689) ~[h2-2.1.214.jar:2.1.214]
	at org.h2.command.Parser.parse(Parser.java:661) ~[h2-2.1.214.jar:2.1.214]
	at org.h2.command.Parser.prepareCommand(Parser.java:569) ~[h2-2.1.214.jar:2.1.214]
	at org.h2.engine.SessionLocal.prepareLocal(SessionLocal.java:631) ~[h2-2.1.214.jar:2.1.214]
	at org.h2.engine.SessionLocal.prepareCommand(SessionLocal.java:554) ~[h2-2.1.214.jar:2.1.214]
	at org.h2.jdbc.JdbcConnection.prepareCommand(JdbcConnection.java:1116) ~[h2-2.1.214.jar:2.1.214]
	at org.h2.jdbc.JdbcPreparedStatement.<init>(JdbcPreparedStatement.java:92) ~[h2-2.1.214.jar:2.1.214]
	at org.h2.jdbc.JdbcConnection.prepareStatement(JdbcConnection.java:288) ~[h2-2.1.214.jar:2.1.214]
	at com.zaxxer.hikari.pool.ProxyConnection.prepareStatement(ProxyConnection.java:327) ~[HikariCP-5.0.1.jar:na]
	at com.zaxxer.hikari.pool.HikariProxyConnection.prepareStatement(HikariProxyConnection.java) ~[HikariCP-5.0.1.jar:na]
	at org.hibernate.engine.jdbc.internal.StatementPreparerImpl$1.doPrepare(StatementPreparerImpl.java:91) ~[hibernate-core-6.2.1.Final.jar:6.2.1.Final]
	at org.hibernate.engine.jdbc.internal.StatementPreparerImpl$StatementPreparationTemplate.prepareStatement(StatementPreparerImpl.java:177) ~[hibernate-core-6.2.1.Final.jar:6.2.1.Final]
	at org.hibernate.engine.jdbc.internal.StatementPreparerImpl.prepareStatement(StatementPreparerImpl.java:76) ~[hibernate-core-6.2.1.Final.jar:6.2.1.Final]
	at org.hibernate.sql.exec.internal.JdbcSelectExecutorStandardImpl.lambda$list$0(JdbcSelectExecutorStandardImpl.java:102) ~[hibernate-core-6.2.1.Final.jar:6.2.1.Final]
	at org.hibernate.sql.results.jdbc.internal.DeferredResultSetAccess.executeQuery(DeferredResultSetAccess.java:227) ~[hibernate-core-6.2.1.Final.jar:6.2.1.Final]
	at org.hibernate.sql.results.jdbc.internal.DeferredResultSetAccess.getResultSet(DeferredResultSetAccess.java:164) ~[hibernate-core-6.2.1.Final.jar:6.2.1.Final]
	at org.hibernate.sql.results.jdbc.internal.JdbcValuesResultSetImpl.advanceNext(JdbcValuesResultSetImpl.java:204) ~[hibernate-core-6.2.1.Final.jar:6.2.1.Final]
	at org.hibernate.sql.results.jdbc.internal.JdbcValuesResultSetImpl.processNext(JdbcValuesResultSetImpl.java:84) ~[hibernate-core-6.2.1.Final.jar:6.2.1.Final]
	at org.hibernate.sql.results.jdbc.internal.AbstractJdbcValues.next(AbstractJdbcValues.java:29) ~[hibernate-core-6.2.1.Final.jar:6.2.1.Final]
	at org.hibernate.sql.results.internal.RowProcessingStateStandardImpl.next(RowProcessingStateStandardImpl.java:62) ~[hibernate-core-6.2.1.Final.jar:6.2.1.Final]
	at org.hibernate.sql.results.spi.ListResultsConsumer.consume(ListResultsConsumer.java:198) ~[hibernate-core-6.2.1.Final.jar:6.2.1.Final]
	at org.hibernate.sql.results.spi.ListResultsConsumer.consume(ListResultsConsumer.java:33) ~[hibernate-core-6.2.1.Final.jar:6.2.1.Final]
	at org.hibernate.sql.exec.internal.JdbcSelectExecutorStandardImpl.doExecuteQuery(JdbcSelectExecutorStandardImpl.java:362) ~[hibernate-core-6.2.1.Final.jar:6.2.1.Final]
	at org.hibernate.sql.exec.internal.JdbcSelectExecutorStandardImpl.executeQuery(JdbcSelectExecutorStandardImpl.java:168) ~[hibernate-core-6.2.1.Final.jar:6.2.1.Final]
	at org.hibernate.sql.exec.internal.JdbcSelectExecutorStandardImpl.list(JdbcSelectExecutorStandardImpl.java:93) ~[hibernate-core-6.2.1.Final.jar:6.2.1.Final]
	at org.hibernate.sql.exec.spi.JdbcSelectExecutor.list(JdbcSelectExecutor.java:31) ~[hibernate-core-6.2.1.Final.jar:6.2.1.Final]
	at org.hibernate.query.sqm.internal.ConcreteSqmSelectQueryPlan.lambda$new$0(ConcreteSqmSelectQueryPlan.java:109) ~[hibernate-core-6.2.1.Final.jar:6.2.1.Final]
	at org.hibernate.query.sqm.internal.ConcreteSqmSelectQueryPlan.withCacheableSqmInterpretation(ConcreteSqmSelectQueryPlan.java:302) ~[hibernate-core-6.2.1.Final.jar:6.2.1.Final]
	at org.hibernate.query.sqm.internal.ConcreteSqmSelectQueryPlan.performList(ConcreteSqmSelectQueryPlan.java:243) ~[hibernate-core-6.2.1.Final.jar:6.2.1.Final]
	at org.hibernate.query.sqm.internal.QuerySqmImpl.doList(QuerySqmImpl.java:521) ~[hibernate-core-6.2.1.Final.jar:6.2.1.Final]
	at org.hibernate.query.spi.AbstractSelectionQuery.list(AbstractSelectionQuery.java:367) ~[hibernate-core-6.2.1.Final.jar:6.2.1.Final]
	at org.hibernate.query.sqm.internal.QuerySqmImpl.list(QuerySqmImpl.java:1084) ~[hibernate-core-6.2.1.Final.jar:6.2.1.Final]
	at org.hibernate.query.Query.getResultList(Query.java:119) ~[hibernate-core-6.2.1.Final.jar:6.2.1.Final]
	at org.springframework.data.jpa.repository.query.JpaQueryExecution$ExistsExecution.doExecute(JpaQueryExecution.java:315) ~[spring-data-jpa-3.1.0-RC1.jar:3.1.0-RC1]
	at org.springframework.data.jpa.repository.query.JpaQueryExecution.execute(JpaQueryExecution.java:92) ~[spring-data-jpa-3.1.0-RC1.jar:3.1.0-RC1]
	at org.springframework.data.jpa.repository.query.AbstractJpaQuery.doExecute(AbstractJpaQuery.java:148) ~[spring-data-jpa-3.1.0-RC1.jar:3.1.0-RC1]
	at org.springframework.data.jpa.repository.query.AbstractJpaQuery.execute(AbstractJpaQuery.java:136) ~[spring-data-jpa-3.1.0-RC1.jar:3.1.0-RC1]
	at org.springframework.data.repository.core.support.RepositoryMethodInvoker.doInvoke(RepositoryMethodInvoker.java:136) ~[spring-data-commons-3.1.0-RC1.jar:3.1.0-RC1]
	at org.springframework.data.repository.core.support.RepositoryMethodInvoker.invoke(RepositoryMethodInvoker.java:120) ~[spring-data-commons-3.1.0-RC1.jar:3.1.0-RC1]
	at org.springframework.data.repository.core.support.QueryExecutorMethodInterceptor.doInvoke(QueryExecutorMethodInterceptor.java:164) ~[spring-data-commons-3.1.0-RC1.jar:3.1.0-RC1]
	at org.springframework.data.repository.core.support.QueryExecutorMethodInterceptor.invoke(QueryExecutorMethodInterceptor.java:143) ~[spring-data-commons-3.1.0-RC1.jar:3.1.0-RC1]
	at org.springframework.aop.framework.ReflectiveMethodInvocation.proceed(ReflectiveMethodInvocation.java:184) ~[spring-aop-6.0.8.jar:6.0.8]
	at org.springframework.data.projection.DefaultMethodInvokingMethodInterceptor.invoke(DefaultMethodInvokingMethodInterceptor.java:77) ~[spring-data-commons-3.1.0-RC1.jar:3.1.0-RC1]
	at org.springframework.aop.framework.ReflectiveMethodInvocation.proceed(ReflectiveMethodInvocation.java:184) ~[spring-aop-6.0.8.jar:6.0.8]
	at org.springframework.transaction.interceptor.TransactionInterceptor$1.proceedWithInvocation(TransactionInterceptor.java:123) ~[spring-tx-6.0.8.jar:6.0.8]
	at org.springframework.transaction.interceptor.TransactionAspectSupport.invokeWithinTransaction(TransactionAspectSupport.java:391) ~[spring-tx-6.0.8.jar:6.0.8]
	at org.springframework.transaction.interceptor.TransactionInterceptor.invoke(TransactionInterceptor.java:119) ~[spring-tx-6.0.8.jar:6.0.8]
	at org.springframework.aop.framework.ReflectiveMethodInvocation.proceed(ReflectiveMethodInvocation.java:184) ~[spring-aop-6.0.8.jar:6.0.8]
	at org.springframework.dao.support.PersistenceExceptionTranslationInterceptor.invoke(PersistenceExceptionTranslationInterceptor.java:137) ~[spring-tx-6.0.8.jar:6.0.8]
	at org.springframework.aop.framework.ReflectiveMethodInvocation.proceed(ReflectiveMethodInvocation.java:184) ~[spring-aop-6.0.8.jar:6.0.8]
	at org.springframework.data.jpa.repository.support.CrudMethodMetadataPostProcessor$CrudMethodMetadataPopulatingMethodInterceptor.invoke(CrudMethodMetadataPostProcessor.java:134) ~[spring-data-jpa-3.1.0-RC1.jar:3.1.0-RC1]
	at org.springframework.aop.framework.ReflectiveMethodInvocation.proceed(ReflectiveMethodInvocation.java:184) ~[spring-aop-6.0.8.jar:6.0.8]
	at org.springframework.aop.interceptor.ExposeInvocationInterceptor.invoke(ExposeInvocationInterceptor.java:97) ~[spring-aop-6.0.8.jar:6.0.8]
	at org.springframework.aop.framework.ReflectiveMethodInvocation.proceed(ReflectiveMethodInvocation.java:184) ~[spring-aop-6.0.8.jar:6.0.8]
	at org.springframework.data.repository.core.support.MethodInvocationValidator.invoke(MethodInvocationValidator.java:94) ~[spring-data-commons-3.1.0-RC1.jar:3.1.0-RC1]
	at org.springframework.aop.framework.ReflectiveMethodInvocation.proceed(ReflectiveMethodInvocation.java:184) ~[spring-aop-6.0.8.jar:6.0.8]
	at org.springframework.aop.framework.JdkDynamicAopProxy.invoke(JdkDynamicAopProxy.java:223) ~[spring-aop-6.0.8.jar:6.0.8]
	at jdk.proxy2/jdk.proxy2.$Proxy131.existsByUserName(Unknown Source) ~[na:na]
	at com.lyl.byyouside.controller.api.UserController.registerUser(UserController.kt:47) ~[main/:na]
	at java.base/jdk.internal.reflect.NativeMethodAccessorImpl.invoke0(Native Method) ~[na:na]
	at java.base/jdk.internal.reflect.NativeMethodAccessorImpl.invoke(NativeMethodAccessorImpl.java:77) ~[na:na]
	at java.base/jdk.internal.reflect.DelegatingMethodAccessorImpl.invoke(DelegatingMethodAccessorImpl.java:43) ~[na:na]
	at java.base/java.lang.reflect.Method.invoke(Method.java:568) ~[na:na]
	at org.springframework.web.method.support.InvocableHandlerMethod.doInvoke(InvocableHandlerMethod.java:207) ~[spring-web-6.0.8.jar:6.0.8]
	at org.springframework.web.method.support.InvocableHandlerMethod.invokeForRequest(InvocableHandlerMethod.java:152) ~[spring-web-6.0.8.jar:6.0.8]
	at org.springframework.web.servlet.mvc.method.annotation.ServletInvocableHandlerMethod.invokeAndHandle(ServletInvocableHandlerMethod.java:118) ~[spring-webmvc-6.0.8.jar:6.0.8]
	at org.springframework.web.servlet.mvc.method.annotation.RequestMappingHandlerAdapter.invokeHandlerMethod(RequestMappingHandlerAdapter.java:884) ~[spring-webmvc-6.0.8.jar:6.0.8]
	at org.springframework.web.servlet.mvc.method.annotation.RequestMappingHandlerAdapter.handleInternal(RequestMappingHandlerAdapter.java:797) ~[spring-webmvc-6.0.8.jar:6.0.8]
	at org.springframework.web.servlet.mvc.method.AbstractHandlerMethodAdapter.handle(AbstractHandlerMethodAdapter.java:87) ~[spring-webmvc-6.0.8.jar:6.0.8]
	at org.springframework.web.servlet.DispatcherServlet.doDispatch(DispatcherServlet.java:1081) ~[spring-webmvc-6.0.8.jar:6.0.8]
	at org.springframework.web.servlet.DispatcherServlet.doService(DispatcherServlet.java:974) ~[spring-webmvc-6.0.8.jar:6.0.8]
	at org.springframework.web.servlet.FrameworkServlet.processRequest(FrameworkServlet.java:1011) ~[spring-webmvc-6.0.8.jar:6.0.8]
	at org.springframework.web.servlet.FrameworkServlet.doPost(FrameworkServlet.java:914) ~[spring-webmvc-6.0.8.jar:6.0.8]
	at jakarta.servlet.http.HttpServlet.service(HttpServlet.java:590) ~[tomcat-embed-core-10.1.8.jar:6.0]
	at org.springframework.web.servlet.FrameworkServlet.service(FrameworkServlet.java:885) ~[spring-webmvc-6.0.8.jar:6.0.8]
	at jakarta.servlet.http.HttpServlet.service(HttpServlet.java:658) ~[tomcat-embed-core-10.1.8.jar:6.0]
	at org.apache.catalina.core.ApplicationFilterChain.internalDoFilter(ApplicationFilterChain.java:205) ~[tomcat-embed-core-10.1.8.jar:10.1.8]
	at org.apache.catalina.core.ApplicationFilterChain.doFilter(ApplicationFilterChain.java:149) ~[tomcat-embed-core-10.1.8.jar:10.1.8]
	at org.apache.tomcat.websocket.server.WsFilter.doFilter(WsFilter.java:51) ~[tomcat-embed-websocket-10.1.8.jar:10.1.8]
	at org.apache.catalina.core.ApplicationFilterChain.internalDoFilter(ApplicationFilterChain.java:174) ~[tomcat-embed-core-10.1.8.jar:10.1.8]
	at org.apache.catalina.core.ApplicationFilterChain.doFilter(ApplicationFilterChain.java:149) ~[tomcat-embed-core-10.1.8.jar:10.1.8]
	at org.springframework.web.filter.RequestContextFilter.doFilterInternal(RequestContextFilter.java:100) ~[spring-web-6.0.8.jar:6.0.8]
	at org.springframework.web.filter.OncePerRequestFilter.doFilter(OncePerRequestFilter.java:116) ~[spring-web-6.0.8.jar:6.0.8]
	at org.apache.catalina.core.ApplicationFilterChain.internalDoFilter(ApplicationFilterChain.java:174) ~[tomcat-embed-core-10.1.8.jar:10.1.8]
	at org.apache.catalina.core.ApplicationFilterChain.doFilter(ApplicationFilterChain.java:149) ~[tomcat-embed-core-10.1.8.jar:10.1.8]
	at org.springframework.web.filter.FormContentFilter.doFilterInternal(FormContentFilter.java:93) ~[spring-web-6.0.8.jar:6.0.8]
	at org.springframework.web.filter.OncePerRequestFilter.doFilter(OncePerRequestFilter.java:116) ~[spring-web-6.0.8.jar:6.0.8]
	at org.apache.catalina.core.ApplicationFilterChain.internalDoFilter(ApplicationFilterChain.java:174) ~[tomcat-embed-core-10.1.8.jar:10.1.8]
	at org.apache.catalina.core.ApplicationFilterChain.doFilter(ApplicationFilterChain.java:149) ~[tomcat-embed-core-10.1.8.jar:10.1.8]
	at org.springframework.web.filter.CharacterEncodingFilter.doFilterInternal(CharacterEncodingFilter.java:201) ~[spring-web-6.0.8.jar:6.0.8]
	at org.springframework.web.filter.OncePerRequestFilter.doFilter(OncePerRequestFilter.java:116) ~[spring-web-6.0.8.jar:6.0.8]
	at org.apache.catalina.core.ApplicationFilterChain.internalDoFilter(ApplicationFilterChain.java:174) ~[tomcat-embed-core-10.1.8.jar:10.1.8]
	at org.apache.catalina.core.ApplicationFilterChain.doFilter(ApplicationFilterChain.java:149) ~[tomcat-embed-core-10.1.8.jar:10.1.8]
	at org.apache.catalina.core.StandardWrapperValve.invoke(StandardWrapperValve.java:166) ~[tomcat-embed-core-10.1.8.jar:10.1.8]
	at org.apache.catalina.core.StandardContextValve.invoke(StandardContextValve.java:90) ~[tomcat-embed-core-10.1.8.jar:10.1.8]
	at org.apache.catalina.authenticator.AuthenticatorBase.invoke(AuthenticatorBase.java:482) ~[tomcat-embed-core-10.1.8.jar:10.1.8]
	at org.apache.catalina.core.StandardHostValve.invoke(StandardHostValve.java:115) ~[tomcat-embed-core-10.1.8.jar:10.1.8]
	at org.apache.catalina.valves.ErrorReportValve.invoke(ErrorReportValve.java:93) ~[tomcat-embed-core-10.1.8.jar:10.1.8]
	at org.apache.catalina.core.StandardEngineValve.invoke(StandardEngineValve.java:74) ~[tomcat-embed-core-10.1.8.jar:10.1.8]
	at org.apache.catalina.connector.CoyoteAdapter.service(CoyoteAdapter.java:341) ~[tomcat-embed-core-10.1.8.jar:10.1.8]
	at org.apache.coyote.http11.Http11Processor.service(Http11Processor.java:390) ~[tomcat-embed-core-10.1.8.jar:10.1.8]
	at org.apache.coyote.AbstractProcessorLight.process(AbstractProcessorLight.java:63) ~[tomcat-embed-core-10.1.8.jar:10.1.8]
	at org.apache.coyote.AbstractProtocol$ConnectionHandler.process(AbstractProtocol.java:894) ~[tomcat-embed-core-10.1.8.jar:10.1.8]
	at org.apache.tomcat.util.net.NioEndpoint$SocketProcessor.doRun(NioEndpoint.java:1741) ~[tomcat-embed-core-10.1.8.jar:10.1.8]
	at org.apache.tomcat.util.net.SocketProcessorBase.run(SocketProcessorBase.java:52) ~[tomcat-embed-core-10.1.8.jar:10.1.8]
	at org.apache.tomcat.util.threads.ThreadPoolExecutor.runWorker(ThreadPoolExecutor.java:1191) ~[tomcat-embed-core-10.1.8.jar:10.1.8]
	at org.apache.tomcat.util.threads.ThreadPoolExecutor$Worker.run(ThreadPoolExecutor.java:659) ~[tomcat-embed-core-10.1.8.jar:10.1.8]
	at org.apache.tomcat.util.threads.TaskThread$WrappingRunnable.run(TaskThread.java:61) ~[tomcat-embed-core-10.1.8.jar:10.1.8]
	at java.base/java.lang.Thread.run(Thread.java:833) ~[na:na]

2023-05-06T16:56:28.942+08:00  INFO 25466 --- [SpringApplicationShutdownHook] j.LocalContainerEntityManagerFactoryBean : Closing JPA EntityManagerFactory for persistence unit 'default'
2023-05-06T16:56:28.945+08:00  INFO 25466 --- [SpringApplicationShutdownHook] com.zaxxer.hikari.HikariDataSource       : HikariPool-1 - Shutdown initiated...
2023-05-06T16:56:28.946+08:00  INFO 25466 --- [SpringApplicationShutdownHook] com.zaxxer.hikari.HikariDataSource       : HikariPool-1 - Shutdown completed.
2023-05-06T16:56:31.811+08:00  INFO 25649 --- [main] c.lyl.byyouside.ByYouSideApplicationKt   : Starting ByYouSideApplicationKt using Java 17.0.7 with PID 25649 (/Users/lyl/developer/project/me/ByYourSide/web/ByYouSide/build/classes/kotlin/main started by lyl in /Users/lyl/developer/project/me/ByYourSide/web/ByYouSide)
2023-05-06T16:56:31.812+08:00  INFO 25649 --- [main] c.lyl.byyouside.ByYouSideApplicationKt   : The following 1 profile is active: "dev"
2023-05-06T16:56:32.300+08:00  INFO 25649 --- [main] .s.d.r.c.RepositoryConfigurationDelegate : Bootstrapping Spring Data JPA repositories in DEFAULT mode.
2023-05-06T16:56:32.330+08:00  INFO 25649 --- [main] .s.d.r.c.RepositoryConfigurationDelegate : Finished Spring Data repository scanning in 26 ms. Found 5 JPA repository interfaces.
2023-05-06T16:56:32.549+08:00  INFO 25649 --- [main] o.s.b.w.embedded.tomcat.TomcatWebServer  : Tomcat initialized with port(s): 8080 (http)
2023-05-06T16:56:32.553+08:00  INFO 25649 --- [main] o.apache.catalina.core.StandardService   : Starting service [Tomcat]
2023-05-06T16:56:32.553+08:00  INFO 25649 --- [main] o.apache.catalina.core.StandardEngine    : Starting Servlet engine: [Apache Tomcat/10.1.8]
2023-05-06T16:56:32.588+08:00  INFO 25649 --- [main] o.a.c.c.C.[Tomcat].[localhost].[/]       : Initializing Spring embedded WebApplicationContext
2023-05-06T16:56:32.588+08:00  INFO 25649 --- [main] w.s.c.ServletWebServerApplicationContext : Root WebApplicationContext: initialization completed in 755 ms
2023-05-06T16:56:32.600+08:00  INFO 25649 --- [main] com.zaxxer.hikari.HikariDataSource       : HikariPool-1 - Starting...
2023-05-06T16:56:32.707+08:00  INFO 25649 --- [main] com.zaxxer.hikari.pool.HikariPool        : HikariPool-1 - Added connection conn0: url=jdbc:h2:file:./ByYourSide/config/db/.h2/side_db user=ROOT
2023-05-06T16:56:32.708+08:00  INFO 25649 --- [main] com.zaxxer.hikari.HikariDataSource       : HikariPool-1 - Start completed.
2023-05-06T16:56:32.713+08:00  INFO 25649 --- [main] o.s.b.a.h2.H2ConsoleAutoConfiguration    : H2 console available at '/h2-console'. Database available at 'jdbc:h2:file:./ByYourSide/config/db/.h2/side_db'
2023-05-06T16:56:32.905+08:00  INFO 25649 --- [main] o.s.o.j.p.SpringPersistenceUnitInfo      : No LoadTimeWeaver setup: ignoring JPA class transformer
2023-05-06T16:56:32.927+08:00  INFO 25649 --- [main] SQL dialect                              : HHH000400: Using dialect: org.hibernate.dialect.H2Dialect, version: 2.1.214
2023-05-06T16:56:33.296+08:00  INFO 25649 --- [main] j.LocalContainerEntityManagerFactoryBean : Initialized JPA EntityManagerFactory for persistence unit 'default'
2023-05-06T16:56:33.628+08:00  WARN 25649 --- [main] JpaBaseConfiguration$JpaWebConfiguration : spring.jpa.open-in-view is enabled by default. Therefore, database queries may be performed during view rendering. Explicitly configure spring.jpa.open-in-view to disable this warning
2023-05-06T16:56:33.765+08:00  INFO 25649 --- [main] o.s.b.w.embedded.tomcat.TomcatWebServer  : Tomcat started on port(s): 8080 (http) with context path ''
2023-05-06T16:56:33.769+08:00  INFO 25649 --- [main] c.lyl.byyouside.ByYouSideApplicationKt   : Started ByYouSideApplicationKt in 2.12 seconds (process running for 2.501)
2023-05-06T16:56:38.703+08:00  INFO 25649 --- [http-nio-8080-exec-1] o.a.c.c.C.[Tomcat].[localhost].[/]       : Initializing Spring DispatcherServlet 'dispatcherServlet'
2023-05-06T16:56:38.704+08:00  INFO 25649 --- [http-nio-8080-exec-1] o.s.web.servlet.DispatcherServlet        : Initializing Servlet 'dispatcherServlet'
2023-05-06T16:56:38.705+08:00  INFO 25649 --- [http-nio-8080-exec-1] o.s.web.servlet.DispatcherServlet        : Completed initialization in 1 ms
2023-05-06T16:56:38.787+08:00 ERROR 25649 --- [http-nio-8080-exec-1] o.h.engine.jdbc.spi.SqlExceptionHelper   : Syntax error in SQL statement "select count(u1_0.id) from [*]user u1_0 where u1_0.user_name=?"; expected "identifier"; SQL statement:
select count(u1_0.id) from user u1_0 where u1_0.user_name=? [42001-214]
2023-05-06T16:56:38.791+08:00 ERROR 25649 --- [http-nio-8080-exec-1] o.a.c.c.C.[.[.[/].[dispatcherServlet]    : Servlet.service() for servlet [dispatcherServlet] in context with path [] threw exception [Request processing failed: org.springframework.dao.InvalidDataAccessResourceUsageException: could not prepare statement [Syntax error in SQL statement "select count(u1_0.id) from [*]user u1_0 where u1_0.user_name=?"; expected "identifier"; SQL statement:
select count(u1_0.id) from user u1_0 where u1_0.user_name=? [42001-214]] [select count(u1_0.id) from user u1_0 where u1_0.user_name=?]; SQL [select count(u1_0.id) from user u1_0 where u1_0.user_name=?]] with root cause

org.h2.jdbc.JdbcSQLSyntaxErrorException: Syntax error in SQL statement "select count(u1_0.id) from [*]user u1_0 where u1_0.user_name=?"; expected "identifier"; SQL statement:
select count(u1_0.id) from user u1_0 where u1_0.user_name=? [42001-214]
	at org.h2.message.DbException.getJdbcSQLException(DbException.java:502) ~[h2-2.1.214.jar:2.1.214]
	at org.h2.message.DbException.getJdbcSQLException(DbException.java:477) ~[h2-2.1.214.jar:2.1.214]
	at org.h2.message.DbException.getSyntaxError(DbException.java:261) ~[h2-2.1.214.jar:2.1.214]
	at org.h2.command.Parser.readIdentifier(Parser.java:5656) ~[h2-2.1.214.jar:2.1.214]
	at org.h2.command.Parser.readTablePrimary(Parser.java:1814) ~[h2-2.1.214.jar:2.1.214]
	at org.h2.command.Parser.readTableReference(Parser.java:2334) ~[h2-2.1.214.jar:2.1.214]
	at org.h2.command.Parser.parseSelectFromPart(Parser.java:2772) ~[h2-2.1.214.jar:2.1.214]
	at org.h2.command.Parser.parseSelect(Parser.java:2878) ~[h2-2.1.214.jar:2.1.214]
	at org.h2.command.Parser.parseQueryPrimary(Parser.java:2762) ~[h2-2.1.214.jar:2.1.214]
	at org.h2.command.Parser.parseQueryTerm(Parser.java:2633) ~[h2-2.1.214.jar:2.1.214]
	at org.h2.command.Parser.parseQueryExpressionBody(Parser.java:2612) ~[h2-2.1.214.jar:2.1.214]
	at org.h2.command.Parser.parseQueryExpressionBodyAndEndOfQuery(Parser.java:2605) ~[h2-2.1.214.jar:2.1.214]
	at org.h2.command.Parser.parseQueryExpression(Parser.java:2598) ~[h2-2.1.214.jar:2.1.214]
	at org.h2.command.Parser.parseQuery(Parser.java:2567) ~[h2-2.1.214.jar:2.1.214]
	at org.h2.command.Parser.parsePrepared(Parser.java:724) ~[h2-2.1.214.jar:2.1.214]
	at org.h2.command.Parser.parse(Parser.java:689) ~[h2-2.1.214.jar:2.1.214]
	at org.h2.command.Parser.parse(Parser.java:661) ~[h2-2.1.214.jar:2.1.214]
	at org.h2.command.Parser.prepareCommand(Parser.java:569) ~[h2-2.1.214.jar:2.1.214]
	at org.h2.engine.SessionLocal.prepareLocal(SessionLocal.java:631) ~[h2-2.1.214.jar:2.1.214]
	at org.h2.engine.SessionLocal.prepareCommand(SessionLocal.java:554) ~[h2-2.1.214.jar:2.1.214]
	at org.h2.jdbc.JdbcConnection.prepareCommand(JdbcConnection.java:1116) ~[h2-2.1.214.jar:2.1.214]
	at org.h2.jdbc.JdbcPreparedStatement.<init>(JdbcPreparedStatement.java:92) ~[h2-2.1.214.jar:2.1.214]
	at org.h2.jdbc.JdbcConnection.prepareStatement(JdbcConnection.java:288) ~[h2-2.1.214.jar:2.1.214]
	at com.zaxxer.hikari.pool.ProxyConnection.prepareStatement(ProxyConnection.java:327) ~[HikariCP-5.0.1.jar:na]
	at com.zaxxer.hikari.pool.HikariProxyConnection.prepareStatement(HikariProxyConnection.java) ~[HikariCP-5.0.1.jar:na]
	at org.hibernate.engine.jdbc.internal.StatementPreparerImpl$1.doPrepare(StatementPreparerImpl.java:91) ~[hibernate-core-6.2.1.Final.jar:6.2.1.Final]
	at org.hibernate.engine.jdbc.internal.StatementPreparerImpl$StatementPreparationTemplate.prepareStatement(StatementPreparerImpl.java:177) ~[hibernate-core-6.2.1.Final.jar:6.2.1.Final]
	at org.hibernate.engine.jdbc.internal.StatementPreparerImpl.prepareStatement(StatementPreparerImpl.java:76) ~[hibernate-core-6.2.1.Final.jar:6.2.1.Final]
	at org.hibernate.sql.exec.internal.JdbcSelectExecutorStandardImpl.lambda$list$0(JdbcSelectExecutorStandardImpl.java:102) ~[hibernate-core-6.2.1.Final.jar:6.2.1.Final]
	at org.hibernate.sql.results.jdbc.internal.DeferredResultSetAccess.executeQuery(DeferredResultSetAccess.java:227) ~[hibernate-core-6.2.1.Final.jar:6.2.1.Final]
	at org.hibernate.sql.results.jdbc.internal.DeferredResultSetAccess.getResultSet(DeferredResultSetAccess.java:164) ~[hibernate-core-6.2.1.Final.jar:6.2.1.Final]
	at org.hibernate.sql.results.jdbc.internal.JdbcValuesResultSetImpl.advanceNext(JdbcValuesResultSetImpl.java:204) ~[hibernate-core-6.2.1.Final.jar:6.2.1.Final]
	at org.hibernate.sql.results.jdbc.internal.JdbcValuesResultSetImpl.processNext(JdbcValuesResultSetImpl.java:84) ~[hibernate-core-6.2.1.Final.jar:6.2.1.Final]
	at org.hibernate.sql.results.jdbc.internal.AbstractJdbcValues.next(AbstractJdbcValues.java:29) ~[hibernate-core-6.2.1.Final.jar:6.2.1.Final]
	at org.hibernate.sql.results.internal.RowProcessingStateStandardImpl.next(RowProcessingStateStandardImpl.java:62) ~[hibernate-core-6.2.1.Final.jar:6.2.1.Final]
	at org.hibernate.sql.results.spi.ListResultsConsumer.consume(ListResultsConsumer.java:198) ~[hibernate-core-6.2.1.Final.jar:6.2.1.Final]
	at org.hibernate.sql.results.spi.ListResultsConsumer.consume(ListResultsConsumer.java:33) ~[hibernate-core-6.2.1.Final.jar:6.2.1.Final]
	at org.hibernate.sql.exec.internal.JdbcSelectExecutorStandardImpl.doExecuteQuery(JdbcSelectExecutorStandardImpl.java:362) ~[hibernate-core-6.2.1.Final.jar:6.2.1.Final]
	at org.hibernate.sql.exec.internal.JdbcSelectExecutorStandardImpl.executeQuery(JdbcSelectExecutorStandardImpl.java:168) ~[hibernate-core-6.2.1.Final.jar:6.2.1.Final]
	at org.hibernate.sql.exec.internal.JdbcSelectExecutorStandardImpl.list(JdbcSelectExecutorStandardImpl.java:93) ~[hibernate-core-6.2.1.Final.jar:6.2.1.Final]
	at org.hibernate.sql.exec.spi.JdbcSelectExecutor.list(JdbcSelectExecutor.java:31) ~[hibernate-core-6.2.1.Final.jar:6.2.1.Final]
	at org.hibernate.query.sqm.internal.ConcreteSqmSelectQueryPlan.lambda$new$0(ConcreteSqmSelectQueryPlan.java:109) ~[hibernate-core-6.2.1.Final.jar:6.2.1.Final]
	at org.hibernate.query.sqm.internal.ConcreteSqmSelectQueryPlan.withCacheableSqmInterpretation(ConcreteSqmSelectQueryPlan.java:302) ~[hibernate-core-6.2.1.Final.jar:6.2.1.Final]
	at org.hibernate.query.sqm.internal.ConcreteSqmSelectQueryPlan.performList(ConcreteSqmSelectQueryPlan.java:243) ~[hibernate-core-6.2.1.Final.jar:6.2.1.Final]
	at org.hibernate.query.sqm.internal.QuerySqmImpl.doList(QuerySqmImpl.java:521) ~[hibernate-core-6.2.1.Final.jar:6.2.1.Final]
	at org.hibernate.query.spi.AbstractSelectionQuery.list(AbstractSelectionQuery.java:367) ~[hibernate-core-6.2.1.Final.jar:6.2.1.Final]
	at org.hibernate.query.sqm.internal.QuerySqmImpl.list(QuerySqmImpl.java:1084) ~[hibernate-core-6.2.1.Final.jar:6.2.1.Final]
	at org.hibernate.query.spi.AbstractSelectionQuery.getSingleResult(AbstractSelectionQuery.java:461) ~[hibernate-core-6.2.1.Final.jar:6.2.1.Final]
	at org.hibernate.query.sqm.internal.QuerySqmImpl.getSingleResult(QuerySqmImpl.java:1110) ~[hibernate-core-6.2.1.Final.jar:6.2.1.Final]
	at org.springframework.data.jpa.repository.query.JpaQueryExecution$SingleEntityExecution.doExecute(JpaQueryExecution.java:223) ~[spring-data-jpa-3.1.0-RC1.jar:3.1.0-RC1]
	at org.springframework.data.jpa.repository.query.JpaQueryExecution.execute(JpaQueryExecution.java:92) ~[spring-data-jpa-3.1.0-RC1.jar:3.1.0-RC1]
	at org.springframework.data.jpa.repository.query.AbstractJpaQuery.doExecute(AbstractJpaQuery.java:148) ~[spring-data-jpa-3.1.0-RC1.jar:3.1.0-RC1]
	at org.springframework.data.jpa.repository.query.AbstractJpaQuery.execute(AbstractJpaQuery.java:136) ~[spring-data-jpa-3.1.0-RC1.jar:3.1.0-RC1]
	at org.springframework.data.repository.core.support.RepositoryMethodInvoker.doInvoke(RepositoryMethodInvoker.java:136) ~[spring-data-commons-3.1.0-RC1.jar:3.1.0-RC1]
	at org.springframework.data.repository.core.support.RepositoryMethodInvoker.invoke(RepositoryMethodInvoker.java:120) ~[spring-data-commons-3.1.0-RC1.jar:3.1.0-RC1]
	at org.springframework.data.repository.core.support.QueryExecutorMethodInterceptor.doInvoke(QueryExecutorMethodInterceptor.java:164) ~[spring-data-commons-3.1.0-RC1.jar:3.1.0-RC1]
	at org.springframework.data.repository.core.support.QueryExecutorMethodInterceptor.invoke(QueryExecutorMethodInterceptor.java:143) ~[spring-data-commons-3.1.0-RC1.jar:3.1.0-RC1]
	at org.springframework.aop.framework.ReflectiveMethodInvocation.proceed(ReflectiveMethodInvocation.java:184) ~[spring-aop-6.0.8.jar:6.0.8]
	at org.springframework.data.projection.DefaultMethodInvokingMethodInterceptor.invoke(DefaultMethodInvokingMethodInterceptor.java:77) ~[spring-data-commons-3.1.0-RC1.jar:3.1.0-RC1]
	at org.springframework.aop.framework.ReflectiveMethodInvocation.proceed(ReflectiveMethodInvocation.java:184) ~[spring-aop-6.0.8.jar:6.0.8]
	at org.springframework.transaction.interceptor.TransactionInterceptor$1.proceedWithInvocation(TransactionInterceptor.java:123) ~[spring-tx-6.0.8.jar:6.0.8]
	at org.springframework.transaction.interceptor.TransactionAspectSupport.invokeWithinTransaction(TransactionAspectSupport.java:391) ~[spring-tx-6.0.8.jar:6.0.8]
	at org.springframework.transaction.interceptor.TransactionInterceptor.invoke(TransactionInterceptor.java:119) ~[spring-tx-6.0.8.jar:6.0.8]
	at org.springframework.aop.framework.ReflectiveMethodInvocation.proceed(ReflectiveMethodInvocation.java:184) ~[spring-aop-6.0.8.jar:6.0.8]
	at org.springframework.dao.support.PersistenceExceptionTranslationInterceptor.invoke(PersistenceExceptionTranslationInterceptor.java:137) ~[spring-tx-6.0.8.jar:6.0.8]
	at org.springframework.aop.framework.ReflectiveMethodInvocation.proceed(ReflectiveMethodInvocation.java:184) ~[spring-aop-6.0.8.jar:6.0.8]
	at org.springframework.data.jpa.repository.support.CrudMethodMetadataPostProcessor$CrudMethodMetadataPopulatingMethodInterceptor.invoke(CrudMethodMetadataPostProcessor.java:134) ~[spring-data-jpa-3.1.0-RC1.jar:3.1.0-RC1]
	at org.springframework.aop.framework.ReflectiveMethodInvocation.proceed(ReflectiveMethodInvocation.java:184) ~[spring-aop-6.0.8.jar:6.0.8]
	at org.springframework.aop.interceptor.ExposeInvocationInterceptor.invoke(ExposeInvocationInterceptor.java:97) ~[spring-aop-6.0.8.jar:6.0.8]
	at org.springframework.aop.framework.ReflectiveMethodInvocation.proceed(ReflectiveMethodInvocation.java:184) ~[spring-aop-6.0.8.jar:6.0.8]
	at org.springframework.data.repository.core.support.MethodInvocationValidator.invoke(MethodInvocationValidator.java:94) ~[spring-data-commons-3.1.0-RC1.jar:3.1.0-RC1]
	at org.springframework.aop.framework.ReflectiveMethodInvocation.proceed(ReflectiveMethodInvocation.java:184) ~[spring-aop-6.0.8.jar:6.0.8]
	at org.springframework.aop.framework.JdkDynamicAopProxy.invoke(JdkDynamicAopProxy.java:223) ~[spring-aop-6.0.8.jar:6.0.8]
	at jdk.proxy2/jdk.proxy2.$Proxy131.countByUserName(Unknown Source) ~[na:na]
	at com.lyl.byyouside.controller.api.UserController.registerUser(UserController.kt:47) ~[main/:na]
	at java.base/jdk.internal.reflect.NativeMethodAccessorImpl.invoke0(Native Method) ~[na:na]
	at java.base/jdk.internal.reflect.NativeMethodAccessorImpl.invoke(NativeMethodAccessorImpl.java:77) ~[na:na]
	at java.base/jdk.internal.reflect.DelegatingMethodAccessorImpl.invoke(DelegatingMethodAccessorImpl.java:43) ~[na:na]
	at java.base/java.lang.reflect.Method.invoke(Method.java:568) ~[na:na]
	at org.springframework.web.method.support.InvocableHandlerMethod.doInvoke(InvocableHandlerMethod.java:207) ~[spring-web-6.0.8.jar:6.0.8]
	at org.springframework.web.method.support.InvocableHandlerMethod.invokeForRequest(InvocableHandlerMethod.java:152) ~[spring-web-6.0.8.jar:6.0.8]
	at org.springframework.web.servlet.mvc.method.annotation.ServletInvocableHandlerMethod.invokeAndHandle(ServletInvocableHandlerMethod.java:118) ~[spring-webmvc-6.0.8.jar:6.0.8]
	at org.springframework.web.servlet.mvc.method.annotation.RequestMappingHandlerAdapter.invokeHandlerMethod(RequestMappingHandlerAdapter.java:884) ~[spring-webmvc-6.0.8.jar:6.0.8]
	at org.springframework.web.servlet.mvc.method.annotation.RequestMappingHandlerAdapter.handleInternal(RequestMappingHandlerAdapter.java:797) ~[spring-webmvc-6.0.8.jar:6.0.8]
	at org.springframework.web.servlet.mvc.method.AbstractHandlerMethodAdapter.handle(AbstractHandlerMethodAdapter.java:87) ~[spring-webmvc-6.0.8.jar:6.0.8]
	at org.springframework.web.servlet.DispatcherServlet.doDispatch(DispatcherServlet.java:1081) ~[spring-webmvc-6.0.8.jar:6.0.8]
	at org.springframework.web.servlet.DispatcherServlet.doService(DispatcherServlet.java:974) ~[spring-webmvc-6.0.8.jar:6.0.8]
	at org.springframework.web.servlet.FrameworkServlet.processRequest(FrameworkServlet.java:1011) ~[spring-webmvc-6.0.8.jar:6.0.8]
	at org.springframework.web.servlet.FrameworkServlet.doPost(FrameworkServlet.java:914) ~[spring-webmvc-6.0.8.jar:6.0.8]
	at jakarta.servlet.http.HttpServlet.service(HttpServlet.java:590) ~[tomcat-embed-core-10.1.8.jar:6.0]
	at org.springframework.web.servlet.FrameworkServlet.service(FrameworkServlet.java:885) ~[spring-webmvc-6.0.8.jar:6.0.8]
	at jakarta.servlet.http.HttpServlet.service(HttpServlet.java:658) ~[tomcat-embed-core-10.1.8.jar:6.0]
	at org.apache.catalina.core.ApplicationFilterChain.internalDoFilter(ApplicationFilterChain.java:205) ~[tomcat-embed-core-10.1.8.jar:10.1.8]
	at org.apache.catalina.core.ApplicationFilterChain.doFilter(ApplicationFilterChain.java:149) ~[tomcat-embed-core-10.1.8.jar:10.1.8]
	at org.apache.tomcat.websocket.server.WsFilter.doFilter(WsFilter.java:51) ~[tomcat-embed-websocket-10.1.8.jar:10.1.8]
	at org.apache.catalina.core.ApplicationFilterChain.internalDoFilter(ApplicationFilterChain.java:174) ~[tomcat-embed-core-10.1.8.jar:10.1.8]
	at org.apache.catalina.core.ApplicationFilterChain.doFilter(ApplicationFilterChain.java:149) ~[tomcat-embed-core-10.1.8.jar:10.1.8]
	at org.springframework.web.filter.RequestContextFilter.doFilterInternal(RequestContextFilter.java:100) ~[spring-web-6.0.8.jar:6.0.8]
	at org.springframework.web.filter.OncePerRequestFilter.doFilter(OncePerRequestFilter.java:116) ~[spring-web-6.0.8.jar:6.0.8]
	at org.apache.catalina.core.ApplicationFilterChain.internalDoFilter(ApplicationFilterChain.java:174) ~[tomcat-embed-core-10.1.8.jar:10.1.8]
	at org.apache.catalina.core.ApplicationFilterChain.doFilter(ApplicationFilterChain.java:149) ~[tomcat-embed-core-10.1.8.jar:10.1.8]
	at org.springframework.web.filter.FormContentFilter.doFilterInternal(FormContentFilter.java:93) ~[spring-web-6.0.8.jar:6.0.8]
	at org.springframework.web.filter.OncePerRequestFilter.doFilter(OncePerRequestFilter.java:116) ~[spring-web-6.0.8.jar:6.0.8]
	at org.apache.catalina.core.ApplicationFilterChain.internalDoFilter(ApplicationFilterChain.java:174) ~[tomcat-embed-core-10.1.8.jar:10.1.8]
	at org.apache.catalina.core.ApplicationFilterChain.doFilter(ApplicationFilterChain.java:149) ~[tomcat-embed-core-10.1.8.jar:10.1.8]
	at org.springframework.web.filter.CharacterEncodingFilter.doFilterInternal(CharacterEncodingFilter.java:201) ~[spring-web-6.0.8.jar:6.0.8]
	at org.springframework.web.filter.OncePerRequestFilter.doFilter(OncePerRequestFilter.java:116) ~[spring-web-6.0.8.jar:6.0.8]
	at org.apache.catalina.core.ApplicationFilterChain.internalDoFilter(ApplicationFilterChain.java:174) ~[tomcat-embed-core-10.1.8.jar:10.1.8]
	at org.apache.catalina.core.ApplicationFilterChain.doFilter(ApplicationFilterChain.java:149) ~[tomcat-embed-core-10.1.8.jar:10.1.8]
	at org.apache.catalina.core.StandardWrapperValve.invoke(StandardWrapperValve.java:166) ~[tomcat-embed-core-10.1.8.jar:10.1.8]
	at org.apache.catalina.core.StandardContextValve.invoke(StandardContextValve.java:90) ~[tomcat-embed-core-10.1.8.jar:10.1.8]
	at org.apache.catalina.authenticator.AuthenticatorBase.invoke(AuthenticatorBase.java:482) ~[tomcat-embed-core-10.1.8.jar:10.1.8]
	at org.apache.catalina.core.StandardHostValve.invoke(StandardHostValve.java:115) ~[tomcat-embed-core-10.1.8.jar:10.1.8]
	at org.apache.catalina.valves.ErrorReportValve.invoke(ErrorReportValve.java:93) ~[tomcat-embed-core-10.1.8.jar:10.1.8]
	at org.apache.catalina.core.StandardEngineValve.invoke(StandardEngineValve.java:74) ~[tomcat-embed-core-10.1.8.jar:10.1.8]
	at org.apache.catalina.connector.CoyoteAdapter.service(CoyoteAdapter.java:341) ~[tomcat-embed-core-10.1.8.jar:10.1.8]
	at org.apache.coyote.http11.Http11Processor.service(Http11Processor.java:390) ~[tomcat-embed-core-10.1.8.jar:10.1.8]
	at org.apache.coyote.AbstractProcessorLight.process(AbstractProcessorLight.java:63) ~[tomcat-embed-core-10.1.8.jar:10.1.8]
	at org.apache.coyote.AbstractProtocol$ConnectionHandler.process(AbstractProtocol.java:894) ~[tomcat-embed-core-10.1.8.jar:10.1.8]
	at org.apache.tomcat.util.net.NioEndpoint$SocketProcessor.doRun(NioEndpoint.java:1741) ~[tomcat-embed-core-10.1.8.jar:10.1.8]
	at org.apache.tomcat.util.net.SocketProcessorBase.run(SocketProcessorBase.java:52) ~[tomcat-embed-core-10.1.8.jar:10.1.8]
	at org.apache.tomcat.util.threads.ThreadPoolExecutor.runWorker(ThreadPoolExecutor.java:1191) ~[tomcat-embed-core-10.1.8.jar:10.1.8]
	at org.apache.tomcat.util.threads.ThreadPoolExecutor$Worker.run(ThreadPoolExecutor.java:659) ~[tomcat-embed-core-10.1.8.jar:10.1.8]
	at org.apache.tomcat.util.threads.TaskThread$WrappingRunnable.run(TaskThread.java:61) ~[tomcat-embed-core-10.1.8.jar:10.1.8]
	at java.base/java.lang.Thread.run(Thread.java:833) ~[na:na]

2023-05-06T17:03:32.604+08:00  INFO 25649 --- [SpringApplicationShutdownHook] j.LocalContainerEntityManagerFactoryBean : Closing JPA EntityManagerFactory for persistence unit 'default'
2023-05-06T17:03:32.615+08:00  INFO 25649 --- [SpringApplicationShutdownHook] com.zaxxer.hikari.HikariDataSource       : HikariPool-1 - Shutdown initiated...
2023-05-06T17:03:32.616+08:00  INFO 25649 --- [SpringApplicationShutdownHook] com.zaxxer.hikari.HikariDataSource       : HikariPool-1 - Shutdown completed.
2023-05-06T17:03:35.276+08:00  INFO 25952 --- [main] c.lyl.byyouside.ByYouSideApplicationKt   : Starting ByYouSideApplicationKt using Java 17.0.7 with PID 25952 (/Users/lyl/developer/project/me/ByYourSide/web/ByYouSide/build/classes/kotlin/main started by lyl in /Users/lyl/developer/project/me/ByYourSide/web/ByYouSide)
2023-05-06T17:03:35.277+08:00  INFO 25952 --- [main] c.lyl.byyouside.ByYouSideApplicationKt   : The following 1 profile is active: "dev"
2023-05-06T17:03:35.735+08:00  INFO 25952 --- [main] .s.d.r.c.RepositoryConfigurationDelegate : Bootstrapping Spring Data JPA repositories in DEFAULT mode.
2023-05-06T17:03:35.762+08:00  INFO 25952 --- [main] .s.d.r.c.RepositoryConfigurationDelegate : Finished Spring Data repository scanning in 24 ms. Found 5 JPA repository interfaces.
2023-05-06T17:03:35.977+08:00  INFO 25952 --- [main] o.s.b.w.embedded.tomcat.TomcatWebServer  : Tomcat initialized with port(s): 8080 (http)
2023-05-06T17:03:35.981+08:00  INFO 25952 --- [main] o.apache.catalina.core.StandardService   : Starting service [Tomcat]
2023-05-06T17:03:35.982+08:00  INFO 25952 --- [main] o.apache.catalina.core.StandardEngine    : Starting Servlet engine: [Apache Tomcat/10.1.8]
2023-05-06T17:03:36.016+08:00  INFO 25952 --- [main] o.a.c.c.C.[Tomcat].[localhost].[/]       : Initializing Spring embedded WebApplicationContext
2023-05-06T17:03:36.016+08:00  INFO 25952 --- [main] w.s.c.ServletWebServerApplicationContext : Root WebApplicationContext: initialization completed in 720 ms
2023-05-06T17:03:36.028+08:00  INFO 25952 --- [main] com.zaxxer.hikari.HikariDataSource       : HikariPool-1 - Starting...
2023-05-06T17:03:36.135+08:00  INFO 25952 --- [main] com.zaxxer.hikari.pool.HikariPool        : HikariPool-1 - Added connection conn0: url=jdbc:h2:file:./ByYourSide/config/db/.h2/side_db user=ROOT
2023-05-06T17:03:36.135+08:00  INFO 25952 --- [main] com.zaxxer.hikari.HikariDataSource       : HikariPool-1 - Start completed.
2023-05-06T17:03:36.140+08:00  INFO 25952 --- [main] o.s.b.a.h2.H2ConsoleAutoConfiguration    : H2 console available at '/h2-console'. Database available at 'jdbc:h2:file:./ByYourSide/config/db/.h2/side_db'
2023-05-06T17:03:36.330+08:00  INFO 25952 --- [main] o.s.o.j.p.SpringPersistenceUnitInfo      : No LoadTimeWeaver setup: ignoring JPA class transformer
2023-05-06T17:03:36.350+08:00  INFO 25952 --- [main] SQL dialect                              : HHH000400: Using dialect: org.hibernate.dialect.H2Dialect, version: 2.1.214
2023-05-06T17:03:36.714+08:00  INFO 25952 --- [main] j.LocalContainerEntityManagerFactoryBean : Initialized JPA EntityManagerFactory for persistence unit 'default'
2023-05-06T17:03:37.049+08:00  WARN 25952 --- [main] JpaBaseConfiguration$JpaWebConfiguration : spring.jpa.open-in-view is enabled by default. Therefore, database queries may be performed during view rendering. Explicitly configure spring.jpa.open-in-view to disable this warning
2023-05-06T17:03:37.177+08:00  INFO 25952 --- [main] o.s.b.w.embedded.tomcat.TomcatWebServer  : Tomcat started on port(s): 8080 (http) with context path ''
2023-05-06T17:03:37.182+08:00  INFO 25952 --- [main] c.lyl.byyouside.ByYouSideApplicationKt   : Started ByYouSideApplicationKt in 2.065 seconds (process running for 2.442)
2023-05-06T17:04:02.185+08:00  INFO 25952 --- [http-nio-8080-exec-1] o.a.c.c.C.[Tomcat].[localhost].[/]       : Initializing Spring DispatcherServlet 'dispatcherServlet'
2023-05-06T17:04:02.185+08:00  INFO 25952 --- [http-nio-8080-exec-1] o.s.web.servlet.DispatcherServlet        : Initializing Servlet 'dispatcherServlet'
2023-05-06T17:04:02.188+08:00  INFO 25952 --- [http-nio-8080-exec-1] o.s.web.servlet.DispatcherServlet        : Completed initialization in 3 ms
2023-05-06T17:05:11.859+08:00 ERROR 25952 --- [http-nio-8080-exec-3] o.h.engine.jdbc.spi.SqlExceptionHelper   : Syntax error in SQL statement "select u1_0.id,u1_0.birthday,u1_0.city,u1_0.close_date,u1_0.create_time,u1_0.email,u1_0.gender,u1_0.icon,u1_0.introduction,u1_0.nick_name,u1_0.password,u1_0.phone,u1_0.province,u1_0.update_time,u1_0.user_name,u1_0.vip_grade,u1_0.vip_limit_date from [*]user u1_0"; expected "identifier"; SQL statement:
select u1_0.id,u1_0.birthday,u1_0.city,u1_0.close_date,u1_0.create_time,u1_0.email,u1_0.gender,u1_0.icon,u1_0.introduction,u1_0.nick_name,u1_0.password,u1_0.phone,u1_0.province,u1_0.update_time,u1_0.user_name,u1_0.vip_grade,u1_0.vip_limit_date from user u1_0 [42001-214]
2023-05-06T17:05:11.864+08:00 ERROR 25952 --- [http-nio-8080-exec-3] o.a.c.c.C.[.[.[/].[dispatcherServlet]    : Servlet.service() for servlet [dispatcherServlet] in context with path [] threw exception [Request processing failed: org.springframework.dao.InvalidDataAccessResourceUsageException: could not prepare statement [Syntax error in SQL statement "select u1_0.id,u1_0.birthday,u1_0.city,u1_0.close_date,u1_0.create_time,u1_0.email,u1_0.gender,u1_0.icon,u1_0.introduction,u1_0.nick_name,u1_0.password,u1_0.phone,u1_0.province,u1_0.update_time,u1_0.user_name,u1_0.vip_grade,u1_0.vip_limit_date from [*]user u1_0"; expected "identifier"; SQL statement:
select u1_0.id,u1_0.birthday,u1_0.city,u1_0.close_date,u1_0.create_time,u1_0.email,u1_0.gender,u1_0.icon,u1_0.introduction,u1_0.nick_name,u1_0.password,u1_0.phone,u1_0.province,u1_0.update_time,u1_0.user_name,u1_0.vip_grade,u1_0.vip_limit_date from user u1_0 [42001-214]] [select u1_0.id,u1_0.birthday,u1_0.city,u1_0.close_date,u1_0.create_time,u1_0.email,u1_0.gender,u1_0.icon,u1_0.introduction,u1_0.nick_name,u1_0.password,u1_0.phone,u1_0.province,u1_0.update_time,u1_0.user_name,u1_0.vip_grade,u1_0.vip_limit_date from user u1_0]; SQL [select u1_0.id,u1_0.birthday,u1_0.city,u1_0.close_date,u1_0.create_time,u1_0.email,u1_0.gender,u1_0.icon,u1_0.introduction,u1_0.nick_name,u1_0.password,u1_0.phone,u1_0.province,u1_0.update_time,u1_0.user_name,u1_0.vip_grade,u1_0.vip_limit_date from user u1_0]] with root cause

org.h2.jdbc.JdbcSQLSyntaxErrorException: Syntax error in SQL statement "select u1_0.id,u1_0.birthday,u1_0.city,u1_0.close_date,u1_0.create_time,u1_0.email,u1_0.gender,u1_0.icon,u1_0.introduction,u1_0.nick_name,u1_0.password,u1_0.phone,u1_0.province,u1_0.update_time,u1_0.user_name,u1_0.vip_grade,u1_0.vip_limit_date from [*]user u1_0"; expected "identifier"; SQL statement:
select u1_0.id,u1_0.birthday,u1_0.city,u1_0.close_date,u1_0.create_time,u1_0.email,u1_0.gender,u1_0.icon,u1_0.introduction,u1_0.nick_name,u1_0.password,u1_0.phone,u1_0.province,u1_0.update_time,u1_0.user_name,u1_0.vip_grade,u1_0.vip_limit_date from user u1_0 [42001-214]
	at org.h2.message.DbException.getJdbcSQLException(DbException.java:502) ~[h2-2.1.214.jar:2.1.214]
	at org.h2.message.DbException.getJdbcSQLException(DbException.java:477) ~[h2-2.1.214.jar:2.1.214]
	at org.h2.message.DbException.getSyntaxError(DbException.java:261) ~[h2-2.1.214.jar:2.1.214]
	at org.h2.command.Parser.readIdentifier(Parser.java:5656) ~[h2-2.1.214.jar:2.1.214]
	at org.h2.command.Parser.readTablePrimary(Parser.java:1814) ~[h2-2.1.214.jar:2.1.214]
	at org.h2.command.Parser.readTableReference(Parser.java:2334) ~[h2-2.1.214.jar:2.1.214]
	at org.h2.command.Parser.parseSelectFromPart(Parser.java:2772) ~[h2-2.1.214.jar:2.1.214]
	at org.h2.command.Parser.parseSelect(Parser.java:2878) ~[h2-2.1.214.jar:2.1.214]
	at org.h2.command.Parser.parseQueryPrimary(Parser.java:2762) ~[h2-2.1.214.jar:2.1.214]
	at org.h2.command.Parser.parseQueryTerm(Parser.java:2633) ~[h2-2.1.214.jar:2.1.214]
	at org.h2.command.Parser.parseQueryExpressionBody(Parser.java:2612) ~[h2-2.1.214.jar:2.1.214]
	at org.h2.command.Parser.parseQueryExpressionBodyAndEndOfQuery(Parser.java:2605) ~[h2-2.1.214.jar:2.1.214]
	at org.h2.command.Parser.parseQueryExpression(Parser.java:2598) ~[h2-2.1.214.jar:2.1.214]
	at org.h2.command.Parser.parseQuery(Parser.java:2567) ~[h2-2.1.214.jar:2.1.214]
	at org.h2.command.Parser.parsePrepared(Parser.java:724) ~[h2-2.1.214.jar:2.1.214]
	at org.h2.command.Parser.parse(Parser.java:689) ~[h2-2.1.214.jar:2.1.214]
	at org.h2.command.Parser.parse(Parser.java:661) ~[h2-2.1.214.jar:2.1.214]
	at org.h2.command.Parser.prepareCommand(Parser.java:569) ~[h2-2.1.214.jar:2.1.214]
	at org.h2.engine.SessionLocal.prepareLocal(SessionLocal.java:631) ~[h2-2.1.214.jar:2.1.214]
	at org.h2.engine.SessionLocal.prepareCommand(SessionLocal.java:554) ~[h2-2.1.214.jar:2.1.214]
	at org.h2.jdbc.JdbcConnection.prepareCommand(JdbcConnection.java:1116) ~[h2-2.1.214.jar:2.1.214]
	at org.h2.jdbc.JdbcPreparedStatement.<init>(JdbcPreparedStatement.java:92) ~[h2-2.1.214.jar:2.1.214]
	at org.h2.jdbc.JdbcConnection.prepareStatement(JdbcConnection.java:288) ~[h2-2.1.214.jar:2.1.214]
	at com.zaxxer.hikari.pool.ProxyConnection.prepareStatement(ProxyConnection.java:327) ~[HikariCP-5.0.1.jar:na]
	at com.zaxxer.hikari.pool.HikariProxyConnection.prepareStatement(HikariProxyConnection.java) ~[HikariCP-5.0.1.jar:na]
	at org.hibernate.engine.jdbc.internal.StatementPreparerImpl$1.doPrepare(StatementPreparerImpl.java:91) ~[hibernate-core-6.2.1.Final.jar:6.2.1.Final]
	at org.hibernate.engine.jdbc.internal.StatementPreparerImpl$StatementPreparationTemplate.prepareStatement(StatementPreparerImpl.java:177) ~[hibernate-core-6.2.1.Final.jar:6.2.1.Final]
	at org.hibernate.engine.jdbc.internal.StatementPreparerImpl.prepareStatement(StatementPreparerImpl.java:76) ~[hibernate-core-6.2.1.Final.jar:6.2.1.Final]
	at org.hibernate.sql.exec.internal.JdbcSelectExecutorStandardImpl.lambda$list$0(JdbcSelectExecutorStandardImpl.java:102) ~[hibernate-core-6.2.1.Final.jar:6.2.1.Final]
	at org.hibernate.sql.results.jdbc.internal.DeferredResultSetAccess.executeQuery(DeferredResultSetAccess.java:227) ~[hibernate-core-6.2.1.Final.jar:6.2.1.Final]
	at org.hibernate.sql.results.jdbc.internal.DeferredResultSetAccess.getResultSet(DeferredResultSetAccess.java:164) ~[hibernate-core-6.2.1.Final.jar:6.2.1.Final]
	at org.hibernate.sql.results.jdbc.internal.JdbcValuesResultSetImpl.advanceNext(JdbcValuesResultSetImpl.java:204) ~[hibernate-core-6.2.1.Final.jar:6.2.1.Final]
	at org.hibernate.sql.results.jdbc.internal.JdbcValuesResultSetImpl.processNext(JdbcValuesResultSetImpl.java:84) ~[hibernate-core-6.2.1.Final.jar:6.2.1.Final]
	at org.hibernate.sql.results.jdbc.internal.AbstractJdbcValues.next(AbstractJdbcValues.java:29) ~[hibernate-core-6.2.1.Final.jar:6.2.1.Final]
	at org.hibernate.sql.results.internal.RowProcessingStateStandardImpl.next(RowProcessingStateStandardImpl.java:62) ~[hibernate-core-6.2.1.Final.jar:6.2.1.Final]
	at org.hibernate.sql.results.spi.ListResultsConsumer.consume(ListResultsConsumer.java:198) ~[hibernate-core-6.2.1.Final.jar:6.2.1.Final]
	at org.hibernate.sql.results.spi.ListResultsConsumer.consume(ListResultsConsumer.java:33) ~[hibernate-core-6.2.1.Final.jar:6.2.1.Final]
	at org.hibernate.sql.exec.internal.JdbcSelectExecutorStandardImpl.doExecuteQuery(JdbcSelectExecutorStandardImpl.java:362) ~[hibernate-core-6.2.1.Final.jar:6.2.1.Final]
	at org.hibernate.sql.exec.internal.JdbcSelectExecutorStandardImpl.executeQuery(JdbcSelectExecutorStandardImpl.java:168) ~[hibernate-core-6.2.1.Final.jar:6.2.1.Final]
	at org.hibernate.sql.exec.internal.JdbcSelectExecutorStandardImpl.list(JdbcSelectExecutorStandardImpl.java:93) ~[hibernate-core-6.2.1.Final.jar:6.2.1.Final]
	at org.hibernate.sql.exec.spi.JdbcSelectExecutor.list(JdbcSelectExecutor.java:31) ~[hibernate-core-6.2.1.Final.jar:6.2.1.Final]
	at org.hibernate.query.sqm.internal.ConcreteSqmSelectQueryPlan.lambda$new$0(ConcreteSqmSelectQueryPlan.java:109) ~[hibernate-core-6.2.1.Final.jar:6.2.1.Final]
	at org.hibernate.query.sqm.internal.ConcreteSqmSelectQueryPlan.withCacheableSqmInterpretation(ConcreteSqmSelectQueryPlan.java:302) ~[hibernate-core-6.2.1.Final.jar:6.2.1.Final]
	at org.hibernate.query.sqm.internal.ConcreteSqmSelectQueryPlan.performList(ConcreteSqmSelectQueryPlan.java:243) ~[hibernate-core-6.2.1.Final.jar:6.2.1.Final]
	at org.hibernate.query.sqm.internal.QuerySqmImpl.doList(QuerySqmImpl.java:521) ~[hibernate-core-6.2.1.Final.jar:6.2.1.Final]
	at org.hibernate.query.spi.AbstractSelectionQuery.list(AbstractSelectionQuery.java:367) ~[hibernate-core-6.2.1.Final.jar:6.2.1.Final]
	at org.hibernate.query.sqm.internal.QuerySqmImpl.list(QuerySqmImpl.java:1084) ~[hibernate-core-6.2.1.Final.jar:6.2.1.Final]
	at org.hibernate.query.Query.getResultList(Query.java:119) ~[hibernate-core-6.2.1.Final.jar:6.2.1.Final]
	at org.springframework.data.jpa.repository.support.SimpleJpaRepository.findAll(SimpleJpaRepository.java:408) ~[spring-data-jpa-3.1.0-RC1.jar:3.1.0-RC1]
	at java.base/jdk.internal.reflect.NativeMethodAccessorImpl.invoke0(Native Method) ~[na:na]
	at java.base/jdk.internal.reflect.NativeMethodAccessorImpl.invoke(NativeMethodAccessorImpl.java:77) ~[na:na]
	at java.base/jdk.internal.reflect.DelegatingMethodAccessorImpl.invoke(DelegatingMethodAccessorImpl.java:43) ~[na:na]
	at java.base/java.lang.reflect.Method.invoke(Method.java:568) ~[na:na]
	at org.springframework.data.repository.core.support.RepositoryMethodInvoker$RepositoryFragmentMethodInvoker.lambda$new$0(RepositoryMethodInvoker.java:288) ~[spring-data-commons-3.1.0-RC1.jar:3.1.0-RC1]
	at org.springframework.data.repository.core.support.RepositoryMethodInvoker.doInvoke(RepositoryMethodInvoker.java:136) ~[spring-data-commons-3.1.0-RC1.jar:3.1.0-RC1]
	at org.springframework.data.repository.core.support.RepositoryMethodInvoker.invoke(RepositoryMethodInvoker.java:120) ~[spring-data-commons-3.1.0-RC1.jar:3.1.0-RC1]
	at org.springframework.data.repository.core.support.RepositoryComposition$RepositoryFragments.invoke(RepositoryComposition.java:516) ~[spring-data-commons-3.1.0-RC1.jar:3.1.0-RC1]
	at org.springframework.data.repository.core.support.RepositoryComposition.invoke(RepositoryComposition.java:285) ~[spring-data-commons-3.1.0-RC1.jar:3.1.0-RC1]
	at org.springframework.data.repository.core.support.RepositoryFactorySupport$ImplementationMethodExecutionInterceptor.invoke(RepositoryFactorySupport.java:628) ~[spring-data-commons-3.1.0-RC1.jar:3.1.0-RC1]
	at org.springframework.aop.framework.ReflectiveMethodInvocation.proceed(ReflectiveMethodInvocation.java:184) ~[spring-aop-6.0.8.jar:6.0.8]
	at org.springframework.data.repository.core.support.QueryExecutorMethodInterceptor.doInvoke(QueryExecutorMethodInterceptor.java:168) ~[spring-data-commons-3.1.0-RC1.jar:3.1.0-RC1]
	at org.springframework.data.repository.core.support.QueryExecutorMethodInterceptor.invoke(QueryExecutorMethodInterceptor.java:143) ~[spring-data-commons-3.1.0-RC1.jar:3.1.0-RC1]
	at org.springframework.aop.framework.ReflectiveMethodInvocation.proceed(ReflectiveMethodInvocation.java:184) ~[spring-aop-6.0.8.jar:6.0.8]
	at org.springframework.data.projection.DefaultMethodInvokingMethodInterceptor.invoke(DefaultMethodInvokingMethodInterceptor.java:77) ~[spring-data-commons-3.1.0-RC1.jar:3.1.0-RC1]
	at org.springframework.aop.framework.ReflectiveMethodInvocation.proceed(ReflectiveMethodInvocation.java:184) ~[spring-aop-6.0.8.jar:6.0.8]
	at org.springframework.transaction.interceptor.TransactionInterceptor$1.proceedWithInvocation(TransactionInterceptor.java:123) ~[spring-tx-6.0.8.jar:6.0.8]
	at org.springframework.transaction.interceptor.TransactionAspectSupport.invokeWithinTransaction(TransactionAspectSupport.java:391) ~[spring-tx-6.0.8.jar:6.0.8]
	at org.springframework.transaction.interceptor.TransactionInterceptor.invoke(TransactionInterceptor.java:119) ~[spring-tx-6.0.8.jar:6.0.8]
	at org.springframework.aop.framework.ReflectiveMethodInvocation.proceed(ReflectiveMethodInvocation.java:184) ~[spring-aop-6.0.8.jar:6.0.8]
	at org.springframework.dao.support.PersistenceExceptionTranslationInterceptor.invoke(PersistenceExceptionTranslationInterceptor.java:137) ~[spring-tx-6.0.8.jar:6.0.8]
	at org.springframework.aop.framework.ReflectiveMethodInvocation.proceed(ReflectiveMethodInvocation.java:184) ~[spring-aop-6.0.8.jar:6.0.8]
	at org.springframework.data.jpa.repository.support.CrudMethodMetadataPostProcessor$CrudMethodMetadataPopulatingMethodInterceptor.invoke(CrudMethodMetadataPostProcessor.java:163) ~[spring-data-jpa-3.1.0-RC1.jar:3.1.0-RC1]
	at org.springframework.aop.framework.ReflectiveMethodInvocation.proceed(ReflectiveMethodInvocation.java:184) ~[spring-aop-6.0.8.jar:6.0.8]
	at org.springframework.aop.interceptor.ExposeInvocationInterceptor.invoke(ExposeInvocationInterceptor.java:97) ~[spring-aop-6.0.8.jar:6.0.8]
	at org.springframework.aop.framework.ReflectiveMethodInvocation.proceed(ReflectiveMethodInvocation.java:184) ~[spring-aop-6.0.8.jar:6.0.8]
	at org.springframework.data.repository.core.support.MethodInvocationValidator.invoke(MethodInvocationValidator.java:94) ~[spring-data-commons-3.1.0-RC1.jar:3.1.0-RC1]
	at org.springframework.aop.framework.ReflectiveMethodInvocation.proceed(ReflectiveMethodInvocation.java:184) ~[spring-aop-6.0.8.jar:6.0.8]
	at org.springframework.aop.framework.JdkDynamicAopProxy.invoke(JdkDynamicAopProxy.java:223) ~[spring-aop-6.0.8.jar:6.0.8]
	at jdk.proxy2/jdk.proxy2.$Proxy131.findAll(Unknown Source) ~[na:na]
	at com.lyl.byyouside.controller.api.UserController.getAllUser(UserController.kt:131) ~[main/:na]
	at java.base/jdk.internal.reflect.NativeMethodAccessorImpl.invoke0(Native Method) ~[na:na]
	at java.base/jdk.internal.reflect.NativeMethodAccessorImpl.invoke(NativeMethodAccessorImpl.java:77) ~[na:na]
	at java.base/jdk.internal.reflect.DelegatingMethodAccessorImpl.invoke(DelegatingMethodAccessorImpl.java:43) ~[na:na]
	at java.base/java.lang.reflect.Method.invoke(Method.java:568) ~[na:na]
	at org.springframework.web.method.support.InvocableHandlerMethod.doInvoke(InvocableHandlerMethod.java:207) ~[spring-web-6.0.8.jar:6.0.8]
	at org.springframework.web.method.support.InvocableHandlerMethod.invokeForRequest(InvocableHandlerMethod.java:152) ~[spring-web-6.0.8.jar:6.0.8]
	at org.springframework.web.servlet.mvc.method.annotation.ServletInvocableHandlerMethod.invokeAndHandle(ServletInvocableHandlerMethod.java:118) ~[spring-webmvc-6.0.8.jar:6.0.8]
	at org.springframework.web.servlet.mvc.method.annotation.RequestMappingHandlerAdapter.invokeHandlerMethod(RequestMappingHandlerAdapter.java:884) ~[spring-webmvc-6.0.8.jar:6.0.8]
	at org.springframework.web.servlet.mvc.method.annotation.RequestMappingHandlerAdapter.handleInternal(RequestMappingHandlerAdapter.java:797) ~[spring-webmvc-6.0.8.jar:6.0.8]
	at org.springframework.web.servlet.mvc.method.AbstractHandlerMethodAdapter.handle(AbstractHandlerMethodAdapter.java:87) ~[spring-webmvc-6.0.8.jar:6.0.8]
	at org.springframework.web.servlet.DispatcherServlet.doDispatch(DispatcherServlet.java:1081) ~[spring-webmvc-6.0.8.jar:6.0.8]
	at org.springframework.web.servlet.DispatcherServlet.doService(DispatcherServlet.java:974) ~[spring-webmvc-6.0.8.jar:6.0.8]
	at org.springframework.web.servlet.FrameworkServlet.processRequest(FrameworkServlet.java:1011) ~[spring-webmvc-6.0.8.jar:6.0.8]
	at org.springframework.web.servlet.FrameworkServlet.doPost(FrameworkServlet.java:914) ~[spring-webmvc-6.0.8.jar:6.0.8]
	at jakarta.servlet.http.HttpServlet.service(HttpServlet.java:590) ~[tomcat-embed-core-10.1.8.jar:6.0]
	at org.springframework.web.servlet.FrameworkServlet.service(FrameworkServlet.java:885) ~[spring-webmvc-6.0.8.jar:6.0.8]
	at jakarta.servlet.http.HttpServlet.service(HttpServlet.java:658) ~[tomcat-embed-core-10.1.8.jar:6.0]
	at org.apache.catalina.core.ApplicationFilterChain.internalDoFilter(ApplicationFilterChain.java:205) ~[tomcat-embed-core-10.1.8.jar:10.1.8]
	at org.apache.catalina.core.ApplicationFilterChain.doFilter(ApplicationFilterChain.java:149) ~[tomcat-embed-core-10.1.8.jar:10.1.8]
	at org.apache.tomcat.websocket.server.WsFilter.doFilter(WsFilter.java:51) ~[tomcat-embed-websocket-10.1.8.jar:10.1.8]
	at org.apache.catalina.core.ApplicationFilterChain.internalDoFilter(ApplicationFilterChain.java:174) ~[tomcat-embed-core-10.1.8.jar:10.1.8]
	at org.apache.catalina.core.ApplicationFilterChain.doFilter(ApplicationFilterChain.java:149) ~[tomcat-embed-core-10.1.8.jar:10.1.8]
	at org.springframework.web.filter.RequestContextFilter.doFilterInternal(RequestContextFilter.java:100) ~[spring-web-6.0.8.jar:6.0.8]
	at org.springframework.web.filter.OncePerRequestFilter.doFilter(OncePerRequestFilter.java:116) ~[spring-web-6.0.8.jar:6.0.8]
	at org.apache.catalina.core.ApplicationFilterChain.internalDoFilter(ApplicationFilterChain.java:174) ~[tomcat-embed-core-10.1.8.jar:10.1.8]
	at org.apache.catalina.core.ApplicationFilterChain.doFilter(ApplicationFilterChain.java:149) ~[tomcat-embed-core-10.1.8.jar:10.1.8]
	at org.springframework.web.filter.FormContentFilter.doFilterInternal(FormContentFilter.java:93) ~[spring-web-6.0.8.jar:6.0.8]
	at org.springframework.web.filter.OncePerRequestFilter.doFilter(OncePerRequestFilter.java:116) ~[spring-web-6.0.8.jar:6.0.8]
	at org.apache.catalina.core.ApplicationFilterChain.internalDoFilter(ApplicationFilterChain.java:174) ~[tomcat-embed-core-10.1.8.jar:10.1.8]
	at org.apache.catalina.core.ApplicationFilterChain.doFilter(ApplicationFilterChain.java:149) ~[tomcat-embed-core-10.1.8.jar:10.1.8]
	at org.springframework.web.filter.CharacterEncodingFilter.doFilterInternal(CharacterEncodingFilter.java:201) ~[spring-web-6.0.8.jar:6.0.8]
	at org.springframework.web.filter.OncePerRequestFilter.doFilter(OncePerRequestFilter.java:116) ~[spring-web-6.0.8.jar:6.0.8]
	at org.apache.catalina.core.ApplicationFilterChain.internalDoFilter(ApplicationFilterChain.java:174) ~[tomcat-embed-core-10.1.8.jar:10.1.8]
	at org.apache.catalina.core.ApplicationFilterChain.doFilter(ApplicationFilterChain.java:149) ~[tomcat-embed-core-10.1.8.jar:10.1.8]
	at org.apache.catalina.core.StandardWrapperValve.invoke(StandardWrapperValve.java:166) ~[tomcat-embed-core-10.1.8.jar:10.1.8]
	at org.apache.catalina.core.StandardContextValve.invoke(StandardContextValve.java:90) ~[tomcat-embed-core-10.1.8.jar:10.1.8]
	at org.apache.catalina.authenticator.AuthenticatorBase.invoke(AuthenticatorBase.java:482) ~[tomcat-embed-core-10.1.8.jar:10.1.8]
	at org.apache.catalina.core.StandardHostValve.invoke(StandardHostValve.java:115) ~[tomcat-embed-core-10.1.8.jar:10.1.8]
	at org.apache.catalina.valves.ErrorReportValve.invoke(ErrorReportValve.java:93) ~[tomcat-embed-core-10.1.8.jar:10.1.8]
	at org.apache.catalina.core.StandardEngineValve.invoke(StandardEngineValve.java:74) ~[tomcat-embed-core-10.1.8.jar:10.1.8]
	at org.apache.catalina.connector.CoyoteAdapter.service(CoyoteAdapter.java:341) ~[tomcat-embed-core-10.1.8.jar:10.1.8]
	at org.apache.coyote.http11.Http11Processor.service(Http11Processor.java:390) ~[tomcat-embed-core-10.1.8.jar:10.1.8]
	at org.apache.coyote.AbstractProcessorLight.process(AbstractProcessorLight.java:63) ~[tomcat-embed-core-10.1.8.jar:10.1.8]
	at org.apache.coyote.AbstractProtocol$ConnectionHandler.process(AbstractProtocol.java:894) ~[tomcat-embed-core-10.1.8.jar:10.1.8]
	at org.apache.tomcat.util.net.NioEndpoint$SocketProcessor.doRun(NioEndpoint.java:1741) ~[tomcat-embed-core-10.1.8.jar:10.1.8]
	at org.apache.tomcat.util.net.SocketProcessorBase.run(SocketProcessorBase.java:52) ~[tomcat-embed-core-10.1.8.jar:10.1.8]
	at org.apache.tomcat.util.threads.ThreadPoolExecutor.runWorker(ThreadPoolExecutor.java:1191) ~[tomcat-embed-core-10.1.8.jar:10.1.8]
	at org.apache.tomcat.util.threads.ThreadPoolExecutor$Worker.run(ThreadPoolExecutor.java:659) ~[tomcat-embed-core-10.1.8.jar:10.1.8]
	at org.apache.tomcat.util.threads.TaskThread$WrappingRunnable.run(TaskThread.java:61) ~[tomcat-embed-core-10.1.8.jar:10.1.8]
	at java.base/java.lang.Thread.run(Thread.java:833) ~[na:na]

2023-05-06T17:07:12.609+08:00  INFO 25952 --- [SpringApplicationShutdownHook] j.LocalContainerEntityManagerFactoryBean : Closing JPA EntityManagerFactory for persistence unit 'default'
2023-05-06T17:07:12.611+08:00  INFO 25952 --- [SpringApplicationShutdownHook] com.zaxxer.hikari.HikariDataSource       : HikariPool-1 - Shutdown initiated...
2023-05-06T17:07:12.612+08:00  INFO 25952 --- [SpringApplicationShutdownHook] com.zaxxer.hikari.HikariDataSource       : HikariPool-1 - Shutdown completed.
2023-05-06T17:07:15.002+08:00  INFO 26148 --- [main] c.lyl.byyouside.ByYouSideApplicationKt   : Starting ByYouSideApplicationKt using Java 17.0.7 with PID 26148 (/Users/lyl/developer/project/me/ByYourSide/web/ByYouSide/build/classes/kotlin/main started by lyl in /Users/lyl/developer/project/me/ByYourSide/web/ByYouSide)
2023-05-06T17:07:15.003+08:00  INFO 26148 --- [main] c.lyl.byyouside.ByYouSideApplicationKt   : The following 1 profile is active: "dev"
2023-05-06T17:07:15.457+08:00  INFO 26148 --- [main] .s.d.r.c.RepositoryConfigurationDelegate : Bootstrapping Spring Data JPA repositories in DEFAULT mode.
2023-05-06T17:07:15.485+08:00  INFO 26148 --- [main] .s.d.r.c.RepositoryConfigurationDelegate : Finished Spring Data repository scanning in 23 ms. Found 5 JPA repository interfaces.
2023-05-06T17:07:15.701+08:00  INFO 26148 --- [main] o.s.b.w.embedded.tomcat.TomcatWebServer  : Tomcat initialized with port(s): 8080 (http)
2023-05-06T17:07:15.705+08:00  INFO 26148 --- [main] o.apache.catalina.core.StandardService   : Starting service [Tomcat]
2023-05-06T17:07:15.705+08:00  INFO 26148 --- [main] o.apache.catalina.core.StandardEngine    : Starting Servlet engine: [Apache Tomcat/10.1.8]
2023-05-06T17:07:15.745+08:00  INFO 26148 --- [main] o.a.c.c.C.[Tomcat].[localhost].[/]       : Initializing Spring embedded WebApplicationContext
2023-05-06T17:07:15.745+08:00  INFO 26148 --- [main] w.s.c.ServletWebServerApplicationContext : Root WebApplicationContext: initialization completed in 716 ms
2023-05-06T17:07:15.760+08:00  INFO 26148 --- [main] com.zaxxer.hikari.HikariDataSource       : HikariPool-1 - Starting...
2023-05-06T17:07:15.879+08:00  INFO 26148 --- [main] com.zaxxer.hikari.pool.HikariPool        : HikariPool-1 - Added connection conn0: url=jdbc:h2:file:./ByYourSide/config/db/.h2/side_db user=ROOT
2023-05-06T17:07:15.879+08:00  INFO 26148 --- [main] com.zaxxer.hikari.HikariDataSource       : HikariPool-1 - Start completed.
2023-05-06T17:07:15.885+08:00  INFO 26148 --- [main] o.s.b.a.h2.H2ConsoleAutoConfiguration    : H2 console available at '/h2-console'. Database available at 'jdbc:h2:file:./ByYourSide/config/db/.h2/side_db'
2023-05-06T17:07:16.082+08:00  INFO 26148 --- [main] o.s.o.j.p.SpringPersistenceUnitInfo      : No LoadTimeWeaver setup: ignoring JPA class transformer
2023-05-06T17:07:16.103+08:00  INFO 26148 --- [main] SQL dialect                              : HHH000400: Using dialect: org.hibernate.dialect.H2Dialect, version: 2.1.214
2023-05-06T17:07:16.487+08:00  INFO 26148 --- [main] j.LocalContainerEntityManagerFactoryBean : Initialized JPA EntityManagerFactory for persistence unit 'default'
2023-05-06T17:07:16.853+08:00  WARN 26148 --- [main] JpaBaseConfiguration$JpaWebConfiguration : spring.jpa.open-in-view is enabled by default. Therefore, database queries may be performed during view rendering. Explicitly configure spring.jpa.open-in-view to disable this warning
2023-05-06T17:07:16.983+08:00  INFO 26148 --- [main] o.s.b.w.embedded.tomcat.TomcatWebServer  : Tomcat started on port(s): 8080 (http) with context path ''
2023-05-06T17:07:16.987+08:00  INFO 26148 --- [main] c.lyl.byyouside.ByYouSideApplicationKt   : Started ByYouSideApplicationKt in 2.146 seconds (process running for 2.565)
2023-05-06T17:07:21.031+08:00  INFO 26148 --- [http-nio-8080-exec-1] o.a.c.c.C.[Tomcat].[localhost].[/]       : Initializing Spring DispatcherServlet 'dispatcherServlet'
2023-05-06T17:07:21.032+08:00  INFO 26148 --- [http-nio-8080-exec-1] o.s.web.servlet.DispatcherServlet        : Initializing Servlet 'dispatcherServlet'
2023-05-06T17:07:21.035+08:00  INFO 26148 --- [http-nio-8080-exec-1] o.s.web.servlet.DispatcherServlet        : Completed initialization in 3 ms
2023-05-06T17:07:21.100+08:00 ERROR 26148 --- [http-nio-8080-exec-1] o.h.engine.jdbc.spi.SqlExceptionHelper   : Syntax error in SQL statement "select u1_0.id,u1_0.birthday,u1_0.city,u1_0.close_date,u1_0.create_time,u1_0.email,u1_0.gender,u1_0.icon,u1_0.introduction,u1_0.nick_name,u1_0.password,u1_0.phone,u1_0.province,u1_0.update_time,u1_0.user_name,u1_0.vip_grade,u1_0.vip_limit_date from [*]user u1_0"; expected "identifier"; SQL statement:
select u1_0.id,u1_0.birthday,u1_0.city,u1_0.close_date,u1_0.create_time,u1_0.email,u1_0.gender,u1_0.icon,u1_0.introduction,u1_0.nick_name,u1_0.password,u1_0.phone,u1_0.province,u1_0.update_time,u1_0.user_name,u1_0.vip_grade,u1_0.vip_limit_date from user u1_0 [42001-214]
2023-05-06T17:07:21.105+08:00 ERROR 26148 --- [http-nio-8080-exec-1] o.a.c.c.C.[.[.[/].[dispatcherServlet]    : Servlet.service() for servlet [dispatcherServlet] in context with path [] threw exception [Request processing failed: org.springframework.dao.InvalidDataAccessResourceUsageException: could not prepare statement [Syntax error in SQL statement "select u1_0.id,u1_0.birthday,u1_0.city,u1_0.close_date,u1_0.create_time,u1_0.email,u1_0.gender,u1_0.icon,u1_0.introduction,u1_0.nick_name,u1_0.password,u1_0.phone,u1_0.province,u1_0.update_time,u1_0.user_name,u1_0.vip_grade,u1_0.vip_limit_date from [*]user u1_0"; expected "identifier"; SQL statement:
select u1_0.id,u1_0.birthday,u1_0.city,u1_0.close_date,u1_0.create_time,u1_0.email,u1_0.gender,u1_0.icon,u1_0.introduction,u1_0.nick_name,u1_0.password,u1_0.phone,u1_0.province,u1_0.update_time,u1_0.user_name,u1_0.vip_grade,u1_0.vip_limit_date from user u1_0 [42001-214]] [select u1_0.id,u1_0.birthday,u1_0.city,u1_0.close_date,u1_0.create_time,u1_0.email,u1_0.gender,u1_0.icon,u1_0.introduction,u1_0.nick_name,u1_0.password,u1_0.phone,u1_0.province,u1_0.update_time,u1_0.user_name,u1_0.vip_grade,u1_0.vip_limit_date from user u1_0]; SQL [select u1_0.id,u1_0.birthday,u1_0.city,u1_0.close_date,u1_0.create_time,u1_0.email,u1_0.gender,u1_0.icon,u1_0.introduction,u1_0.nick_name,u1_0.password,u1_0.phone,u1_0.province,u1_0.update_time,u1_0.user_name,u1_0.vip_grade,u1_0.vip_limit_date from user u1_0]] with root cause

org.h2.jdbc.JdbcSQLSyntaxErrorException: Syntax error in SQL statement "select u1_0.id,u1_0.birthday,u1_0.city,u1_0.close_date,u1_0.create_time,u1_0.email,u1_0.gender,u1_0.icon,u1_0.introduction,u1_0.nick_name,u1_0.password,u1_0.phone,u1_0.province,u1_0.update_time,u1_0.user_name,u1_0.vip_grade,u1_0.vip_limit_date from [*]user u1_0"; expected "identifier"; SQL statement:
select u1_0.id,u1_0.birthday,u1_0.city,u1_0.close_date,u1_0.create_time,u1_0.email,u1_0.gender,u1_0.icon,u1_0.introduction,u1_0.nick_name,u1_0.password,u1_0.phone,u1_0.province,u1_0.update_time,u1_0.user_name,u1_0.vip_grade,u1_0.vip_limit_date from user u1_0 [42001-214]
	at org.h2.message.DbException.getJdbcSQLException(DbException.java:502) ~[h2-2.1.214.jar:2.1.214]
	at org.h2.message.DbException.getJdbcSQLException(DbException.java:477) ~[h2-2.1.214.jar:2.1.214]
	at org.h2.message.DbException.getSyntaxError(DbException.java:261) ~[h2-2.1.214.jar:2.1.214]
	at org.h2.command.Parser.readIdentifier(Parser.java:5656) ~[h2-2.1.214.jar:2.1.214]
	at org.h2.command.Parser.readTablePrimary(Parser.java:1814) ~[h2-2.1.214.jar:2.1.214]
	at org.h2.command.Parser.readTableReference(Parser.java:2334) ~[h2-2.1.214.jar:2.1.214]
	at org.h2.command.Parser.parseSelectFromPart(Parser.java:2772) ~[h2-2.1.214.jar:2.1.214]
	at org.h2.command.Parser.parseSelect(Parser.java:2878) ~[h2-2.1.214.jar:2.1.214]
	at org.h2.command.Parser.parseQueryPrimary(Parser.java:2762) ~[h2-2.1.214.jar:2.1.214]
	at org.h2.command.Parser.parseQueryTerm(Parser.java:2633) ~[h2-2.1.214.jar:2.1.214]
	at org.h2.command.Parser.parseQueryExpressionBody(Parser.java:2612) ~[h2-2.1.214.jar:2.1.214]
	at org.h2.command.Parser.parseQueryExpressionBodyAndEndOfQuery(Parser.java:2605) ~[h2-2.1.214.jar:2.1.214]
	at org.h2.command.Parser.parseQueryExpression(Parser.java:2598) ~[h2-2.1.214.jar:2.1.214]
	at org.h2.command.Parser.parseQuery(Parser.java:2567) ~[h2-2.1.214.jar:2.1.214]
	at org.h2.command.Parser.parsePrepared(Parser.java:724) ~[h2-2.1.214.jar:2.1.214]
	at org.h2.command.Parser.parse(Parser.java:689) ~[h2-2.1.214.jar:2.1.214]
	at org.h2.command.Parser.parse(Parser.java:661) ~[h2-2.1.214.jar:2.1.214]
	at org.h2.command.Parser.prepareCommand(Parser.java:569) ~[h2-2.1.214.jar:2.1.214]
	at org.h2.engine.SessionLocal.prepareLocal(SessionLocal.java:631) ~[h2-2.1.214.jar:2.1.214]
	at org.h2.engine.SessionLocal.prepareCommand(SessionLocal.java:554) ~[h2-2.1.214.jar:2.1.214]
	at org.h2.jdbc.JdbcConnection.prepareCommand(JdbcConnection.java:1116) ~[h2-2.1.214.jar:2.1.214]
	at org.h2.jdbc.JdbcPreparedStatement.<init>(JdbcPreparedStatement.java:92) ~[h2-2.1.214.jar:2.1.214]
	at org.h2.jdbc.JdbcConnection.prepareStatement(JdbcConnection.java:288) ~[h2-2.1.214.jar:2.1.214]
	at com.zaxxer.hikari.pool.ProxyConnection.prepareStatement(ProxyConnection.java:327) ~[HikariCP-5.0.1.jar:na]
	at com.zaxxer.hikari.pool.HikariProxyConnection.prepareStatement(HikariProxyConnection.java) ~[HikariCP-5.0.1.jar:na]
	at org.hibernate.engine.jdbc.internal.StatementPreparerImpl$1.doPrepare(StatementPreparerImpl.java:91) ~[hibernate-core-6.2.1.Final.jar:6.2.1.Final]
	at org.hibernate.engine.jdbc.internal.StatementPreparerImpl$StatementPreparationTemplate.prepareStatement(StatementPreparerImpl.java:177) ~[hibernate-core-6.2.1.Final.jar:6.2.1.Final]
	at org.hibernate.engine.jdbc.internal.StatementPreparerImpl.prepareStatement(StatementPreparerImpl.java:76) ~[hibernate-core-6.2.1.Final.jar:6.2.1.Final]
	at org.hibernate.sql.exec.internal.JdbcSelectExecutorStandardImpl.lambda$list$0(JdbcSelectExecutorStandardImpl.java:102) ~[hibernate-core-6.2.1.Final.jar:6.2.1.Final]
	at org.hibernate.sql.results.jdbc.internal.DeferredResultSetAccess.executeQuery(DeferredResultSetAccess.java:227) ~[hibernate-core-6.2.1.Final.jar:6.2.1.Final]
	at org.hibernate.sql.results.jdbc.internal.DeferredResultSetAccess.getResultSet(DeferredResultSetAccess.java:164) ~[hibernate-core-6.2.1.Final.jar:6.2.1.Final]
	at org.hibernate.sql.results.jdbc.internal.JdbcValuesResultSetImpl.advanceNext(JdbcValuesResultSetImpl.java:204) ~[hibernate-core-6.2.1.Final.jar:6.2.1.Final]
	at org.hibernate.sql.results.jdbc.internal.JdbcValuesResultSetImpl.processNext(JdbcValuesResultSetImpl.java:84) ~[hibernate-core-6.2.1.Final.jar:6.2.1.Final]
	at org.hibernate.sql.results.jdbc.internal.AbstractJdbcValues.next(AbstractJdbcValues.java:29) ~[hibernate-core-6.2.1.Final.jar:6.2.1.Final]
	at org.hibernate.sql.results.internal.RowProcessingStateStandardImpl.next(RowProcessingStateStandardImpl.java:62) ~[hibernate-core-6.2.1.Final.jar:6.2.1.Final]
	at org.hibernate.sql.results.spi.ListResultsConsumer.consume(ListResultsConsumer.java:198) ~[hibernate-core-6.2.1.Final.jar:6.2.1.Final]
	at org.hibernate.sql.results.spi.ListResultsConsumer.consume(ListResultsConsumer.java:33) ~[hibernate-core-6.2.1.Final.jar:6.2.1.Final]
	at org.hibernate.sql.exec.internal.JdbcSelectExecutorStandardImpl.doExecuteQuery(JdbcSelectExecutorStandardImpl.java:362) ~[hibernate-core-6.2.1.Final.jar:6.2.1.Final]
	at org.hibernate.sql.exec.internal.JdbcSelectExecutorStandardImpl.executeQuery(JdbcSelectExecutorStandardImpl.java:168) ~[hibernate-core-6.2.1.Final.jar:6.2.1.Final]
	at org.hibernate.sql.exec.internal.JdbcSelectExecutorStandardImpl.list(JdbcSelectExecutorStandardImpl.java:93) ~[hibernate-core-6.2.1.Final.jar:6.2.1.Final]
	at org.hibernate.sql.exec.spi.JdbcSelectExecutor.list(JdbcSelectExecutor.java:31) ~[hibernate-core-6.2.1.Final.jar:6.2.1.Final]
	at org.hibernate.query.sqm.internal.ConcreteSqmSelectQueryPlan.lambda$new$0(ConcreteSqmSelectQueryPlan.java:109) ~[hibernate-core-6.2.1.Final.jar:6.2.1.Final]
	at org.hibernate.query.sqm.internal.ConcreteSqmSelectQueryPlan.withCacheableSqmInterpretation(ConcreteSqmSelectQueryPlan.java:302) ~[hibernate-core-6.2.1.Final.jar:6.2.1.Final]
	at org.hibernate.query.sqm.internal.ConcreteSqmSelectQueryPlan.performList(ConcreteSqmSelectQueryPlan.java:243) ~[hibernate-core-6.2.1.Final.jar:6.2.1.Final]
	at org.hibernate.query.sqm.internal.QuerySqmImpl.doList(QuerySqmImpl.java:521) ~[hibernate-core-6.2.1.Final.jar:6.2.1.Final]
	at org.hibernate.query.spi.AbstractSelectionQuery.list(AbstractSelectionQuery.java:367) ~[hibernate-core-6.2.1.Final.jar:6.2.1.Final]
	at org.hibernate.query.sqm.internal.QuerySqmImpl.list(QuerySqmImpl.java:1084) ~[hibernate-core-6.2.1.Final.jar:6.2.1.Final]
	at org.hibernate.query.Query.getResultList(Query.java:119) ~[hibernate-core-6.2.1.Final.jar:6.2.1.Final]
	at org.springframework.data.jpa.repository.support.SimpleJpaRepository.findAll(SimpleJpaRepository.java:408) ~[spring-data-jpa-3.1.0-RC1.jar:3.1.0-RC1]
	at java.base/jdk.internal.reflect.NativeMethodAccessorImpl.invoke0(Native Method) ~[na:na]
	at java.base/jdk.internal.reflect.NativeMethodAccessorImpl.invoke(NativeMethodAccessorImpl.java:77) ~[na:na]
	at java.base/jdk.internal.reflect.DelegatingMethodAccessorImpl.invoke(DelegatingMethodAccessorImpl.java:43) ~[na:na]
	at java.base/java.lang.reflect.Method.invoke(Method.java:568) ~[na:na]
	at org.springframework.data.repository.core.support.RepositoryMethodInvoker$RepositoryFragmentMethodInvoker.lambda$new$0(RepositoryMethodInvoker.java:288) ~[spring-data-commons-3.1.0-RC1.jar:3.1.0-RC1]
	at org.springframework.data.repository.core.support.RepositoryMethodInvoker.doInvoke(RepositoryMethodInvoker.java:136) ~[spring-data-commons-3.1.0-RC1.jar:3.1.0-RC1]
	at org.springframework.data.repository.core.support.RepositoryMethodInvoker.invoke(RepositoryMethodInvoker.java:120) ~[spring-data-commons-3.1.0-RC1.jar:3.1.0-RC1]
	at org.springframework.data.repository.core.support.RepositoryComposition$RepositoryFragments.invoke(RepositoryComposition.java:516) ~[spring-data-commons-3.1.0-RC1.jar:3.1.0-RC1]
	at org.springframework.data.repository.core.support.RepositoryComposition.invoke(RepositoryComposition.java:285) ~[spring-data-commons-3.1.0-RC1.jar:3.1.0-RC1]
	at org.springframework.data.repository.core.support.RepositoryFactorySupport$ImplementationMethodExecutionInterceptor.invoke(RepositoryFactorySupport.java:628) ~[spring-data-commons-3.1.0-RC1.jar:3.1.0-RC1]
	at org.springframework.aop.framework.ReflectiveMethodInvocation.proceed(ReflectiveMethodInvocation.java:184) ~[spring-aop-6.0.8.jar:6.0.8]
	at org.springframework.data.repository.core.support.QueryExecutorMethodInterceptor.doInvoke(QueryExecutorMethodInterceptor.java:168) ~[spring-data-commons-3.1.0-RC1.jar:3.1.0-RC1]
	at org.springframework.data.repository.core.support.QueryExecutorMethodInterceptor.invoke(QueryExecutorMethodInterceptor.java:143) ~[spring-data-commons-3.1.0-RC1.jar:3.1.0-RC1]
	at org.springframework.aop.framework.ReflectiveMethodInvocation.proceed(ReflectiveMethodInvocation.java:184) ~[spring-aop-6.0.8.jar:6.0.8]
	at org.springframework.data.projection.DefaultMethodInvokingMethodInterceptor.invoke(DefaultMethodInvokingMethodInterceptor.java:77) ~[spring-data-commons-3.1.0-RC1.jar:3.1.0-RC1]
	at org.springframework.aop.framework.ReflectiveMethodInvocation.proceed(ReflectiveMethodInvocation.java:184) ~[spring-aop-6.0.8.jar:6.0.8]
	at org.springframework.transaction.interceptor.TransactionInterceptor$1.proceedWithInvocation(TransactionInterceptor.java:123) ~[spring-tx-6.0.8.jar:6.0.8]
	at org.springframework.transaction.interceptor.TransactionAspectSupport.invokeWithinTransaction(TransactionAspectSupport.java:391) ~[spring-tx-6.0.8.jar:6.0.8]
	at org.springframework.transaction.interceptor.TransactionInterceptor.invoke(TransactionInterceptor.java:119) ~[spring-tx-6.0.8.jar:6.0.8]
	at org.springframework.aop.framework.ReflectiveMethodInvocation.proceed(ReflectiveMethodInvocation.java:184) ~[spring-aop-6.0.8.jar:6.0.8]
	at org.springframework.dao.support.PersistenceExceptionTranslationInterceptor.invoke(PersistenceExceptionTranslationInterceptor.java:137) ~[spring-tx-6.0.8.jar:6.0.8]
	at org.springframework.aop.framework.ReflectiveMethodInvocation.proceed(ReflectiveMethodInvocation.java:184) ~[spring-aop-6.0.8.jar:6.0.8]
	at org.springframework.data.jpa.repository.support.CrudMethodMetadataPostProcessor$CrudMethodMetadataPopulatingMethodInterceptor.invoke(CrudMethodMetadataPostProcessor.java:163) ~[spring-data-jpa-3.1.0-RC1.jar:3.1.0-RC1]
	at org.springframework.aop.framework.ReflectiveMethodInvocation.proceed(ReflectiveMethodInvocation.java:184) ~[spring-aop-6.0.8.jar:6.0.8]
	at org.springframework.aop.interceptor.ExposeInvocationInterceptor.invoke(ExposeInvocationInterceptor.java:97) ~[spring-aop-6.0.8.jar:6.0.8]
	at org.springframework.aop.framework.ReflectiveMethodInvocation.proceed(ReflectiveMethodInvocation.java:184) ~[spring-aop-6.0.8.jar:6.0.8]
	at org.springframework.data.repository.core.support.MethodInvocationValidator.invoke(MethodInvocationValidator.java:94) ~[spring-data-commons-3.1.0-RC1.jar:3.1.0-RC1]
	at org.springframework.aop.framework.ReflectiveMethodInvocation.proceed(ReflectiveMethodInvocation.java:184) ~[spring-aop-6.0.8.jar:6.0.8]
	at org.springframework.aop.framework.JdkDynamicAopProxy.invoke(JdkDynamicAopProxy.java:223) ~[spring-aop-6.0.8.jar:6.0.8]
	at jdk.proxy2/jdk.proxy2.$Proxy131.findAll(Unknown Source) ~[na:na]
	at com.lyl.byyouside.controller.api.UserController.getAllUser(UserController.kt:131) ~[main/:na]
	at java.base/jdk.internal.reflect.NativeMethodAccessorImpl.invoke0(Native Method) ~[na:na]
	at java.base/jdk.internal.reflect.NativeMethodAccessorImpl.invoke(NativeMethodAccessorImpl.java:77) ~[na:na]
	at java.base/jdk.internal.reflect.DelegatingMethodAccessorImpl.invoke(DelegatingMethodAccessorImpl.java:43) ~[na:na]
	at java.base/java.lang.reflect.Method.invoke(Method.java:568) ~[na:na]
	at org.springframework.web.method.support.InvocableHandlerMethod.doInvoke(InvocableHandlerMethod.java:207) ~[spring-web-6.0.8.jar:6.0.8]
	at org.springframework.web.method.support.InvocableHandlerMethod.invokeForRequest(InvocableHandlerMethod.java:152) ~[spring-web-6.0.8.jar:6.0.8]
	at org.springframework.web.servlet.mvc.method.annotation.ServletInvocableHandlerMethod.invokeAndHandle(ServletInvocableHandlerMethod.java:118) ~[spring-webmvc-6.0.8.jar:6.0.8]
	at org.springframework.web.servlet.mvc.method.annotation.RequestMappingHandlerAdapter.invokeHandlerMethod(RequestMappingHandlerAdapter.java:884) ~[spring-webmvc-6.0.8.jar:6.0.8]
	at org.springframework.web.servlet.mvc.method.annotation.RequestMappingHandlerAdapter.handleInternal(RequestMappingHandlerAdapter.java:797) ~[spring-webmvc-6.0.8.jar:6.0.8]
	at org.springframework.web.servlet.mvc.method.AbstractHandlerMethodAdapter.handle(AbstractHandlerMethodAdapter.java:87) ~[spring-webmvc-6.0.8.jar:6.0.8]
	at org.springframework.web.servlet.DispatcherServlet.doDispatch(DispatcherServlet.java:1081) ~[spring-webmvc-6.0.8.jar:6.0.8]
	at org.springframework.web.servlet.DispatcherServlet.doService(DispatcherServlet.java:974) ~[spring-webmvc-6.0.8.jar:6.0.8]
	at org.springframework.web.servlet.FrameworkServlet.processRequest(FrameworkServlet.java:1011) ~[spring-webmvc-6.0.8.jar:6.0.8]
	at org.springframework.web.servlet.FrameworkServlet.doPost(FrameworkServlet.java:914) ~[spring-webmvc-6.0.8.jar:6.0.8]
	at jakarta.servlet.http.HttpServlet.service(HttpServlet.java:590) ~[tomcat-embed-core-10.1.8.jar:6.0]
	at org.springframework.web.servlet.FrameworkServlet.service(FrameworkServlet.java:885) ~[spring-webmvc-6.0.8.jar:6.0.8]
	at jakarta.servlet.http.HttpServlet.service(HttpServlet.java:658) ~[tomcat-embed-core-10.1.8.jar:6.0]
	at org.apache.catalina.core.ApplicationFilterChain.internalDoFilter(ApplicationFilterChain.java:205) ~[tomcat-embed-core-10.1.8.jar:10.1.8]
	at org.apache.catalina.core.ApplicationFilterChain.doFilter(ApplicationFilterChain.java:149) ~[tomcat-embed-core-10.1.8.jar:10.1.8]
	at org.apache.tomcat.websocket.server.WsFilter.doFilter(WsFilter.java:51) ~[tomcat-embed-websocket-10.1.8.jar:10.1.8]
	at org.apache.catalina.core.ApplicationFilterChain.internalDoFilter(ApplicationFilterChain.java:174) ~[tomcat-embed-core-10.1.8.jar:10.1.8]
	at org.apache.catalina.core.ApplicationFilterChain.doFilter(ApplicationFilterChain.java:149) ~[tomcat-embed-core-10.1.8.jar:10.1.8]
	at org.springframework.web.filter.RequestContextFilter.doFilterInternal(RequestContextFilter.java:100) ~[spring-web-6.0.8.jar:6.0.8]
	at org.springframework.web.filter.OncePerRequestFilter.doFilter(OncePerRequestFilter.java:116) ~[spring-web-6.0.8.jar:6.0.8]
	at org.apache.catalina.core.ApplicationFilterChain.internalDoFilter(ApplicationFilterChain.java:174) ~[tomcat-embed-core-10.1.8.jar:10.1.8]
	at org.apache.catalina.core.ApplicationFilterChain.doFilter(ApplicationFilterChain.java:149) ~[tomcat-embed-core-10.1.8.jar:10.1.8]
	at org.springframework.web.filter.FormContentFilter.doFilterInternal(FormContentFilter.java:93) ~[spring-web-6.0.8.jar:6.0.8]
	at org.springframework.web.filter.OncePerRequestFilter.doFilter(OncePerRequestFilter.java:116) ~[spring-web-6.0.8.jar:6.0.8]
	at org.apache.catalina.core.ApplicationFilterChain.internalDoFilter(ApplicationFilterChain.java:174) ~[tomcat-embed-core-10.1.8.jar:10.1.8]
	at org.apache.catalina.core.ApplicationFilterChain.doFilter(ApplicationFilterChain.java:149) ~[tomcat-embed-core-10.1.8.jar:10.1.8]
	at org.springframework.web.filter.CharacterEncodingFilter.doFilterInternal(CharacterEncodingFilter.java:201) ~[spring-web-6.0.8.jar:6.0.8]
	at org.springframework.web.filter.OncePerRequestFilter.doFilter(OncePerRequestFilter.java:116) ~[spring-web-6.0.8.jar:6.0.8]
	at org.apache.catalina.core.ApplicationFilterChain.internalDoFilter(ApplicationFilterChain.java:174) ~[tomcat-embed-core-10.1.8.jar:10.1.8]
	at org.apache.catalina.core.ApplicationFilterChain.doFilter(ApplicationFilterChain.java:149) ~[tomcat-embed-core-10.1.8.jar:10.1.8]
	at org.apache.catalina.core.StandardWrapperValve.invoke(StandardWrapperValve.java:166) ~[tomcat-embed-core-10.1.8.jar:10.1.8]
	at org.apache.catalina.core.StandardContextValve.invoke(StandardContextValve.java:90) ~[tomcat-embed-core-10.1.8.jar:10.1.8]
	at org.apache.catalina.authenticator.AuthenticatorBase.invoke(AuthenticatorBase.java:482) ~[tomcat-embed-core-10.1.8.jar:10.1.8]
	at org.apache.catalina.core.StandardHostValve.invoke(StandardHostValve.java:115) ~[tomcat-embed-core-10.1.8.jar:10.1.8]
	at org.apache.catalina.valves.ErrorReportValve.invoke(ErrorReportValve.java:93) ~[tomcat-embed-core-10.1.8.jar:10.1.8]
	at org.apache.catalina.core.StandardEngineValve.invoke(StandardEngineValve.java:74) ~[tomcat-embed-core-10.1.8.jar:10.1.8]
	at org.apache.catalina.connector.CoyoteAdapter.service(CoyoteAdapter.java:341) ~[tomcat-embed-core-10.1.8.jar:10.1.8]
	at org.apache.coyote.http11.Http11Processor.service(Http11Processor.java:390) ~[tomcat-embed-core-10.1.8.jar:10.1.8]
	at org.apache.coyote.AbstractProcessorLight.process(AbstractProcessorLight.java:63) ~[tomcat-embed-core-10.1.8.jar:10.1.8]
	at org.apache.coyote.AbstractProtocol$ConnectionHandler.process(AbstractProtocol.java:894) ~[tomcat-embed-core-10.1.8.jar:10.1.8]
	at org.apache.tomcat.util.net.NioEndpoint$SocketProcessor.doRun(NioEndpoint.java:1741) ~[tomcat-embed-core-10.1.8.jar:10.1.8]
	at org.apache.tomcat.util.net.SocketProcessorBase.run(SocketProcessorBase.java:52) ~[tomcat-embed-core-10.1.8.jar:10.1.8]
	at org.apache.tomcat.util.threads.ThreadPoolExecutor.runWorker(ThreadPoolExecutor.java:1191) ~[tomcat-embed-core-10.1.8.jar:10.1.8]
	at org.apache.tomcat.util.threads.ThreadPoolExecutor$Worker.run(ThreadPoolExecutor.java:659) ~[tomcat-embed-core-10.1.8.jar:10.1.8]
	at org.apache.tomcat.util.threads.TaskThread$WrappingRunnable.run(TaskThread.java:61) ~[tomcat-embed-core-10.1.8.jar:10.1.8]
	at java.base/java.lang.Thread.run(Thread.java:833) ~[na:na]

2023-05-06T17:13:13.202+08:00  INFO 26148 --- [SpringApplicationShutdownHook] j.LocalContainerEntityManagerFactoryBean : Closing JPA EntityManagerFactory for persistence unit 'default'
2023-05-06T17:13:13.204+08:00  INFO 26148 --- [SpringApplicationShutdownHook] com.zaxxer.hikari.HikariDataSource       : HikariPool-1 - Shutdown initiated...
2023-05-06T17:13:13.205+08:00  INFO 26148 --- [SpringApplicationShutdownHook] com.zaxxer.hikari.HikariDataSource       : HikariPool-1 - Shutdown completed.
2023-05-06T17:13:15.453+08:00  INFO 26417 --- [main] c.lyl.byyouside.ByYouSideApplicationKt   : Starting ByYouSideApplicationKt using Java 17.0.7 with PID 26417 (/Users/lyl/developer/project/me/ByYourSide/web/ByYouSide/build/classes/kotlin/main started by lyl in /Users/lyl/developer/project/me/ByYourSide/web/ByYouSide)
2023-05-06T17:13:15.454+08:00  INFO 26417 --- [main] c.lyl.byyouside.ByYouSideApplicationKt   : The following 1 profile is active: "dev"
2023-05-06T17:13:15.940+08:00  INFO 26417 --- [main] .s.d.r.c.RepositoryConfigurationDelegate : Bootstrapping Spring Data JPA repositories in DEFAULT mode.
2023-05-06T17:13:15.974+08:00  INFO 26417 --- [main] .s.d.r.c.RepositoryConfigurationDelegate : Finished Spring Data repository scanning in 30 ms. Found 5 JPA repository interfaces.
2023-05-06T17:13:16.331+08:00  INFO 26417 --- [main] o.s.b.w.embedded.tomcat.TomcatWebServer  : Tomcat initialized with port(s): 8080 (http)
2023-05-06T17:13:16.335+08:00  INFO 26417 --- [main] o.apache.catalina.core.StandardService   : Starting service [Tomcat]
2023-05-06T17:13:16.336+08:00  INFO 26417 --- [main] o.apache.catalina.core.StandardEngine    : Starting Servlet engine: [Apache Tomcat/10.1.8]
2023-05-06T17:13:16.377+08:00  INFO 26417 --- [main] o.a.c.c.C.[Tomcat].[localhost].[/]       : Initializing Spring embedded WebApplicationContext
2023-05-06T17:13:16.377+08:00  INFO 26417 --- [main] w.s.c.ServletWebServerApplicationContext : Root WebApplicationContext: initialization completed in 903 ms
2023-05-06T17:13:16.391+08:00  INFO 26417 --- [main] com.zaxxer.hikari.HikariDataSource       : HikariPool-1 - Starting...
2023-05-06T17:13:16.495+08:00  INFO 26417 --- [main] com.zaxxer.hikari.pool.HikariPool        : HikariPool-1 - Added connection conn0: url=jdbc:h2:file:./ByYourSide/config/db/.h2/side_db user=ROOT
2023-05-06T17:13:16.495+08:00  INFO 26417 --- [main] com.zaxxer.hikari.HikariDataSource       : HikariPool-1 - Start completed.
2023-05-06T17:13:16.500+08:00  INFO 26417 --- [main] o.s.b.a.h2.H2ConsoleAutoConfiguration    : H2 console available at '/h2-console'. Database available at 'jdbc:h2:file:./ByYourSide/config/db/.h2/side_db'
2023-05-06T17:13:16.687+08:00  INFO 26417 --- [main] o.s.o.j.p.SpringPersistenceUnitInfo      : No LoadTimeWeaver setup: ignoring JPA class transformer
2023-05-06T17:13:16.707+08:00  INFO 26417 --- [main] SQL dialect                              : HHH000400: Using dialect: org.hibernate.dialect.H2Dialect, version: 2.1.214
2023-05-06T17:13:17.080+08:00  INFO 26417 --- [main] j.LocalContainerEntityManagerFactoryBean : Initialized JPA EntityManagerFactory for persistence unit 'default'
2023-05-06T17:13:17.417+08:00  WARN 26417 --- [main] JpaBaseConfiguration$JpaWebConfiguration : spring.jpa.open-in-view is enabled by default. Therefore, database queries may be performed during view rendering. Explicitly configure spring.jpa.open-in-view to disable this warning
2023-05-06T17:13:17.552+08:00  INFO 26417 --- [main] o.s.b.w.embedded.tomcat.TomcatWebServer  : Tomcat started on port(s): 8080 (http) with context path ''
2023-05-06T17:13:17.557+08:00  INFO 26417 --- [main] c.lyl.byyouside.ByYouSideApplicationKt   : Started ByYouSideApplicationKt in 2.266 seconds (process running for 2.611)
2023-05-06T17:14:32.736+08:00  INFO 26417 --- [http-nio-8080-exec-1] o.a.c.c.C.[Tomcat].[localhost].[/]       : Initializing Spring DispatcherServlet 'dispatcherServlet'
2023-05-06T17:14:32.736+08:00  INFO 26417 --- [http-nio-8080-exec-1] o.s.web.servlet.DispatcherServlet        : Initializing Servlet 'dispatcherServlet'
2023-05-06T17:14:32.739+08:00  INFO 26417 --- [http-nio-8080-exec-1] o.s.web.servlet.DispatcherServlet        : Completed initialization in 3 ms
2023-05-06T17:34:37.033+08:00  INFO 26417 --- [SpringApplicationShutdownHook] j.LocalContainerEntityManagerFactoryBean : Closing JPA EntityManagerFactory for persistence unit 'default'
2023-05-06T17:34:37.035+08:00  INFO 26417 --- [SpringApplicationShutdownHook] com.zaxxer.hikari.HikariDataSource       : HikariPool-1 - Shutdown initiated...
2023-05-06T17:34:37.036+08:00  INFO 26417 --- [SpringApplicationShutdownHook] com.zaxxer.hikari.HikariDataSource       : HikariPool-1 - Shutdown completed.
2023-05-06T17:38:07.345+08:00  INFO 27612 --- [main] c.lyl.byyouside.ByYouSideApplicationKt   : Starting ByYouSideApplicationKt using Java 17.0.7 with PID 27612 (/Users/lyl/developer/project/me/ByYourSide/web/ByYouSide/build/classes/kotlin/main started by lyl in /Users/lyl/developer/project/me/ByYourSide/web/ByYouSide)
2023-05-06T17:38:07.348+08:00  INFO 27612 --- [main] c.lyl.byyouside.ByYouSideApplicationKt   : The following 1 profile is active: "dev"
2023-05-06T17:38:08.054+08:00  INFO 27612 --- [main] .s.d.r.c.RepositoryConfigurationDelegate : Bootstrapping Spring Data JPA repositories in DEFAULT mode.
2023-05-06T17:38:08.092+08:00  INFO 27612 --- [main] .s.d.r.c.RepositoryConfigurationDelegate : Finished Spring Data repository scanning in 33 ms. Found 5 JPA repository interfaces.
2023-05-06T17:38:08.322+08:00  INFO 27612 --- [main] o.s.b.w.embedded.tomcat.TomcatWebServer  : Tomcat initialized with port(s): 8080 (http)
2023-05-06T17:38:08.326+08:00  INFO 27612 --- [main] o.apache.catalina.core.StandardService   : Starting service [Tomcat]
2023-05-06T17:38:08.326+08:00  INFO 27612 --- [main] o.apache.catalina.core.StandardEngine    : Starting Servlet engine: [Apache Tomcat/10.1.8]
2023-05-06T17:38:08.364+08:00  INFO 27612 --- [main] o.a.c.c.C.[Tomcat].[localhost].[/]       : Initializing Spring embedded WebApplicationContext
2023-05-06T17:38:08.365+08:00  INFO 27612 --- [main] w.s.c.ServletWebServerApplicationContext : Root WebApplicationContext: initialization completed in 981 ms
2023-05-06T17:38:08.377+08:00  INFO 27612 --- [main] com.zaxxer.hikari.HikariDataSource       : HikariPool-1 - Starting...
2023-05-06T17:38:08.480+08:00  INFO 27612 --- [main] com.zaxxer.hikari.pool.HikariPool        : HikariPool-1 - Added connection conn0: url=jdbc:h2:file:./ByYourSide/config/db/.h2/side_db user=ROOT
2023-05-06T17:38:08.481+08:00  INFO 27612 --- [main] com.zaxxer.hikari.HikariDataSource       : HikariPool-1 - Start completed.
2023-05-06T17:38:08.486+08:00  INFO 27612 --- [main] o.s.b.a.h2.H2ConsoleAutoConfiguration    : H2 console available at '/h2-console'. Database available at 'jdbc:h2:file:./ByYourSide/config/db/.h2/side_db'
2023-05-06T17:38:08.696+08:00  INFO 27612 --- [main] o.s.o.j.p.SpringPersistenceUnitInfo      : No LoadTimeWeaver setup: ignoring JPA class transformer
2023-05-06T17:38:08.718+08:00  INFO 27612 --- [main] SQL dialect                              : HHH000400: Using dialect: org.hibernate.dialect.H2Dialect, version: 2.1.214
2023-05-06T17:38:09.121+08:00  INFO 27612 --- [main] j.LocalContainerEntityManagerFactoryBean : Initialized JPA EntityManagerFactory for persistence unit 'default'
2023-05-06T17:38:09.470+08:00  WARN 27612 --- [main] JpaBaseConfiguration$JpaWebConfiguration : spring.jpa.open-in-view is enabled by default. Therefore, database queries may be performed during view rendering. Explicitly configure spring.jpa.open-in-view to disable this warning
2023-05-06T17:38:09.607+08:00  INFO 27612 --- [main] o.s.b.w.embedded.tomcat.TomcatWebServer  : Tomcat started on port(s): 8080 (http) with context path ''
2023-05-06T17:38:09.611+08:00  INFO 27612 --- [main] c.lyl.byyouside.ByYouSideApplicationKt   : Started ByYouSideApplicationKt in 2.51 seconds (process running for 3.026)
2023-05-06T17:39:14.427+08:00  INFO 27612 --- [http-nio-8080-exec-1] o.a.c.c.C.[Tomcat].[localhost].[/]       : Initializing Spring DispatcherServlet 'dispatcherServlet'
2023-05-06T17:39:14.428+08:00  INFO 27612 --- [http-nio-8080-exec-1] o.s.web.servlet.DispatcherServlet        : Initializing Servlet 'dispatcherServlet'
2023-05-06T17:39:14.430+08:00  INFO 27612 --- [http-nio-8080-exec-1] o.s.web.servlet.DispatcherServlet        : Completed initialization in 2 ms
2023-05-06T17:39:54.536+08:00  INFO 27612 --- [SpringApplicationShutdownHook] j.LocalContainerEntityManagerFactoryBean : Closing JPA EntityManagerFactory for persistence unit 'default'
2023-05-06T17:39:54.539+08:00  INFO 27612 --- [SpringApplicationShutdownHook] com.zaxxer.hikari.HikariDataSource       : HikariPool-1 - Shutdown initiated...
2023-05-06T17:39:54.540+08:00  INFO 27612 --- [SpringApplicationShutdownHook] com.zaxxer.hikari.HikariDataSource       : HikariPool-1 - Shutdown completed.
2023-05-06T17:39:57.281+08:00  INFO 27706 --- [main] c.lyl.byyouside.ByYouSideApplicationKt   : Starting ByYouSideApplicationKt using Java 17.0.7 with PID 27706 (/Users/lyl/developer/project/me/ByYourSide/web/ByYouSide/build/classes/kotlin/main started by lyl in /Users/lyl/developer/project/me/ByYourSide/web/ByYouSide)
2023-05-06T17:39:57.283+08:00  INFO 27706 --- [main] c.lyl.byyouside.ByYouSideApplicationKt   : The following 1 profile is active: "dev"
2023-05-06T17:39:57.705+08:00  INFO 27706 --- [main] .s.d.r.c.RepositoryConfigurationDelegate : Bootstrapping Spring Data JPA repositories in DEFAULT mode.
2023-05-06T17:39:57.731+08:00  INFO 27706 --- [main] .s.d.r.c.RepositoryConfigurationDelegate : Finished Spring Data repository scanning in 23 ms. Found 5 JPA repository interfaces.
2023-05-06T17:39:57.999+08:00  INFO 27706 --- [main] o.s.b.w.embedded.tomcat.TomcatWebServer  : Tomcat initialized with port(s): 8080 (http)
2023-05-06T17:39:58.003+08:00  INFO 27706 --- [main] o.apache.catalina.core.StandardService   : Starting service [Tomcat]
2023-05-06T17:39:58.004+08:00  INFO 27706 --- [main] o.apache.catalina.core.StandardEngine    : Starting Servlet engine: [Apache Tomcat/10.1.8]
2023-05-06T17:39:58.059+08:00  INFO 27706 --- [main] o.a.c.c.C.[Tomcat].[localhost].[/]       : Initializing Spring embedded WebApplicationContext
2023-05-06T17:39:58.059+08:00  INFO 27706 --- [main] w.s.c.ServletWebServerApplicationContext : Root WebApplicationContext: initialization completed in 757 ms
2023-05-06T17:39:58.077+08:00  INFO 27706 --- [main] com.zaxxer.hikari.HikariDataSource       : HikariPool-1 - Starting...
2023-05-06T17:39:58.208+08:00  INFO 27706 --- [main] com.zaxxer.hikari.pool.HikariPool        : HikariPool-1 - Added connection conn0: url=jdbc:h2:file:./ByYourSide/config/db/.h2/side_db user=ROOT
2023-05-06T17:39:58.208+08:00  INFO 27706 --- [main] com.zaxxer.hikari.HikariDataSource       : HikariPool-1 - Start completed.
2023-05-06T17:39:58.214+08:00  INFO 27706 --- [main] o.s.b.a.h2.H2ConsoleAutoConfiguration    : H2 console available at '/h2-console'. Database available at 'jdbc:h2:file:./ByYourSide/config/db/.h2/side_db'
2023-05-06T17:39:58.416+08:00  INFO 27706 --- [main] o.s.o.j.p.SpringPersistenceUnitInfo      : No LoadTimeWeaver setup: ignoring JPA class transformer
2023-05-06T17:39:58.439+08:00  INFO 27706 --- [main] SQL dialect                              : HHH000400: Using dialect: org.hibernate.dialect.H2Dialect, version: 2.1.214
2023-05-06T17:39:58.803+08:00  INFO 27706 --- [main] j.LocalContainerEntityManagerFactoryBean : Initialized JPA EntityManagerFactory for persistence unit 'default'
2023-05-06T17:39:59.134+08:00  WARN 27706 --- [main] JpaBaseConfiguration$JpaWebConfiguration : spring.jpa.open-in-view is enabled by default. Therefore, database queries may be performed during view rendering. Explicitly configure spring.jpa.open-in-view to disable this warning
2023-05-06T17:39:59.262+08:00  INFO 27706 --- [main] o.s.b.w.embedded.tomcat.TomcatWebServer  : Tomcat started on port(s): 8080 (http) with context path ''
2023-05-06T17:39:59.267+08:00  INFO 27706 --- [main] c.lyl.byyouside.ByYouSideApplicationKt   : Started ByYouSideApplicationKt in 2.154 seconds (process running for 2.413)
2023-05-06T17:40:03.134+08:00  INFO 27706 --- [http-nio-8080-exec-1] o.a.c.c.C.[Tomcat].[localhost].[/]       : Initializing Spring DispatcherServlet 'dispatcherServlet'
2023-05-06T17:40:03.135+08:00  INFO 27706 --- [http-nio-8080-exec-1] o.s.web.servlet.DispatcherServlet        : Initializing Servlet 'dispatcherServlet'
2023-05-06T17:40:03.136+08:00  INFO 27706 --- [http-nio-8080-exec-1] o.s.web.servlet.DispatcherServlet        : Completed initialization in 1 ms
2023-05-06T17:42:12.300+08:00  INFO 27706 --- [SpringApplicationShutdownHook] j.LocalContainerEntityManagerFactoryBean : Closing JPA EntityManagerFactory for persistence unit 'default'
2023-05-06T17:42:12.302+08:00  INFO 27706 --- [SpringApplicationShutdownHook] com.zaxxer.hikari.HikariDataSource       : HikariPool-1 - Shutdown initiated...
2023-05-06T17:42:12.303+08:00  INFO 27706 --- [SpringApplicationShutdownHook] com.zaxxer.hikari.HikariDataSource       : HikariPool-1 - Shutdown completed.
2023-05-06T17:42:18.055+08:00  INFO 27797 --- [main] c.lyl.byyouside.ByYouSideApplicationKt   : Starting ByYouSideApplicationKt using Java 17.0.7 with PID 27797 (/Users/lyl/developer/project/me/ByYourSide/web/ByYouSide/build/classes/kotlin/main started by lyl in /Users/lyl/developer/project/me/ByYourSide/web/ByYouSide)
2023-05-06T17:42:18.056+08:00  INFO 27797 --- [main] c.lyl.byyouside.ByYouSideApplicationKt   : The following 1 profile is active: "dev"
2023-05-06T17:42:18.887+08:00  INFO 27797 --- [main] .s.d.r.c.RepositoryConfigurationDelegate : Bootstrapping Spring Data JPA repositories in DEFAULT mode.
2023-05-06T17:42:18.966+08:00  INFO 27797 --- [main] .s.d.r.c.RepositoryConfigurationDelegate : Finished Spring Data repository scanning in 73 ms. Found 5 JPA repository interfaces.
2023-05-06T17:42:19.217+08:00  INFO 27797 --- [main] o.s.b.w.embedded.tomcat.TomcatWebServer  : Tomcat initialized with port(s): 8080 (http)
2023-05-06T17:42:19.222+08:00  INFO 27797 --- [main] o.apache.catalina.core.StandardService   : Starting service [Tomcat]
2023-05-06T17:42:19.222+08:00  INFO 27797 --- [main] o.apache.catalina.core.StandardEngine    : Starting Servlet engine: [Apache Tomcat/10.1.8]
2023-05-06T17:42:19.262+08:00  INFO 27797 --- [main] o.a.c.c.C.[Tomcat].[localhost].[/]       : Initializing Spring embedded WebApplicationContext
2023-05-06T17:42:19.262+08:00  INFO 27797 --- [main] w.s.c.ServletWebServerApplicationContext : Root WebApplicationContext: initialization completed in 1185 ms
2023-05-06T17:42:19.276+08:00  INFO 27797 --- [main] com.zaxxer.hikari.HikariDataSource       : HikariPool-1 - Starting...
2023-05-06T17:42:19.392+08:00  INFO 27797 --- [main] com.zaxxer.hikari.pool.HikariPool        : HikariPool-1 - Added connection conn0: url=jdbc:h2:file:./ByYourSide/config/db/.h2/side_db user=ROOT
2023-05-06T17:42:19.393+08:00  INFO 27797 --- [main] com.zaxxer.hikari.HikariDataSource       : HikariPool-1 - Start completed.
2023-05-06T17:42:19.398+08:00  INFO 27797 --- [main] o.s.b.a.h2.H2ConsoleAutoConfiguration    : H2 console available at '/h2-console'. Database available at 'jdbc:h2:file:./ByYourSide/config/db/.h2/side_db'
2023-05-06T17:42:19.612+08:00  INFO 27797 --- [main] o.s.o.j.p.SpringPersistenceUnitInfo      : No LoadTimeWeaver setup: ignoring JPA class transformer
2023-05-06T17:42:19.634+08:00  INFO 27797 --- [main] SQL dialect                              : HHH000400: Using dialect: org.hibernate.dialect.H2Dialect, version: 2.1.214
2023-05-06T17:42:20.028+08:00  INFO 27797 --- [main] j.LocalContainerEntityManagerFactoryBean : Initialized JPA EntityManagerFactory for persistence unit 'default'
2023-05-06T17:42:20.366+08:00  WARN 27797 --- [main] JpaBaseConfiguration$JpaWebConfiguration : spring.jpa.open-in-view is enabled by default. Therefore, database queries may be performed during view rendering. Explicitly configure spring.jpa.open-in-view to disable this warning
2023-05-06T17:42:20.499+08:00  INFO 27797 --- [main] o.s.b.w.embedded.tomcat.TomcatWebServer  : Tomcat started on port(s): 8080 (http) with context path ''
2023-05-06T17:42:20.503+08:00  INFO 27797 --- [main] c.lyl.byyouside.ByYouSideApplicationKt   : Started ByYouSideApplicationKt in 2.633 seconds (process running for 2.881)
2023-05-06T17:42:26.482+08:00  INFO 27797 --- [http-nio-8080-exec-1] o.a.c.c.C.[Tomcat].[localhost].[/]       : Initializing Spring DispatcherServlet 'dispatcherServlet'
2023-05-06T17:42:26.482+08:00  INFO 27797 --- [http-nio-8080-exec-1] o.s.web.servlet.DispatcherServlet        : Initializing Servlet 'dispatcherServlet'
2023-05-06T17:42:26.484+08:00  INFO 27797 --- [http-nio-8080-exec-1] o.s.web.servlet.DispatcherServlet        : Completed initialization in 2 ms
2023-05-06T17:42:51.544+08:00  INFO 27797 --- [SpringApplicationShutdownHook] j.LocalContainerEntityManagerFactoryBean : Closing JPA EntityManagerFactory for persistence unit 'default'
2023-05-06T17:42:51.546+08:00  INFO 27797 --- [SpringApplicationShutdownHook] com.zaxxer.hikari.HikariDataSource       : HikariPool-1 - Shutdown initiated...
2023-05-06T17:42:51.548+08:00  INFO 27797 --- [SpringApplicationShutdownHook] com.zaxxer.hikari.HikariDataSource       : HikariPool-1 - Shutdown completed.
2023-05-06T17:42:59.720+08:00  INFO 27856 --- [main] c.lyl.byyouside.ByYouSideApplicationKt   : Starting ByYouSideApplicationKt using Java 17.0.7 with PID 27856 (/Users/lyl/developer/project/me/ByYourSide/web/ByYouSide/build/classes/kotlin/main started by lyl in /Users/lyl/developer/project/me/ByYourSide/web/ByYouSide)
2023-05-06T17:42:59.721+08:00  INFO 27856 --- [main] c.lyl.byyouside.ByYouSideApplicationKt   : The following 1 profile is active: "dev"
2023-05-06T17:43:00.256+08:00  INFO 27856 --- [main] .s.d.r.c.RepositoryConfigurationDelegate : Bootstrapping Spring Data JPA repositories in DEFAULT mode.
2023-05-06T17:43:00.297+08:00  INFO 27856 --- [main] .s.d.r.c.RepositoryConfigurationDelegate : Finished Spring Data repository scanning in 37 ms. Found 5 JPA repository interfaces.
2023-05-06T17:43:00.535+08:00  INFO 27856 --- [main] o.s.b.w.embedded.tomcat.TomcatWebServer  : Tomcat initialized with port(s): 8080 (http)
2023-05-06T17:43:00.539+08:00  INFO 27856 --- [main] o.apache.catalina.core.StandardService   : Starting service [Tomcat]
2023-05-06T17:43:00.539+08:00  INFO 27856 --- [main] o.apache.catalina.core.StandardEngine    : Starting Servlet engine: [Apache Tomcat/10.1.8]
2023-05-06T17:43:00.576+08:00  INFO 27856 --- [main] o.a.c.c.C.[Tomcat].[localhost].[/]       : Initializing Spring embedded WebApplicationContext
2023-05-06T17:43:00.576+08:00  INFO 27856 --- [main] w.s.c.ServletWebServerApplicationContext : Root WebApplicationContext: initialization completed in 835 ms
2023-05-06T17:43:00.593+08:00  INFO 27856 --- [main] com.zaxxer.hikari.HikariDataSource       : HikariPool-1 - Starting...
2023-05-06T17:43:00.761+08:00  INFO 27856 --- [main] com.zaxxer.hikari.pool.HikariPool        : HikariPool-1 - Added connection conn0: url=jdbc:h2:file:./ByYourSide/config/db/.h2/side_db user=ROOT
2023-05-06T17:43:00.762+08:00  INFO 27856 --- [main] com.zaxxer.hikari.HikariDataSource       : HikariPool-1 - Start completed.
2023-05-06T17:43:00.773+08:00  INFO 27856 --- [main] o.s.b.a.h2.H2ConsoleAutoConfiguration    : H2 console available at '/h2-console'. Database available at 'jdbc:h2:file:./ByYourSide/config/db/.h2/side_db'
2023-05-06T17:43:01.032+08:00  INFO 27856 --- [main] o.s.o.j.p.SpringPersistenceUnitInfo      : No LoadTimeWeaver setup: ignoring JPA class transformer
2023-05-06T17:43:01.063+08:00  INFO 27856 --- [main] SQL dialect                              : HHH000400: Using dialect: org.hibernate.dialect.H2Dialect, version: 2.1.214
2023-05-06T17:43:01.442+08:00  INFO 27856 --- [main] j.LocalContainerEntityManagerFactoryBean : Initialized JPA EntityManagerFactory for persistence unit 'default'
2023-05-06T17:43:01.775+08:00  WARN 27856 --- [main] JpaBaseConfiguration$JpaWebConfiguration : spring.jpa.open-in-view is enabled by default. Therefore, database queries may be performed during view rendering. Explicitly configure spring.jpa.open-in-view to disable this warning
2023-05-06T17:43:01.907+08:00  INFO 27856 --- [main] o.s.b.w.embedded.tomcat.TomcatWebServer  : Tomcat started on port(s): 8080 (http) with context path ''
2023-05-06T17:43:01.911+08:00  INFO 27856 --- [main] c.lyl.byyouside.ByYouSideApplicationKt   : Started ByYouSideApplicationKt in 2.36 seconds (process running for 2.588)
2023-05-06T17:43:05.681+08:00  INFO 27856 --- [http-nio-8080-exec-1] o.a.c.c.C.[Tomcat].[localhost].[/]       : Initializing Spring DispatcherServlet 'dispatcherServlet'
2023-05-06T17:43:05.682+08:00  INFO 27856 --- [http-nio-8080-exec-1] o.s.web.servlet.DispatcherServlet        : Initializing Servlet 'dispatcherServlet'
2023-05-06T17:43:05.684+08:00  INFO 27856 --- [http-nio-8080-exec-1] o.s.web.servlet.DispatcherServlet        : Completed initialization in 2 ms
2023-05-06T17:51:57.352+08:00  INFO 27856 --- [SpringApplicationShutdownHook] j.LocalContainerEntityManagerFactoryBean : Closing JPA EntityManagerFactory for persistence unit 'default'
2023-05-06T17:51:57.359+08:00  INFO 27856 --- [SpringApplicationShutdownHook] com.zaxxer.hikari.HikariDataSource       : HikariPool-1 - Shutdown initiated...
2023-05-06T17:51:57.361+08:00  INFO 27856 --- [SpringApplicationShutdownHook] com.zaxxer.hikari.HikariDataSource       : HikariPool-1 - Shutdown completed.
2023-05-06T17:51:59.893+08:00  INFO 28275 --- [main] c.lyl.byyouside.ByYouSideApplicationKt   : Starting ByYouSideApplicationKt using Java 17.0.7 with PID 28275 (/Users/lyl/developer/project/me/ByYourSide/web/ByYouSide/build/classes/kotlin/main started by lyl in /Users/lyl/developer/project/me/ByYourSide/web/ByYouSide)
2023-05-06T17:51:59.895+08:00  INFO 28275 --- [main] c.lyl.byyouside.ByYouSideApplicationKt   : The following 1 profile is active: "dev"
2023-05-06T17:52:00.333+08:00  INFO 28275 --- [main] .s.d.r.c.RepositoryConfigurationDelegate : Bootstrapping Spring Data JPA repositories in DEFAULT mode.
2023-05-06T17:52:00.367+08:00  INFO 28275 --- [main] .s.d.r.c.RepositoryConfigurationDelegate : Finished Spring Data repository scanning in 29 ms. Found 5 JPA repository interfaces.
2023-05-06T17:52:00.574+08:00  INFO 28275 --- [main] o.s.b.w.embedded.tomcat.TomcatWebServer  : Tomcat initialized with port(s): 8080 (http)
2023-05-06T17:52:00.578+08:00  INFO 28275 --- [main] o.apache.catalina.core.StandardService   : Starting service [Tomcat]
2023-05-06T17:52:00.578+08:00  INFO 28275 --- [main] o.apache.catalina.core.StandardEngine    : Starting Servlet engine: [Apache Tomcat/10.1.8]
2023-05-06T17:52:00.614+08:00  INFO 28275 --- [main] o.a.c.c.C.[Tomcat].[localhost].[/]       : Initializing Spring embedded WebApplicationContext
2023-05-06T17:52:00.614+08:00  INFO 28275 --- [main] w.s.c.ServletWebServerApplicationContext : Root WebApplicationContext: initialization completed in 692 ms
2023-05-06T17:52:00.626+08:00  INFO 28275 --- [main] com.zaxxer.hikari.HikariDataSource       : HikariPool-1 - Starting...
2023-05-06T17:52:00.731+08:00  INFO 28275 --- [main] com.zaxxer.hikari.pool.HikariPool        : HikariPool-1 - Added connection conn0: url=jdbc:h2:file:./ByYourSide/config/db/.h2/side_db user=ROOT
2023-05-06T17:52:00.732+08:00  INFO 28275 --- [main] com.zaxxer.hikari.HikariDataSource       : HikariPool-1 - Start completed.
2023-05-06T17:52:00.737+08:00  INFO 28275 --- [main] o.s.b.a.h2.H2ConsoleAutoConfiguration    : H2 console available at '/h2-console'. Database available at 'jdbc:h2:file:./ByYourSide/config/db/.h2/side_db'
2023-05-06T17:52:00.931+08:00  INFO 28275 --- [main] o.s.o.j.p.SpringPersistenceUnitInfo      : No LoadTimeWeaver setup: ignoring JPA class transformer
2023-05-06T17:52:00.951+08:00  INFO 28275 --- [main] SQL dialect                              : HHH000400: Using dialect: org.hibernate.dialect.H2Dialect, version: 2.1.214
2023-05-06T17:52:01.326+08:00  INFO 28275 --- [main] j.LocalContainerEntityManagerFactoryBean : Initialized JPA EntityManagerFactory for persistence unit 'default'
2023-05-06T17:52:01.660+08:00  WARN 28275 --- [main] JpaBaseConfiguration$JpaWebConfiguration : spring.jpa.open-in-view is enabled by default. Therefore, database queries may be performed during view rendering. Explicitly configure spring.jpa.open-in-view to disable this warning
2023-05-06T17:52:01.790+08:00  INFO 28275 --- [main] o.s.b.w.embedded.tomcat.TomcatWebServer  : Tomcat started on port(s): 8080 (http) with context path ''
2023-05-06T17:52:01.794+08:00  INFO 28275 --- [main] c.lyl.byyouside.ByYouSideApplicationKt   : Started ByYouSideApplicationKt in 2.104 seconds (process running for 2.593)
2023-05-06T17:53:08.539+08:00  INFO 28275 --- [http-nio-8080-exec-1] o.a.c.c.C.[Tomcat].[localhost].[/]       : Initializing Spring DispatcherServlet 'dispatcherServlet'
2023-05-06T17:53:08.539+08:00  INFO 28275 --- [http-nio-8080-exec-1] o.s.web.servlet.DispatcherServlet        : Initializing Servlet 'dispatcherServlet'
2023-05-06T17:53:08.541+08:00  INFO 28275 --- [http-nio-8080-exec-1] o.s.web.servlet.DispatcherServlet        : Completed initialization in 1 ms
2023-05-06T18:06:54.686+08:00  INFO 28275 --- [SpringApplicationShutdownHook] j.LocalContainerEntityManagerFactoryBean : Closing JPA EntityManagerFactory for persistence unit 'default'
2023-05-06T18:06:54.691+08:00  INFO 28275 --- [SpringApplicationShutdownHook] com.zaxxer.hikari.HikariDataSource       : HikariPool-1 - Shutdown initiated...
2023-05-06T18:06:54.693+08:00  INFO 28275 --- [SpringApplicationShutdownHook] com.zaxxer.hikari.HikariDataSource       : HikariPool-1 - Shutdown completed.
2023-05-06T18:06:59.240+08:00  INFO 28990 --- [main] c.lyl.byyouside.ByYouSideApplicationKt   : Starting ByYouSideApplicationKt using Java 17.0.7 with PID 28990 (/Users/lyl/developer/project/me/ByYourSide/web/ByYouSide/build/classes/kotlin/main started by lyl in /Users/lyl/developer/project/me/ByYourSide/web/ByYouSide)
2023-05-06T18:06:59.241+08:00  INFO 28990 --- [main] c.lyl.byyouside.ByYouSideApplicationKt   : The following 1 profile is active: "dev"
2023-05-06T18:06:59.673+08:00  INFO 28990 --- [main] .s.d.r.c.RepositoryConfigurationDelegate : Bootstrapping Spring Data JPA repositories in DEFAULT mode.
2023-05-06T18:06:59.700+08:00  INFO 28990 --- [main] .s.d.r.c.RepositoryConfigurationDelegate : Finished Spring Data repository scanning in 23 ms. Found 5 JPA repository interfaces.
2023-05-06T18:06:59.922+08:00  INFO 28990 --- [main] o.s.b.w.embedded.tomcat.TomcatWebServer  : Tomcat initialized with port(s): 8080 (http)
2023-05-06T18:06:59.926+08:00  INFO 28990 --- [main] o.apache.catalina.core.StandardService   : Starting service [Tomcat]
2023-05-06T18:06:59.926+08:00  INFO 28990 --- [main] o.apache.catalina.core.StandardEngine    : Starting Servlet engine: [Apache Tomcat/10.1.8]
2023-05-06T18:06:59.962+08:00  INFO 28990 --- [main] o.a.c.c.C.[Tomcat].[localhost].[/]       : Initializing Spring embedded WebApplicationContext
2023-05-06T18:06:59.962+08:00  INFO 28990 --- [main] w.s.c.ServletWebServerApplicationContext : Root WebApplicationContext: initialization completed in 701 ms
2023-05-06T18:06:59.975+08:00  INFO 28990 --- [main] com.zaxxer.hikari.HikariDataSource       : HikariPool-1 - Starting...
2023-05-06T18:07:00.076+08:00  INFO 28990 --- [main] com.zaxxer.hikari.pool.HikariPool        : HikariPool-1 - Added connection conn0: url=jdbc:h2:file:./ByYourSide/config/db/.h2/side_db user=ROOT
2023-05-06T18:07:00.077+08:00  INFO 28990 --- [main] com.zaxxer.hikari.HikariDataSource       : HikariPool-1 - Start completed.
2023-05-06T18:07:00.082+08:00  INFO 28990 --- [main] o.s.b.a.h2.H2ConsoleAutoConfiguration    : H2 console available at '/h2-console'. Database available at 'jdbc:h2:file:./ByYourSide/config/db/.h2/side_db'
2023-05-06T18:07:00.298+08:00  INFO 28990 --- [main] o.s.o.j.p.SpringPersistenceUnitInfo      : No LoadTimeWeaver setup: ignoring JPA class transformer
2023-05-06T18:07:00.730+08:00  INFO 28990 --- [main] j.LocalContainerEntityManagerFactoryBean : Initialized JPA EntityManagerFactory for persistence unit 'default'
2023-05-06T18:07:01.103+08:00  WARN 28990 --- [main] JpaBaseConfiguration$JpaWebConfiguration : spring.jpa.open-in-view is enabled by default. Therefore, database queries may be performed during view rendering. Explicitly configure spring.jpa.open-in-view to disable this warning
2023-05-06T18:07:01.244+08:00  INFO 28990 --- [main] o.s.b.w.embedded.tomcat.TomcatWebServer  : Tomcat started on port(s): 8080 (http) with context path ''
2023-05-06T18:07:01.248+08:00  INFO 28990 --- [main] c.lyl.byyouside.ByYouSideApplicationKt   : Started ByYouSideApplicationKt in 2.183 seconds (process running for 2.613)
2023-05-06T18:07:20.941+08:00  INFO 28990 --- [http-nio-8080-exec-1] o.a.c.c.C.[Tomcat].[localhost].[/]       : Initializing Spring DispatcherServlet 'dispatcherServlet'
2023-05-06T18:07:20.941+08:00  INFO 28990 --- [http-nio-8080-exec-1] o.s.web.servlet.DispatcherServlet        : Initializing Servlet 'dispatcherServlet'
2023-05-06T18:07:20.942+08:00  INFO 28990 --- [http-nio-8080-exec-1] o.s.web.servlet.DispatcherServlet        : Completed initialization in 1 ms
2023-05-06T18:10:16.974+08:00 ERROR 28990 --- [http-nio-8080-exec-8] o.h.engine.jdbc.spi.SqlExceptionHelper   : Syntax error in SQL statement "select u1_0.id from [*]user u1_0 where u1_0.user_name=? fetch first ? rows only"; expected "identifier"; SQL statement:
select u1_0.id from user u1_0 where u1_0.user_name=? fetch first ? rows only [42001-214]
2023-05-06T18:10:16.985+08:00 ERROR 28990 --- [http-nio-8080-exec-8] o.a.c.c.C.[.[.[/].[dispatcherServlet]    : Servlet.service() for servlet [dispatcherServlet] in context with path [] threw exception [Request processing failed: org.springframework.dao.InvalidDataAccessResourceUsageException: could not prepare statement [Syntax error in SQL statement "select u1_0.id from [*]user u1_0 where u1_0.user_name=? fetch first ? rows only"; expected "identifier"; SQL statement:
select u1_0.id from user u1_0 where u1_0.user_name=? fetch first ? rows only [42001-214]] [select u1_0.id from user u1_0 where u1_0.user_name=? fetch first ? rows only]; SQL [select u1_0.id from user u1_0 where u1_0.user_name=? fetch first ? rows only]] with root cause

org.h2.jdbc.JdbcSQLSyntaxErrorException: Syntax error in SQL statement "select u1_0.id from [*]user u1_0 where u1_0.user_name=? fetch first ? rows only"; expected "identifier"; SQL statement:
select u1_0.id from user u1_0 where u1_0.user_name=? fetch first ? rows only [42001-214]
	at org.h2.message.DbException.getJdbcSQLException(DbException.java:502) ~[h2-2.1.214.jar:2.1.214]
	at org.h2.message.DbException.getJdbcSQLException(DbException.java:477) ~[h2-2.1.214.jar:2.1.214]
	at org.h2.message.DbException.getSyntaxError(DbException.java:261) ~[h2-2.1.214.jar:2.1.214]
	at org.h2.command.Parser.readIdentifier(Parser.java:5656) ~[h2-2.1.214.jar:2.1.214]
	at org.h2.command.Parser.readTablePrimary(Parser.java:1814) ~[h2-2.1.214.jar:2.1.214]
	at org.h2.command.Parser.readTableReference(Parser.java:2334) ~[h2-2.1.214.jar:2.1.214]
	at org.h2.command.Parser.parseSelectFromPart(Parser.java:2772) ~[h2-2.1.214.jar:2.1.214]
	at org.h2.command.Parser.parseSelect(Parser.java:2878) ~[h2-2.1.214.jar:2.1.214]
	at org.h2.command.Parser.parseQueryPrimary(Parser.java:2762) ~[h2-2.1.214.jar:2.1.214]
	at org.h2.command.Parser.parseQueryTerm(Parser.java:2633) ~[h2-2.1.214.jar:2.1.214]
	at org.h2.command.Parser.parseQueryExpressionBody(Parser.java:2612) ~[h2-2.1.214.jar:2.1.214]
	at org.h2.command.Parser.parseQueryExpressionBodyAndEndOfQuery(Parser.java:2605) ~[h2-2.1.214.jar:2.1.214]
	at org.h2.command.Parser.parseQueryExpression(Parser.java:2598) ~[h2-2.1.214.jar:2.1.214]
	at org.h2.command.Parser.parseQuery(Parser.java:2567) ~[h2-2.1.214.jar:2.1.214]
	at org.h2.command.Parser.parsePrepared(Parser.java:724) ~[h2-2.1.214.jar:2.1.214]
	at org.h2.command.Parser.parse(Parser.java:689) ~[h2-2.1.214.jar:2.1.214]
	at org.h2.command.Parser.parse(Parser.java:661) ~[h2-2.1.214.jar:2.1.214]
	at org.h2.command.Parser.prepareCommand(Parser.java:569) ~[h2-2.1.214.jar:2.1.214]
	at org.h2.engine.SessionLocal.prepareLocal(SessionLocal.java:631) ~[h2-2.1.214.jar:2.1.214]
	at org.h2.engine.SessionLocal.prepareCommand(SessionLocal.java:554) ~[h2-2.1.214.jar:2.1.214]
	at org.h2.jdbc.JdbcConnection.prepareCommand(JdbcConnection.java:1116) ~[h2-2.1.214.jar:2.1.214]
	at org.h2.jdbc.JdbcPreparedStatement.<init>(JdbcPreparedStatement.java:92) ~[h2-2.1.214.jar:2.1.214]
	at org.h2.jdbc.JdbcConnection.prepareStatement(JdbcConnection.java:288) ~[h2-2.1.214.jar:2.1.214]
	at com.zaxxer.hikari.pool.ProxyConnection.prepareStatement(ProxyConnection.java:327) ~[HikariCP-5.0.1.jar:na]
	at com.zaxxer.hikari.pool.HikariProxyConnection.prepareStatement(HikariProxyConnection.java) ~[HikariCP-5.0.1.jar:na]
	at org.hibernate.engine.jdbc.internal.StatementPreparerImpl$1.doPrepare(StatementPreparerImpl.java:91) ~[hibernate-core-6.2.2.Final.jar:6.2.2.Final]
	at org.hibernate.engine.jdbc.internal.StatementPreparerImpl$StatementPreparationTemplate.prepareStatement(StatementPreparerImpl.java:177) ~[hibernate-core-6.2.2.Final.jar:6.2.2.Final]
	at org.hibernate.engine.jdbc.internal.StatementPreparerImpl.prepareStatement(StatementPreparerImpl.java:76) ~[hibernate-core-6.2.2.Final.jar:6.2.2.Final]
	at org.hibernate.sql.exec.internal.JdbcSelectExecutorStandardImpl.lambda$list$0(JdbcSelectExecutorStandardImpl.java:102) ~[hibernate-core-6.2.2.Final.jar:6.2.2.Final]
	at org.hibernate.sql.results.jdbc.internal.DeferredResultSetAccess.executeQuery(DeferredResultSetAccess.java:226) ~[hibernate-core-6.2.2.Final.jar:6.2.2.Final]
	at org.hibernate.sql.results.jdbc.internal.DeferredResultSetAccess.getResultSet(DeferredResultSetAccess.java:163) ~[hibernate-core-6.2.2.Final.jar:6.2.2.Final]
	at org.hibernate.sql.results.jdbc.internal.JdbcValuesResultSetImpl.advanceNext(JdbcValuesResultSetImpl.java:204) ~[hibernate-core-6.2.2.Final.jar:6.2.2.Final]
	at org.hibernate.sql.results.jdbc.internal.JdbcValuesResultSetImpl.processNext(JdbcValuesResultSetImpl.java:84) ~[hibernate-core-6.2.2.Final.jar:6.2.2.Final]
	at org.hibernate.sql.results.jdbc.internal.AbstractJdbcValues.next(AbstractJdbcValues.java:29) ~[hibernate-core-6.2.2.Final.jar:6.2.2.Final]
	at org.hibernate.sql.results.internal.RowProcessingStateStandardImpl.next(RowProcessingStateStandardImpl.java:65) ~[hibernate-core-6.2.2.Final.jar:6.2.2.Final]
	at org.hibernate.sql.results.spi.ListResultsConsumer.consume(ListResultsConsumer.java:198) ~[hibernate-core-6.2.2.Final.jar:6.2.2.Final]
	at org.hibernate.sql.results.spi.ListResultsConsumer.consume(ListResultsConsumer.java:33) ~[hibernate-core-6.2.2.Final.jar:6.2.2.Final]
	at org.hibernate.sql.exec.internal.JdbcSelectExecutorStandardImpl.doExecuteQuery(JdbcSelectExecutorStandardImpl.java:362) ~[hibernate-core-6.2.2.Final.jar:6.2.2.Final]
	at org.hibernate.sql.exec.internal.JdbcSelectExecutorStandardImpl.executeQuery(JdbcSelectExecutorStandardImpl.java:168) ~[hibernate-core-6.2.2.Final.jar:6.2.2.Final]
	at org.hibernate.sql.exec.internal.JdbcSelectExecutorStandardImpl.list(JdbcSelectExecutorStandardImpl.java:93) ~[hibernate-core-6.2.2.Final.jar:6.2.2.Final]
	at org.hibernate.sql.exec.spi.JdbcSelectExecutor.list(JdbcSelectExecutor.java:31) ~[hibernate-core-6.2.2.Final.jar:6.2.2.Final]
	at org.hibernate.query.sqm.internal.ConcreteSqmSelectQueryPlan.lambda$new$0(ConcreteSqmSelectQueryPlan.java:109) ~[hibernate-core-6.2.2.Final.jar:6.2.2.Final]
	at org.hibernate.query.sqm.internal.ConcreteSqmSelectQueryPlan.withCacheableSqmInterpretation(ConcreteSqmSelectQueryPlan.java:302) ~[hibernate-core-6.2.2.Final.jar:6.2.2.Final]
	at org.hibernate.query.sqm.internal.ConcreteSqmSelectQueryPlan.performList(ConcreteSqmSelectQueryPlan.java:243) ~[hibernate-core-6.2.2.Final.jar:6.2.2.Final]
	at org.hibernate.query.sqm.internal.QuerySqmImpl.doList(QuerySqmImpl.java:518) ~[hibernate-core-6.2.2.Final.jar:6.2.2.Final]
	at org.hibernate.query.spi.AbstractSelectionQuery.list(AbstractSelectionQuery.java:367) ~[hibernate-core-6.2.2.Final.jar:6.2.2.Final]
	at org.hibernate.query.Query.getResultList(Query.java:119) ~[hibernate-core-6.2.2.Final.jar:6.2.2.Final]
	at org.springframework.data.jpa.repository.query.JpaQueryExecution$ExistsExecution.doExecute(JpaQueryExecution.java:315) ~[spring-data-jpa-3.1.0-SNAPSHOT.jar:3.1.0-SNAPSHOT]
	at org.springframework.data.jpa.repository.query.JpaQueryExecution.execute(JpaQueryExecution.java:92) ~[spring-data-jpa-3.1.0-SNAPSHOT.jar:3.1.0-SNAPSHOT]
	at org.springframework.data.jpa.repository.query.AbstractJpaQuery.doExecute(AbstractJpaQuery.java:148) ~[spring-data-jpa-3.1.0-SNAPSHOT.jar:3.1.0-SNAPSHOT]
	at org.springframework.data.jpa.repository.query.AbstractJpaQuery.execute(AbstractJpaQuery.java:136) ~[spring-data-jpa-3.1.0-SNAPSHOT.jar:3.1.0-SNAPSHOT]
	at org.springframework.data.repository.core.support.RepositoryMethodInvoker.doInvoke(RepositoryMethodInvoker.java:136) ~[spring-data-commons-3.1.0-SNAPSHOT.jar:3.1.0-SNAPSHOT]
	at org.springframework.data.repository.core.support.RepositoryMethodInvoker.invoke(RepositoryMethodInvoker.java:120) ~[spring-data-commons-3.1.0-SNAPSHOT.jar:3.1.0-SNAPSHOT]
	at org.springframework.data.repository.core.support.QueryExecutorMethodInterceptor.doInvoke(QueryExecutorMethodInterceptor.java:164) ~[spring-data-commons-3.1.0-SNAPSHOT.jar:3.1.0-SNAPSHOT]
	at org.springframework.data.repository.core.support.QueryExecutorMethodInterceptor.invoke(QueryExecutorMethodInterceptor.java:143) ~[spring-data-commons-3.1.0-SNAPSHOT.jar:3.1.0-SNAPSHOT]
	at org.springframework.aop.framework.ReflectiveMethodInvocation.proceed(ReflectiveMethodInvocation.java:184) ~[spring-aop-6.0.9-SNAPSHOT.jar:6.0.9-SNAPSHOT]
	at org.springframework.data.projection.DefaultMethodInvokingMethodInterceptor.invoke(DefaultMethodInvokingMethodInterceptor.java:77) ~[spring-data-commons-3.1.0-SNAPSHOT.jar:3.1.0-SNAPSHOT]
	at org.springframework.aop.framework.ReflectiveMethodInvocation.proceed(ReflectiveMethodInvocation.java:184) ~[spring-aop-6.0.9-SNAPSHOT.jar:6.0.9-SNAPSHOT]
	at org.springframework.transaction.interceptor.TransactionInterceptor$1.proceedWithInvocation(TransactionInterceptor.java:123) ~[spring-tx-6.0.9-SNAPSHOT.jar:6.0.9-SNAPSHOT]
	at org.springframework.transaction.interceptor.TransactionAspectSupport.invokeWithinTransaction(TransactionAspectSupport.java:391) ~[spring-tx-6.0.9-SNAPSHOT.jar:6.0.9-SNAPSHOT]
	at org.springframework.transaction.interceptor.TransactionInterceptor.invoke(TransactionInterceptor.java:119) ~[spring-tx-6.0.9-SNAPSHOT.jar:6.0.9-SNAPSHOT]
	at org.springframework.aop.framework.ReflectiveMethodInvocation.proceed(ReflectiveMethodInvocation.java:184) ~[spring-aop-6.0.9-SNAPSHOT.jar:6.0.9-SNAPSHOT]
	at org.springframework.dao.support.PersistenceExceptionTranslationInterceptor.invoke(PersistenceExceptionTranslationInterceptor.java:137) ~[spring-tx-6.0.9-SNAPSHOT.jar:6.0.9-SNAPSHOT]
	at org.springframework.aop.framework.ReflectiveMethodInvocation.proceed(ReflectiveMethodInvocation.java:184) ~[spring-aop-6.0.9-SNAPSHOT.jar:6.0.9-SNAPSHOT]
	at org.springframework.data.jpa.repository.support.CrudMethodMetadataPostProcessor$CrudMethodMetadataPopulatingMethodInterceptor.invoke(CrudMethodMetadataPostProcessor.java:134) ~[spring-data-jpa-3.1.0-SNAPSHOT.jar:3.1.0-SNAPSHOT]
	at org.springframework.aop.framework.ReflectiveMethodInvocation.proceed(ReflectiveMethodInvocation.java:184) ~[spring-aop-6.0.9-SNAPSHOT.jar:6.0.9-SNAPSHOT]
	at org.springframework.aop.interceptor.ExposeInvocationInterceptor.invoke(ExposeInvocationInterceptor.java:97) ~[spring-aop-6.0.9-SNAPSHOT.jar:6.0.9-SNAPSHOT]
	at org.springframework.aop.framework.ReflectiveMethodInvocation.proceed(ReflectiveMethodInvocation.java:184) ~[spring-aop-6.0.9-SNAPSHOT.jar:6.0.9-SNAPSHOT]
	at org.springframework.data.repository.core.support.MethodInvocationValidator.invoke(MethodInvocationValidator.java:94) ~[spring-data-commons-3.1.0-SNAPSHOT.jar:3.1.0-SNAPSHOT]
	at org.springframework.aop.framework.ReflectiveMethodInvocation.proceed(ReflectiveMethodInvocation.java:184) ~[spring-aop-6.0.9-SNAPSHOT.jar:6.0.9-SNAPSHOT]
	at org.springframework.aop.framework.JdkDynamicAopProxy.invoke(JdkDynamicAopProxy.java:223) ~[spring-aop-6.0.9-SNAPSHOT.jar:6.0.9-SNAPSHOT]
	at jdk.proxy2/jdk.proxy2.$Proxy132.existsByUserName(Unknown Source) ~[na:na]
	at com.lyl.byyouside.controller.api.UserController.registerUser(UserController.kt:47) ~[main/:na]
	at java.base/jdk.internal.reflect.NativeMethodAccessorImpl.invoke0(Native Method) ~[na:na]
	at java.base/jdk.internal.reflect.NativeMethodAccessorImpl.invoke(NativeMethodAccessorImpl.java:77) ~[na:na]
	at java.base/jdk.internal.reflect.DelegatingMethodAccessorImpl.invoke(DelegatingMethodAccessorImpl.java:43) ~[na:na]
	at java.base/java.lang.reflect.Method.invoke(Method.java:568) ~[na:na]
	at org.springframework.web.method.support.InvocableHandlerMethod.doInvoke(InvocableHandlerMethod.java:207) ~[spring-web-6.0.9-SNAPSHOT.jar:6.0.9-SNAPSHOT]
	at org.springframework.web.method.support.InvocableHandlerMethod.invokeForRequest(InvocableHandlerMethod.java:152) ~[spring-web-6.0.9-SNAPSHOT.jar:6.0.9-SNAPSHOT]
	at org.springframework.web.servlet.mvc.method.annotation.ServletInvocableHandlerMethod.invokeAndHandle(ServletInvocableHandlerMethod.java:118) ~[spring-webmvc-6.0.9-SNAPSHOT.jar:6.0.9-SNAPSHOT]
	at org.springframework.web.servlet.mvc.method.annotation.RequestMappingHandlerAdapter.invokeHandlerMethod(RequestMappingHandlerAdapter.java:884) ~[spring-webmvc-6.0.9-SNAPSHOT.jar:6.0.9-SNAPSHOT]
	at org.springframework.web.servlet.mvc.method.annotation.RequestMappingHandlerAdapter.handleInternal(RequestMappingHandlerAdapter.java:797) ~[spring-webmvc-6.0.9-SNAPSHOT.jar:6.0.9-SNAPSHOT]
	at org.springframework.web.servlet.mvc.method.AbstractHandlerMethodAdapter.handle(AbstractHandlerMethodAdapter.java:87) ~[spring-webmvc-6.0.9-SNAPSHOT.jar:6.0.9-SNAPSHOT]
	at org.springframework.web.servlet.DispatcherServlet.doDispatch(DispatcherServlet.java:1081) ~[spring-webmvc-6.0.9-SNAPSHOT.jar:6.0.9-SNAPSHOT]
	at org.springframework.web.servlet.DispatcherServlet.doService(DispatcherServlet.java:974) ~[spring-webmvc-6.0.9-SNAPSHOT.jar:6.0.9-SNAPSHOT]
	at org.springframework.web.servlet.FrameworkServlet.processRequest(FrameworkServlet.java:1011) ~[spring-webmvc-6.0.9-SNAPSHOT.jar:6.0.9-SNAPSHOT]
	at org.springframework.web.servlet.FrameworkServlet.doPost(FrameworkServlet.java:914) ~[spring-webmvc-6.0.9-SNAPSHOT.jar:6.0.9-SNAPSHOT]
	at jakarta.servlet.http.HttpServlet.service(HttpServlet.java:590) ~[tomcat-embed-core-10.1.8.jar:6.0]
	at org.springframework.web.servlet.FrameworkServlet.service(FrameworkServlet.java:885) ~[spring-webmvc-6.0.9-SNAPSHOT.jar:6.0.9-SNAPSHOT]
	at jakarta.servlet.http.HttpServlet.service(HttpServlet.java:658) ~[tomcat-embed-core-10.1.8.jar:6.0]
	at org.apache.catalina.core.ApplicationFilterChain.internalDoFilter(ApplicationFilterChain.java:205) ~[tomcat-embed-core-10.1.8.jar:10.1.8]
	at org.apache.catalina.core.ApplicationFilterChain.doFilter(ApplicationFilterChain.java:149) ~[tomcat-embed-core-10.1.8.jar:10.1.8]
	at org.apache.tomcat.websocket.server.WsFilter.doFilter(WsFilter.java:51) ~[tomcat-embed-websocket-10.1.8.jar:10.1.8]
	at org.apache.catalina.core.ApplicationFilterChain.internalDoFilter(ApplicationFilterChain.java:174) ~[tomcat-embed-core-10.1.8.jar:10.1.8]
	at org.apache.catalina.core.ApplicationFilterChain.doFilter(ApplicationFilterChain.java:149) ~[tomcat-embed-core-10.1.8.jar:10.1.8]
	at org.springframework.web.filter.RequestContextFilter.doFilterInternal(RequestContextFilter.java:100) ~[spring-web-6.0.9-SNAPSHOT.jar:6.0.9-SNAPSHOT]
	at org.springframework.web.filter.OncePerRequestFilter.doFilter(OncePerRequestFilter.java:116) ~[spring-web-6.0.9-SNAPSHOT.jar:6.0.9-SNAPSHOT]
	at org.apache.catalina.core.ApplicationFilterChain.internalDoFilter(ApplicationFilterChain.java:174) ~[tomcat-embed-core-10.1.8.jar:10.1.8]
	at org.apache.catalina.core.ApplicationFilterChain.doFilter(ApplicationFilterChain.java:149) ~[tomcat-embed-core-10.1.8.jar:10.1.8]
	at org.springframework.web.filter.FormContentFilter.doFilterInternal(FormContentFilter.java:93) ~[spring-web-6.0.9-SNAPSHOT.jar:6.0.9-SNAPSHOT]
	at org.springframework.web.filter.OncePerRequestFilter.doFilter(OncePerRequestFilter.java:116) ~[spring-web-6.0.9-SNAPSHOT.jar:6.0.9-SNAPSHOT]
	at org.apache.catalina.core.ApplicationFilterChain.internalDoFilter(ApplicationFilterChain.java:174) ~[tomcat-embed-core-10.1.8.jar:10.1.8]
	at org.apache.catalina.core.ApplicationFilterChain.doFilter(ApplicationFilterChain.java:149) ~[tomcat-embed-core-10.1.8.jar:10.1.8]
	at org.springframework.web.filter.CharacterEncodingFilter.doFilterInternal(CharacterEncodingFilter.java:201) ~[spring-web-6.0.9-SNAPSHOT.jar:6.0.9-SNAPSHOT]
	at org.springframework.web.filter.OncePerRequestFilter.doFilter(OncePerRequestFilter.java:116) ~[spring-web-6.0.9-SNAPSHOT.jar:6.0.9-SNAPSHOT]
	at org.apache.catalina.core.ApplicationFilterChain.internalDoFilter(ApplicationFilterChain.java:174) ~[tomcat-embed-core-10.1.8.jar:10.1.8]
	at org.apache.catalina.core.ApplicationFilterChain.doFilter(ApplicationFilterChain.java:149) ~[tomcat-embed-core-10.1.8.jar:10.1.8]
	at org.apache.catalina.core.StandardWrapperValve.invoke(StandardWrapperValve.java:166) ~[tomcat-embed-core-10.1.8.jar:10.1.8]
	at org.apache.catalina.core.StandardContextValve.invoke(StandardContextValve.java:90) ~[tomcat-embed-core-10.1.8.jar:10.1.8]
	at org.apache.catalina.authenticator.AuthenticatorBase.invoke(AuthenticatorBase.java:482) ~[tomcat-embed-core-10.1.8.jar:10.1.8]
	at org.apache.catalina.core.StandardHostValve.invoke(StandardHostValve.java:115) ~[tomcat-embed-core-10.1.8.jar:10.1.8]
	at org.apache.catalina.valves.ErrorReportValve.invoke(ErrorReportValve.java:93) ~[tomcat-embed-core-10.1.8.jar:10.1.8]
	at org.apache.catalina.core.StandardEngineValve.invoke(StandardEngineValve.java:74) ~[tomcat-embed-core-10.1.8.jar:10.1.8]
	at org.apache.catalina.connector.CoyoteAdapter.service(CoyoteAdapter.java:341) ~[tomcat-embed-core-10.1.8.jar:10.1.8]
	at org.apache.coyote.http11.Http11Processor.service(Http11Processor.java:390) ~[tomcat-embed-core-10.1.8.jar:10.1.8]
	at org.apache.coyote.AbstractProcessorLight.process(AbstractProcessorLight.java:63) ~[tomcat-embed-core-10.1.8.jar:10.1.8]
	at org.apache.coyote.AbstractProtocol$ConnectionHandler.process(AbstractProtocol.java:894) ~[tomcat-embed-core-10.1.8.jar:10.1.8]
	at org.apache.tomcat.util.net.NioEndpoint$SocketProcessor.doRun(NioEndpoint.java:1741) ~[tomcat-embed-core-10.1.8.jar:10.1.8]
	at org.apache.tomcat.util.net.SocketProcessorBase.run(SocketProcessorBase.java:52) ~[tomcat-embed-core-10.1.8.jar:10.1.8]
	at org.apache.tomcat.util.threads.ThreadPoolExecutor.runWorker(ThreadPoolExecutor.java:1191) ~[tomcat-embed-core-10.1.8.jar:10.1.8]
	at org.apache.tomcat.util.threads.ThreadPoolExecutor$Worker.run(ThreadPoolExecutor.java:659) ~[tomcat-embed-core-10.1.8.jar:10.1.8]
	at org.apache.tomcat.util.threads.TaskThread$WrappingRunnable.run(TaskThread.java:61) ~[tomcat-embed-core-10.1.8.jar:10.1.8]
	at java.base/java.lang.Thread.run(Thread.java:833) ~[na:na]

2023-05-06T18:12:17.397+08:00  INFO 28990 --- [SpringApplicationShutdownHook] j.LocalContainerEntityManagerFactoryBean : Closing JPA EntityManagerFactory for persistence unit 'default'
2023-05-06T18:12:17.400+08:00  INFO 28990 --- [SpringApplicationShutdownHook] com.zaxxer.hikari.HikariDataSource       : HikariPool-1 - Shutdown initiated...
2023-05-06T18:12:17.400+08:00  INFO 28990 --- [SpringApplicationShutdownHook] com.zaxxer.hikari.HikariDataSource       : HikariPool-1 - Shutdown completed.
2023-05-06T18:12:20.216+08:00  INFO 29211 --- [main] c.lyl.byyouside.ByYouSideApplicationKt   : Starting ByYouSideApplicationKt using Java 17.0.7 with PID 29211 (/Users/lyl/developer/project/me/ByYourSide/web/ByYouSide/build/classes/kotlin/main started by lyl in /Users/lyl/developer/project/me/ByYourSide/web/ByYouSide)
2023-05-06T18:12:20.217+08:00  INFO 29211 --- [main] c.lyl.byyouside.ByYouSideApplicationKt   : The following 1 profile is active: "dev"
2023-05-06T18:12:20.669+08:00  INFO 29211 --- [main] .s.d.r.c.RepositoryConfigurationDelegate : Bootstrapping Spring Data JPA repositories in DEFAULT mode.
2023-05-06T18:12:20.695+08:00  INFO 29211 --- [main] .s.d.r.c.RepositoryConfigurationDelegate : Finished Spring Data repository scanning in 24 ms. Found 5 JPA repository interfaces.
2023-05-06T18:12:20.905+08:00  INFO 29211 --- [main] o.s.b.w.embedded.tomcat.TomcatWebServer  : Tomcat initialized with port(s): 8080 (http)
2023-05-06T18:12:20.909+08:00  INFO 29211 --- [main] o.apache.catalina.core.StandardService   : Starting service [Tomcat]
2023-05-06T18:12:20.910+08:00  INFO 29211 --- [main] o.apache.catalina.core.StandardEngine    : Starting Servlet engine: [Apache Tomcat/10.1.8]
2023-05-06T18:12:20.944+08:00  INFO 29211 --- [main] o.a.c.c.C.[Tomcat].[localhost].[/]       : Initializing Spring embedded WebApplicationContext
2023-05-06T18:12:20.944+08:00  INFO 29211 --- [main] w.s.c.ServletWebServerApplicationContext : Root WebApplicationContext: initialization completed in 709 ms
2023-05-06T18:12:20.956+08:00  INFO 29211 --- [main] com.zaxxer.hikari.HikariDataSource       : HikariPool-1 - Starting...
2023-05-06T18:12:21.048+08:00  INFO 29211 --- [main] com.zaxxer.hikari.pool.HikariPool        : HikariPool-1 - Added connection conn0: url=jdbc:h2:file:./ByYourSide/config/db/.h2/side_db user=ROOT
2023-05-06T18:12:21.049+08:00  INFO 29211 --- [main] com.zaxxer.hikari.HikariDataSource       : HikariPool-1 - Start completed.
2023-05-06T18:12:21.054+08:00  INFO 29211 --- [main] o.s.b.a.h2.H2ConsoleAutoConfiguration    : H2 console available at '/h2-console'. Database available at 'jdbc:h2:file:./ByYourSide/config/db/.h2/side_db'
2023-05-06T18:12:21.247+08:00  INFO 29211 --- [main] o.s.o.j.p.SpringPersistenceUnitInfo      : No LoadTimeWeaver setup: ignoring JPA class transformer
2023-05-06T18:12:21.650+08:00  INFO 29211 --- [main] j.LocalContainerEntityManagerFactoryBean : Initialized JPA EntityManagerFactory for persistence unit 'default'
2023-05-06T18:12:21.978+08:00  WARN 29211 --- [main] JpaBaseConfiguration$JpaWebConfiguration : spring.jpa.open-in-view is enabled by default. Therefore, database queries may be performed during view rendering. Explicitly configure spring.jpa.open-in-view to disable this warning
2023-05-06T18:12:22.108+08:00  INFO 29211 --- [main] o.s.b.w.embedded.tomcat.TomcatWebServer  : Tomcat started on port(s): 8080 (http) with context path ''
2023-05-06T18:12:22.114+08:00  INFO 29211 --- [main] c.lyl.byyouside.ByYouSideApplicationKt   : Started ByYouSideApplicationKt in 2.057 seconds (process running for 2.447)
2023-05-06T18:12:27.488+08:00  INFO 29211 --- [http-nio-8080-exec-1] o.a.c.c.C.[Tomcat].[localhost].[/]       : Initializing Spring DispatcherServlet 'dispatcherServlet'
2023-05-06T18:12:27.489+08:00  INFO 29211 --- [http-nio-8080-exec-1] o.s.web.servlet.DispatcherServlet        : Initializing Servlet 'dispatcherServlet'
2023-05-06T18:12:27.490+08:00  INFO 29211 --- [http-nio-8080-exec-1] o.s.web.servlet.DispatcherServlet        : Completed initialization in 1 ms
2023-05-06T18:12:27.568+08:00 ERROR 29211 --- [http-nio-8080-exec-1] o.h.engine.jdbc.spi.SqlExceptionHelper   : Syntax error in SQL statement "select u1_0.id from [*]user u1_0 where u1_0.user_name=? fetch first ? rows only"; expected "identifier"; SQL statement:
select u1_0.id from user u1_0 where u1_0.user_name=? fetch first ? rows only [42001-214]
2023-05-06T18:12:27.572+08:00 ERROR 29211 --- [http-nio-8080-exec-1] o.a.c.c.C.[.[.[/].[dispatcherServlet]    : Servlet.service() for servlet [dispatcherServlet] in context with path [] threw exception [Request processing failed: org.springframework.dao.InvalidDataAccessResourceUsageException: could not prepare statement [Syntax error in SQL statement "select u1_0.id from [*]user u1_0 where u1_0.user_name=? fetch first ? rows only"; expected "identifier"; SQL statement:
select u1_0.id from user u1_0 where u1_0.user_name=? fetch first ? rows only [42001-214]] [select u1_0.id from user u1_0 where u1_0.user_name=? fetch first ? rows only]; SQL [select u1_0.id from user u1_0 where u1_0.user_name=? fetch first ? rows only]] with root cause

org.h2.jdbc.JdbcSQLSyntaxErrorException: Syntax error in SQL statement "select u1_0.id from [*]user u1_0 where u1_0.user_name=? fetch first ? rows only"; expected "identifier"; SQL statement:
select u1_0.id from user u1_0 where u1_0.user_name=? fetch first ? rows only [42001-214]
	at org.h2.message.DbException.getJdbcSQLException(DbException.java:502) ~[h2-2.1.214.jar:2.1.214]
	at org.h2.message.DbException.getJdbcSQLException(DbException.java:477) ~[h2-2.1.214.jar:2.1.214]
	at org.h2.message.DbException.getSyntaxError(DbException.java:261) ~[h2-2.1.214.jar:2.1.214]
	at org.h2.command.Parser.readIdentifier(Parser.java:5656) ~[h2-2.1.214.jar:2.1.214]
	at org.h2.command.Parser.readTablePrimary(Parser.java:1814) ~[h2-2.1.214.jar:2.1.214]
	at org.h2.command.Parser.readTableReference(Parser.java:2334) ~[h2-2.1.214.jar:2.1.214]
	at org.h2.command.Parser.parseSelectFromPart(Parser.java:2772) ~[h2-2.1.214.jar:2.1.214]
	at org.h2.command.Parser.parseSelect(Parser.java:2878) ~[h2-2.1.214.jar:2.1.214]
	at org.h2.command.Parser.parseQueryPrimary(Parser.java:2762) ~[h2-2.1.214.jar:2.1.214]
	at org.h2.command.Parser.parseQueryTerm(Parser.java:2633) ~[h2-2.1.214.jar:2.1.214]
	at org.h2.command.Parser.parseQueryExpressionBody(Parser.java:2612) ~[h2-2.1.214.jar:2.1.214]
	at org.h2.command.Parser.parseQueryExpressionBodyAndEndOfQuery(Parser.java:2605) ~[h2-2.1.214.jar:2.1.214]
	at org.h2.command.Parser.parseQueryExpression(Parser.java:2598) ~[h2-2.1.214.jar:2.1.214]
	at org.h2.command.Parser.parseQuery(Parser.java:2567) ~[h2-2.1.214.jar:2.1.214]
	at org.h2.command.Parser.parsePrepared(Parser.java:724) ~[h2-2.1.214.jar:2.1.214]
	at org.h2.command.Parser.parse(Parser.java:689) ~[h2-2.1.214.jar:2.1.214]
	at org.h2.command.Parser.parse(Parser.java:661) ~[h2-2.1.214.jar:2.1.214]
	at org.h2.command.Parser.prepareCommand(Parser.java:569) ~[h2-2.1.214.jar:2.1.214]
	at org.h2.engine.SessionLocal.prepareLocal(SessionLocal.java:631) ~[h2-2.1.214.jar:2.1.214]
	at org.h2.engine.SessionLocal.prepareCommand(SessionLocal.java:554) ~[h2-2.1.214.jar:2.1.214]
	at org.h2.jdbc.JdbcConnection.prepareCommand(JdbcConnection.java:1116) ~[h2-2.1.214.jar:2.1.214]
	at org.h2.jdbc.JdbcPreparedStatement.<init>(JdbcPreparedStatement.java:92) ~[h2-2.1.214.jar:2.1.214]
	at org.h2.jdbc.JdbcConnection.prepareStatement(JdbcConnection.java:288) ~[h2-2.1.214.jar:2.1.214]
	at com.zaxxer.hikari.pool.ProxyConnection.prepareStatement(ProxyConnection.java:327) ~[HikariCP-5.0.1.jar:na]
	at com.zaxxer.hikari.pool.HikariProxyConnection.prepareStatement(HikariProxyConnection.java) ~[HikariCP-5.0.1.jar:na]
	at org.hibernate.engine.jdbc.internal.StatementPreparerImpl$1.doPrepare(StatementPreparerImpl.java:91) ~[hibernate-core-6.2.2.Final.jar:6.2.2.Final]
	at org.hibernate.engine.jdbc.internal.StatementPreparerImpl$StatementPreparationTemplate.prepareStatement(StatementPreparerImpl.java:177) ~[hibernate-core-6.2.2.Final.jar:6.2.2.Final]
	at org.hibernate.engine.jdbc.internal.StatementPreparerImpl.prepareStatement(StatementPreparerImpl.java:76) ~[hibernate-core-6.2.2.Final.jar:6.2.2.Final]
	at org.hibernate.sql.exec.internal.JdbcSelectExecutorStandardImpl.lambda$list$0(JdbcSelectExecutorStandardImpl.java:102) ~[hibernate-core-6.2.2.Final.jar:6.2.2.Final]
	at org.hibernate.sql.results.jdbc.internal.DeferredResultSetAccess.executeQuery(DeferredResultSetAccess.java:226) ~[hibernate-core-6.2.2.Final.jar:6.2.2.Final]
	at org.hibernate.sql.results.jdbc.internal.DeferredResultSetAccess.getResultSet(DeferredResultSetAccess.java:163) ~[hibernate-core-6.2.2.Final.jar:6.2.2.Final]
	at org.hibernate.sql.results.jdbc.internal.JdbcValuesResultSetImpl.advanceNext(JdbcValuesResultSetImpl.java:204) ~[hibernate-core-6.2.2.Final.jar:6.2.2.Final]
	at org.hibernate.sql.results.jdbc.internal.JdbcValuesResultSetImpl.processNext(JdbcValuesResultSetImpl.java:84) ~[hibernate-core-6.2.2.Final.jar:6.2.2.Final]
	at org.hibernate.sql.results.jdbc.internal.AbstractJdbcValues.next(AbstractJdbcValues.java:29) ~[hibernate-core-6.2.2.Final.jar:6.2.2.Final]
	at org.hibernate.sql.results.internal.RowProcessingStateStandardImpl.next(RowProcessingStateStandardImpl.java:65) ~[hibernate-core-6.2.2.Final.jar:6.2.2.Final]
	at org.hibernate.sql.results.spi.ListResultsConsumer.consume(ListResultsConsumer.java:198) ~[hibernate-core-6.2.2.Final.jar:6.2.2.Final]
	at org.hibernate.sql.results.spi.ListResultsConsumer.consume(ListResultsConsumer.java:33) ~[hibernate-core-6.2.2.Final.jar:6.2.2.Final]
	at org.hibernate.sql.exec.internal.JdbcSelectExecutorStandardImpl.doExecuteQuery(JdbcSelectExecutorStandardImpl.java:362) ~[hibernate-core-6.2.2.Final.jar:6.2.2.Final]
	at org.hibernate.sql.exec.internal.JdbcSelectExecutorStandardImpl.executeQuery(JdbcSelectExecutorStandardImpl.java:168) ~[hibernate-core-6.2.2.Final.jar:6.2.2.Final]
	at org.hibernate.sql.exec.internal.JdbcSelectExecutorStandardImpl.list(JdbcSelectExecutorStandardImpl.java:93) ~[hibernate-core-6.2.2.Final.jar:6.2.2.Final]
	at org.hibernate.sql.exec.spi.JdbcSelectExecutor.list(JdbcSelectExecutor.java:31) ~[hibernate-core-6.2.2.Final.jar:6.2.2.Final]
	at org.hibernate.query.sqm.internal.ConcreteSqmSelectQueryPlan.lambda$new$0(ConcreteSqmSelectQueryPlan.java:109) ~[hibernate-core-6.2.2.Final.jar:6.2.2.Final]
	at org.hibernate.query.sqm.internal.ConcreteSqmSelectQueryPlan.withCacheableSqmInterpretation(ConcreteSqmSelectQueryPlan.java:302) ~[hibernate-core-6.2.2.Final.jar:6.2.2.Final]
	at org.hibernate.query.sqm.internal.ConcreteSqmSelectQueryPlan.performList(ConcreteSqmSelectQueryPlan.java:243) ~[hibernate-core-6.2.2.Final.jar:6.2.2.Final]
	at org.hibernate.query.sqm.internal.QuerySqmImpl.doList(QuerySqmImpl.java:518) ~[hibernate-core-6.2.2.Final.jar:6.2.2.Final]
	at org.hibernate.query.spi.AbstractSelectionQuery.list(AbstractSelectionQuery.java:367) ~[hibernate-core-6.2.2.Final.jar:6.2.2.Final]
	at org.hibernate.query.Query.getResultList(Query.java:119) ~[hibernate-core-6.2.2.Final.jar:6.2.2.Final]
	at org.springframework.data.jpa.repository.query.JpaQueryExecution$ExistsExecution.doExecute(JpaQueryExecution.java:315) ~[spring-data-jpa-3.1.0-SNAPSHOT.jar:3.1.0-SNAPSHOT]
	at org.springframework.data.jpa.repository.query.JpaQueryExecution.execute(JpaQueryExecution.java:92) ~[spring-data-jpa-3.1.0-SNAPSHOT.jar:3.1.0-SNAPSHOT]
	at org.springframework.data.jpa.repository.query.AbstractJpaQuery.doExecute(AbstractJpaQuery.java:148) ~[spring-data-jpa-3.1.0-SNAPSHOT.jar:3.1.0-SNAPSHOT]
	at org.springframework.data.jpa.repository.query.AbstractJpaQuery.execute(AbstractJpaQuery.java:136) ~[spring-data-jpa-3.1.0-SNAPSHOT.jar:3.1.0-SNAPSHOT]
	at org.springframework.data.repository.core.support.RepositoryMethodInvoker.doInvoke(RepositoryMethodInvoker.java:136) ~[spring-data-commons-3.1.0-SNAPSHOT.jar:3.1.0-SNAPSHOT]
	at org.springframework.data.repository.core.support.RepositoryMethodInvoker.invoke(RepositoryMethodInvoker.java:120) ~[spring-data-commons-3.1.0-SNAPSHOT.jar:3.1.0-SNAPSHOT]
	at org.springframework.data.repository.core.support.QueryExecutorMethodInterceptor.doInvoke(QueryExecutorMethodInterceptor.java:164) ~[spring-data-commons-3.1.0-SNAPSHOT.jar:3.1.0-SNAPSHOT]
	at org.springframework.data.repository.core.support.QueryExecutorMethodInterceptor.invoke(QueryExecutorMethodInterceptor.java:143) ~[spring-data-commons-3.1.0-SNAPSHOT.jar:3.1.0-SNAPSHOT]
	at org.springframework.aop.framework.ReflectiveMethodInvocation.proceed(ReflectiveMethodInvocation.java:184) ~[spring-aop-6.0.9-SNAPSHOT.jar:6.0.9-SNAPSHOT]
	at org.springframework.data.projection.DefaultMethodInvokingMethodInterceptor.invoke(DefaultMethodInvokingMethodInterceptor.java:77) ~[spring-data-commons-3.1.0-SNAPSHOT.jar:3.1.0-SNAPSHOT]
	at org.springframework.aop.framework.ReflectiveMethodInvocation.proceed(ReflectiveMethodInvocation.java:184) ~[spring-aop-6.0.9-SNAPSHOT.jar:6.0.9-SNAPSHOT]
	at org.springframework.transaction.interceptor.TransactionInterceptor$1.proceedWithInvocation(TransactionInterceptor.java:123) ~[spring-tx-6.0.9-SNAPSHOT.jar:6.0.9-SNAPSHOT]
	at org.springframework.transaction.interceptor.TransactionAspectSupport.invokeWithinTransaction(TransactionAspectSupport.java:391) ~[spring-tx-6.0.9-SNAPSHOT.jar:6.0.9-SNAPSHOT]
	at org.springframework.transaction.interceptor.TransactionInterceptor.invoke(TransactionInterceptor.java:119) ~[spring-tx-6.0.9-SNAPSHOT.jar:6.0.9-SNAPSHOT]
	at org.springframework.aop.framework.ReflectiveMethodInvocation.proceed(ReflectiveMethodInvocation.java:184) ~[spring-aop-6.0.9-SNAPSHOT.jar:6.0.9-SNAPSHOT]
	at org.springframework.dao.support.PersistenceExceptionTranslationInterceptor.invoke(PersistenceExceptionTranslationInterceptor.java:137) ~[spring-tx-6.0.9-SNAPSHOT.jar:6.0.9-SNAPSHOT]
	at org.springframework.aop.framework.ReflectiveMethodInvocation.proceed(ReflectiveMethodInvocation.java:184) ~[spring-aop-6.0.9-SNAPSHOT.jar:6.0.9-SNAPSHOT]
	at org.springframework.data.jpa.repository.support.CrudMethodMetadataPostProcessor$CrudMethodMetadataPopulatingMethodInterceptor.invoke(CrudMethodMetadataPostProcessor.java:134) ~[spring-data-jpa-3.1.0-SNAPSHOT.jar:3.1.0-SNAPSHOT]
	at org.springframework.aop.framework.ReflectiveMethodInvocation.proceed(ReflectiveMethodInvocation.java:184) ~[spring-aop-6.0.9-SNAPSHOT.jar:6.0.9-SNAPSHOT]
	at org.springframework.aop.interceptor.ExposeInvocationInterceptor.invoke(ExposeInvocationInterceptor.java:97) ~[spring-aop-6.0.9-SNAPSHOT.jar:6.0.9-SNAPSHOT]
	at org.springframework.aop.framework.ReflectiveMethodInvocation.proceed(ReflectiveMethodInvocation.java:184) ~[spring-aop-6.0.9-SNAPSHOT.jar:6.0.9-SNAPSHOT]
	at org.springframework.data.repository.core.support.MethodInvocationValidator.invoke(MethodInvocationValidator.java:94) ~[spring-data-commons-3.1.0-SNAPSHOT.jar:3.1.0-SNAPSHOT]
	at org.springframework.aop.framework.ReflectiveMethodInvocation.proceed(ReflectiveMethodInvocation.java:184) ~[spring-aop-6.0.9-SNAPSHOT.jar:6.0.9-SNAPSHOT]
	at org.springframework.aop.framework.JdkDynamicAopProxy.invoke(JdkDynamicAopProxy.java:223) ~[spring-aop-6.0.9-SNAPSHOT.jar:6.0.9-SNAPSHOT]
	at jdk.proxy2/jdk.proxy2.$Proxy132.existsByUserName(Unknown Source) ~[na:na]
	at com.lyl.byyouside.controller.api.UserController.registerUser(UserController.kt:46) ~[main/:na]
	at java.base/jdk.internal.reflect.NativeMethodAccessorImpl.invoke0(Native Method) ~[na:na]
	at java.base/jdk.internal.reflect.NativeMethodAccessorImpl.invoke(NativeMethodAccessorImpl.java:77) ~[na:na]
	at java.base/jdk.internal.reflect.DelegatingMethodAccessorImpl.invoke(DelegatingMethodAccessorImpl.java:43) ~[na:na]
	at java.base/java.lang.reflect.Method.invoke(Method.java:568) ~[na:na]
	at org.springframework.web.method.support.InvocableHandlerMethod.doInvoke(InvocableHandlerMethod.java:207) ~[spring-web-6.0.9-SNAPSHOT.jar:6.0.9-SNAPSHOT]
	at org.springframework.web.method.support.InvocableHandlerMethod.invokeForRequest(InvocableHandlerMethod.java:152) ~[spring-web-6.0.9-SNAPSHOT.jar:6.0.9-SNAPSHOT]
	at org.springframework.web.servlet.mvc.method.annotation.ServletInvocableHandlerMethod.invokeAndHandle(ServletInvocableHandlerMethod.java:118) ~[spring-webmvc-6.0.9-SNAPSHOT.jar:6.0.9-SNAPSHOT]
	at org.springframework.web.servlet.mvc.method.annotation.RequestMappingHandlerAdapter.invokeHandlerMethod(RequestMappingHandlerAdapter.java:884) ~[spring-webmvc-6.0.9-SNAPSHOT.jar:6.0.9-SNAPSHOT]
	at org.springframework.web.servlet.mvc.method.annotation.RequestMappingHandlerAdapter.handleInternal(RequestMappingHandlerAdapter.java:797) ~[spring-webmvc-6.0.9-SNAPSHOT.jar:6.0.9-SNAPSHOT]
	at org.springframework.web.servlet.mvc.method.AbstractHandlerMethodAdapter.handle(AbstractHandlerMethodAdapter.java:87) ~[spring-webmvc-6.0.9-SNAPSHOT.jar:6.0.9-SNAPSHOT]
	at org.springframework.web.servlet.DispatcherServlet.doDispatch(DispatcherServlet.java:1081) ~[spring-webmvc-6.0.9-SNAPSHOT.jar:6.0.9-SNAPSHOT]
	at org.springframework.web.servlet.DispatcherServlet.doService(DispatcherServlet.java:974) ~[spring-webmvc-6.0.9-SNAPSHOT.jar:6.0.9-SNAPSHOT]
	at org.springframework.web.servlet.FrameworkServlet.processRequest(FrameworkServlet.java:1011) ~[spring-webmvc-6.0.9-SNAPSHOT.jar:6.0.9-SNAPSHOT]
	at org.springframework.web.servlet.FrameworkServlet.doPost(FrameworkServlet.java:914) ~[spring-webmvc-6.0.9-SNAPSHOT.jar:6.0.9-SNAPSHOT]
	at jakarta.servlet.http.HttpServlet.service(HttpServlet.java:590) ~[tomcat-embed-core-10.1.8.jar:6.0]
	at org.springframework.web.servlet.FrameworkServlet.service(FrameworkServlet.java:885) ~[spring-webmvc-6.0.9-SNAPSHOT.jar:6.0.9-SNAPSHOT]
	at jakarta.servlet.http.HttpServlet.service(HttpServlet.java:658) ~[tomcat-embed-core-10.1.8.jar:6.0]
	at org.apache.catalina.core.ApplicationFilterChain.internalDoFilter(ApplicationFilterChain.java:205) ~[tomcat-embed-core-10.1.8.jar:10.1.8]
	at org.apache.catalina.core.ApplicationFilterChain.doFilter(ApplicationFilterChain.java:149) ~[tomcat-embed-core-10.1.8.jar:10.1.8]
	at org.apache.tomcat.websocket.server.WsFilter.doFilter(WsFilter.java:51) ~[tomcat-embed-websocket-10.1.8.jar:10.1.8]
	at org.apache.catalina.core.ApplicationFilterChain.internalDoFilter(ApplicationFilterChain.java:174) ~[tomcat-embed-core-10.1.8.jar:10.1.8]
	at org.apache.catalina.core.ApplicationFilterChain.doFilter(ApplicationFilterChain.java:149) ~[tomcat-embed-core-10.1.8.jar:10.1.8]
	at org.springframework.web.filter.RequestContextFilter.doFilterInternal(RequestContextFilter.java:100) ~[spring-web-6.0.9-SNAPSHOT.jar:6.0.9-SNAPSHOT]
	at org.springframework.web.filter.OncePerRequestFilter.doFilter(OncePerRequestFilter.java:116) ~[spring-web-6.0.9-SNAPSHOT.jar:6.0.9-SNAPSHOT]
	at org.apache.catalina.core.ApplicationFilterChain.internalDoFilter(ApplicationFilterChain.java:174) ~[tomcat-embed-core-10.1.8.jar:10.1.8]
	at org.apache.catalina.core.ApplicationFilterChain.doFilter(ApplicationFilterChain.java:149) ~[tomcat-embed-core-10.1.8.jar:10.1.8]
	at org.springframework.web.filter.FormContentFilter.doFilterInternal(FormContentFilter.java:93) ~[spring-web-6.0.9-SNAPSHOT.jar:6.0.9-SNAPSHOT]
	at org.springframework.web.filter.OncePerRequestFilter.doFilter(OncePerRequestFilter.java:116) ~[spring-web-6.0.9-SNAPSHOT.jar:6.0.9-SNAPSHOT]
	at org.apache.catalina.core.ApplicationFilterChain.internalDoFilter(ApplicationFilterChain.java:174) ~[tomcat-embed-core-10.1.8.jar:10.1.8]
	at org.apache.catalina.core.ApplicationFilterChain.doFilter(ApplicationFilterChain.java:149) ~[tomcat-embed-core-10.1.8.jar:10.1.8]
	at org.springframework.web.filter.CharacterEncodingFilter.doFilterInternal(CharacterEncodingFilter.java:201) ~[spring-web-6.0.9-SNAPSHOT.jar:6.0.9-SNAPSHOT]
	at org.springframework.web.filter.OncePerRequestFilter.doFilter(OncePerRequestFilter.java:116) ~[spring-web-6.0.9-SNAPSHOT.jar:6.0.9-SNAPSHOT]
	at org.apache.catalina.core.ApplicationFilterChain.internalDoFilter(ApplicationFilterChain.java:174) ~[tomcat-embed-core-10.1.8.jar:10.1.8]
	at org.apache.catalina.core.ApplicationFilterChain.doFilter(ApplicationFilterChain.java:149) ~[tomcat-embed-core-10.1.8.jar:10.1.8]
	at org.apache.catalina.core.StandardWrapperValve.invoke(StandardWrapperValve.java:166) ~[tomcat-embed-core-10.1.8.jar:10.1.8]
	at org.apache.catalina.core.StandardContextValve.invoke(StandardContextValve.java:90) ~[tomcat-embed-core-10.1.8.jar:10.1.8]
	at org.apache.catalina.authenticator.AuthenticatorBase.invoke(AuthenticatorBase.java:482) ~[tomcat-embed-core-10.1.8.jar:10.1.8]
	at org.apache.catalina.core.StandardHostValve.invoke(StandardHostValve.java:115) ~[tomcat-embed-core-10.1.8.jar:10.1.8]
	at org.apache.catalina.valves.ErrorReportValve.invoke(ErrorReportValve.java:93) ~[tomcat-embed-core-10.1.8.jar:10.1.8]
	at org.apache.catalina.core.StandardEngineValve.invoke(StandardEngineValve.java:74) ~[tomcat-embed-core-10.1.8.jar:10.1.8]
	at org.apache.catalina.connector.CoyoteAdapter.service(CoyoteAdapter.java:341) ~[tomcat-embed-core-10.1.8.jar:10.1.8]
	at org.apache.coyote.http11.Http11Processor.service(Http11Processor.java:390) ~[tomcat-embed-core-10.1.8.jar:10.1.8]
	at org.apache.coyote.AbstractProcessorLight.process(AbstractProcessorLight.java:63) ~[tomcat-embed-core-10.1.8.jar:10.1.8]
	at org.apache.coyote.AbstractProtocol$ConnectionHandler.process(AbstractProtocol.java:894) ~[tomcat-embed-core-10.1.8.jar:10.1.8]
	at org.apache.tomcat.util.net.NioEndpoint$SocketProcessor.doRun(NioEndpoint.java:1741) ~[tomcat-embed-core-10.1.8.jar:10.1.8]
	at org.apache.tomcat.util.net.SocketProcessorBase.run(SocketProcessorBase.java:52) ~[tomcat-embed-core-10.1.8.jar:10.1.8]
	at org.apache.tomcat.util.threads.ThreadPoolExecutor.runWorker(ThreadPoolExecutor.java:1191) ~[tomcat-embed-core-10.1.8.jar:10.1.8]
	at org.apache.tomcat.util.threads.ThreadPoolExecutor$Worker.run(ThreadPoolExecutor.java:659) ~[tomcat-embed-core-10.1.8.jar:10.1.8]
	at org.apache.tomcat.util.threads.TaskThread$WrappingRunnable.run(TaskThread.java:61) ~[tomcat-embed-core-10.1.8.jar:10.1.8]
	at java.base/java.lang.Thread.run(Thread.java:833) ~[na:na]

2023-05-06T18:13:30.147+08:00  INFO 29211 --- [SpringApplicationShutdownHook] j.LocalContainerEntityManagerFactoryBean : Closing JPA EntityManagerFactory for persistence unit 'default'
2023-05-06T18:13:30.148+08:00  INFO 29211 --- [SpringApplicationShutdownHook] com.zaxxer.hikari.HikariDataSource       : HikariPool-1 - Shutdown initiated...
2023-05-06T18:13:30.149+08:00  INFO 29211 --- [SpringApplicationShutdownHook] com.zaxxer.hikari.HikariDataSource       : HikariPool-1 - Shutdown completed.
2023-05-06T18:13:31.993+08:00  INFO 29273 --- [main] c.lyl.byyouside.ByYouSideApplicationKt   : Starting ByYouSideApplicationKt using Java 17.0.7 with PID 29273 (/Users/lyl/developer/project/me/ByYourSide/web/ByYouSide/build/classes/kotlin/main started by lyl in /Users/lyl/developer/project/me/ByYourSide/web/ByYouSide)
2023-05-06T18:13:31.994+08:00  INFO 29273 --- [main] c.lyl.byyouside.ByYouSideApplicationKt   : The following 1 profile is active: "dev"
2023-05-06T18:13:32.528+08:00  INFO 29273 --- [main] .s.d.r.c.RepositoryConfigurationDelegate : Bootstrapping Spring Data JPA repositories in DEFAULT mode.
2023-05-06T18:13:32.555+08:00  INFO 29273 --- [main] .s.d.r.c.RepositoryConfigurationDelegate : Finished Spring Data repository scanning in 23 ms. Found 5 JPA repository interfaces.
2023-05-06T18:13:32.777+08:00  INFO 29273 --- [main] o.s.b.w.embedded.tomcat.TomcatWebServer  : Tomcat initialized with port(s): 8080 (http)
2023-05-06T18:13:32.783+08:00  INFO 29273 --- [main] o.apache.catalina.core.StandardService   : Starting service [Tomcat]
2023-05-06T18:13:32.783+08:00  INFO 29273 --- [main] o.apache.catalina.core.StandardEngine    : Starting Servlet engine: [Apache Tomcat/10.1.8]
2023-05-06T18:13:32.824+08:00  INFO 29273 --- [main] o.a.c.c.C.[Tomcat].[localhost].[/]       : Initializing Spring embedded WebApplicationContext
2023-05-06T18:13:32.825+08:00  INFO 29273 --- [main] w.s.c.ServletWebServerApplicationContext : Root WebApplicationContext: initialization completed in 807 ms
2023-05-06T18:13:32.838+08:00  INFO 29273 --- [main] com.zaxxer.hikari.HikariDataSource       : HikariPool-1 - Starting...
2023-05-06T18:13:32.942+08:00  INFO 29273 --- [main] com.zaxxer.hikari.pool.HikariPool        : HikariPool-1 - Added connection conn0: url=jdbc:h2:file:./ByYourSide/config/db/.h2/side_db user=ROOT
2023-05-06T18:13:32.942+08:00  INFO 29273 --- [main] com.zaxxer.hikari.HikariDataSource       : HikariPool-1 - Start completed.
2023-05-06T18:13:32.947+08:00  INFO 29273 --- [main] o.s.b.a.h2.H2ConsoleAutoConfiguration    : H2 console available at '/h2-console'. Database available at 'jdbc:h2:file:./ByYourSide/config/db/.h2/side_db'
2023-05-06T18:13:33.144+08:00  INFO 29273 --- [main] o.s.o.j.p.SpringPersistenceUnitInfo      : No LoadTimeWeaver setup: ignoring JPA class transformer
2023-05-06T18:13:33.550+08:00  INFO 29273 --- [main] j.LocalContainerEntityManagerFactoryBean : Initialized JPA EntityManagerFactory for persistence unit 'default'
2023-05-06T18:13:33.873+08:00  WARN 29273 --- [main] JpaBaseConfiguration$JpaWebConfiguration : spring.jpa.open-in-view is enabled by default. Therefore, database queries may be performed during view rendering. Explicitly configure spring.jpa.open-in-view to disable this warning
2023-05-06T18:13:34.007+08:00  INFO 29273 --- [main] o.s.b.w.embedded.tomcat.TomcatWebServer  : Tomcat started on port(s): 8080 (http) with context path ''
2023-05-06T18:13:34.011+08:00  INFO 29273 --- [main] c.lyl.byyouside.ByYouSideApplicationKt   : Started ByYouSideApplicationKt in 2.238 seconds (process running for 2.515)
2023-05-06T18:13:43.110+08:00  INFO 29273 --- [http-nio-8080-exec-1] o.a.c.c.C.[Tomcat].[localhost].[/]       : Initializing Spring DispatcherServlet 'dispatcherServlet'
2023-05-06T18:13:43.111+08:00  INFO 29273 --- [http-nio-8080-exec-1] o.s.web.servlet.DispatcherServlet        : Initializing Servlet 'dispatcherServlet'
2023-05-06T18:13:43.113+08:00  INFO 29273 --- [http-nio-8080-exec-1] o.s.web.servlet.DispatcherServlet        : Completed initialization in 2 ms
2023-05-06T18:17:28.996+08:00 ERROR 29273 --- [http-nio-8080-exec-6] o.h.engine.jdbc.spi.SqlExceptionHelper   : Syntax error in SQL statement "select u1_0.id,u1_0.birthday,u1_0.city,u1_0.close_date,u1_0.create_time,u1_0.email,u1_0.gender,u1_0.icon,u1_0.introduction,u1_0.nick_name,u1_0.password,u1_0.phone,u1_0.province,u1_0.update_time,u1_0.user_name,u1_0.vip_grade,u1_0.vip_limit_date from [*]user u1_0"; expected "identifier"; SQL statement:
select u1_0.id,u1_0.birthday,u1_0.city,u1_0.close_date,u1_0.create_time,u1_0.email,u1_0.gender,u1_0.icon,u1_0.introduction,u1_0.nick_name,u1_0.password,u1_0.phone,u1_0.province,u1_0.update_time,u1_0.user_name,u1_0.vip_grade,u1_0.vip_limit_date from user u1_0 [42001-214]
2023-05-06T18:17:29.011+08:00 ERROR 29273 --- [http-nio-8080-exec-6] o.a.c.c.C.[.[.[/].[dispatcherServlet]    : Servlet.service() for servlet [dispatcherServlet] in context with path [] threw exception [Request processing failed: org.springframework.dao.InvalidDataAccessResourceUsageException: could not prepare statement [Syntax error in SQL statement "select u1_0.id,u1_0.birthday,u1_0.city,u1_0.close_date,u1_0.create_time,u1_0.email,u1_0.gender,u1_0.icon,u1_0.introduction,u1_0.nick_name,u1_0.password,u1_0.phone,u1_0.province,u1_0.update_time,u1_0.user_name,u1_0.vip_grade,u1_0.vip_limit_date from [*]user u1_0"; expected "identifier"; SQL statement:
select u1_0.id,u1_0.birthday,u1_0.city,u1_0.close_date,u1_0.create_time,u1_0.email,u1_0.gender,u1_0.icon,u1_0.introduction,u1_0.nick_name,u1_0.password,u1_0.phone,u1_0.province,u1_0.update_time,u1_0.user_name,u1_0.vip_grade,u1_0.vip_limit_date from user u1_0 [42001-214]] [select u1_0.id,u1_0.birthday,u1_0.city,u1_0.close_date,u1_0.create_time,u1_0.email,u1_0.gender,u1_0.icon,u1_0.introduction,u1_0.nick_name,u1_0.password,u1_0.phone,u1_0.province,u1_0.update_time,u1_0.user_name,u1_0.vip_grade,u1_0.vip_limit_date from user u1_0]; SQL [select u1_0.id,u1_0.birthday,u1_0.city,u1_0.close_date,u1_0.create_time,u1_0.email,u1_0.gender,u1_0.icon,u1_0.introduction,u1_0.nick_name,u1_0.password,u1_0.phone,u1_0.province,u1_0.update_time,u1_0.user_name,u1_0.vip_grade,u1_0.vip_limit_date from user u1_0]] with root cause

org.h2.jdbc.JdbcSQLSyntaxErrorException: Syntax error in SQL statement "select u1_0.id,u1_0.birthday,u1_0.city,u1_0.close_date,u1_0.create_time,u1_0.email,u1_0.gender,u1_0.icon,u1_0.introduction,u1_0.nick_name,u1_0.password,u1_0.phone,u1_0.province,u1_0.update_time,u1_0.user_name,u1_0.vip_grade,u1_0.vip_limit_date from [*]user u1_0"; expected "identifier"; SQL statement:
select u1_0.id,u1_0.birthday,u1_0.city,u1_0.close_date,u1_0.create_time,u1_0.email,u1_0.gender,u1_0.icon,u1_0.introduction,u1_0.nick_name,u1_0.password,u1_0.phone,u1_0.province,u1_0.update_time,u1_0.user_name,u1_0.vip_grade,u1_0.vip_limit_date from user u1_0 [42001-214]
	at org.h2.message.DbException.getJdbcSQLException(DbException.java:502) ~[h2-2.1.214.jar:2.1.214]
	at org.h2.message.DbException.getJdbcSQLException(DbException.java:477) ~[h2-2.1.214.jar:2.1.214]
	at org.h2.message.DbException.getSyntaxError(DbException.java:261) ~[h2-2.1.214.jar:2.1.214]
	at org.h2.command.Parser.readIdentifier(Parser.java:5656) ~[h2-2.1.214.jar:2.1.214]
	at org.h2.command.Parser.readTablePrimary(Parser.java:1814) ~[h2-2.1.214.jar:2.1.214]
	at org.h2.command.Parser.readTableReference(Parser.java:2334) ~[h2-2.1.214.jar:2.1.214]
	at org.h2.command.Parser.parseSelectFromPart(Parser.java:2772) ~[h2-2.1.214.jar:2.1.214]
	at org.h2.command.Parser.parseSelect(Parser.java:2878) ~[h2-2.1.214.jar:2.1.214]
	at org.h2.command.Parser.parseQueryPrimary(Parser.java:2762) ~[h2-2.1.214.jar:2.1.214]
	at org.h2.command.Parser.parseQueryTerm(Parser.java:2633) ~[h2-2.1.214.jar:2.1.214]
	at org.h2.command.Parser.parseQueryExpressionBody(Parser.java:2612) ~[h2-2.1.214.jar:2.1.214]
	at org.h2.command.Parser.parseQueryExpressionBodyAndEndOfQuery(Parser.java:2605) ~[h2-2.1.214.jar:2.1.214]
	at org.h2.command.Parser.parseQueryExpression(Parser.java:2598) ~[h2-2.1.214.jar:2.1.214]
	at org.h2.command.Parser.parseQuery(Parser.java:2567) ~[h2-2.1.214.jar:2.1.214]
	at org.h2.command.Parser.parsePrepared(Parser.java:724) ~[h2-2.1.214.jar:2.1.214]
	at org.h2.command.Parser.parse(Parser.java:689) ~[h2-2.1.214.jar:2.1.214]
	at org.h2.command.Parser.parse(Parser.java:661) ~[h2-2.1.214.jar:2.1.214]
	at org.h2.command.Parser.prepareCommand(Parser.java:569) ~[h2-2.1.214.jar:2.1.214]
	at org.h2.engine.SessionLocal.prepareLocal(SessionLocal.java:631) ~[h2-2.1.214.jar:2.1.214]
	at org.h2.engine.SessionLocal.prepareCommand(SessionLocal.java:554) ~[h2-2.1.214.jar:2.1.214]
	at org.h2.jdbc.JdbcConnection.prepareCommand(JdbcConnection.java:1116) ~[h2-2.1.214.jar:2.1.214]
	at org.h2.jdbc.JdbcPreparedStatement.<init>(JdbcPreparedStatement.java:92) ~[h2-2.1.214.jar:2.1.214]
	at org.h2.jdbc.JdbcConnection.prepareStatement(JdbcConnection.java:288) ~[h2-2.1.214.jar:2.1.214]
	at com.zaxxer.hikari.pool.ProxyConnection.prepareStatement(ProxyConnection.java:327) ~[HikariCP-5.0.1.jar:na]
	at com.zaxxer.hikari.pool.HikariProxyConnection.prepareStatement(HikariProxyConnection.java) ~[HikariCP-5.0.1.jar:na]
	at org.hibernate.engine.jdbc.internal.StatementPreparerImpl$1.doPrepare(StatementPreparerImpl.java:91) ~[hibernate-core-6.2.2.Final.jar:6.2.2.Final]
	at org.hibernate.engine.jdbc.internal.StatementPreparerImpl$StatementPreparationTemplate.prepareStatement(StatementPreparerImpl.java:177) ~[hibernate-core-6.2.2.Final.jar:6.2.2.Final]
	at org.hibernate.engine.jdbc.internal.StatementPreparerImpl.prepareStatement(StatementPreparerImpl.java:76) ~[hibernate-core-6.2.2.Final.jar:6.2.2.Final]
	at org.hibernate.sql.exec.internal.JdbcSelectExecutorStandardImpl.lambda$list$0(JdbcSelectExecutorStandardImpl.java:102) ~[hibernate-core-6.2.2.Final.jar:6.2.2.Final]
	at org.hibernate.sql.results.jdbc.internal.DeferredResultSetAccess.executeQuery(DeferredResultSetAccess.java:226) ~[hibernate-core-6.2.2.Final.jar:6.2.2.Final]
	at org.hibernate.sql.results.jdbc.internal.DeferredResultSetAccess.getResultSet(DeferredResultSetAccess.java:163) ~[hibernate-core-6.2.2.Final.jar:6.2.2.Final]
	at org.hibernate.sql.results.jdbc.internal.JdbcValuesResultSetImpl.advanceNext(JdbcValuesResultSetImpl.java:204) ~[hibernate-core-6.2.2.Final.jar:6.2.2.Final]
	at org.hibernate.sql.results.jdbc.internal.JdbcValuesResultSetImpl.processNext(JdbcValuesResultSetImpl.java:84) ~[hibernate-core-6.2.2.Final.jar:6.2.2.Final]
	at org.hibernate.sql.results.jdbc.internal.AbstractJdbcValues.next(AbstractJdbcValues.java:29) ~[hibernate-core-6.2.2.Final.jar:6.2.2.Final]
	at org.hibernate.sql.results.internal.RowProcessingStateStandardImpl.next(RowProcessingStateStandardImpl.java:65) ~[hibernate-core-6.2.2.Final.jar:6.2.2.Final]
	at org.hibernate.sql.results.spi.ListResultsConsumer.consume(ListResultsConsumer.java:198) ~[hibernate-core-6.2.2.Final.jar:6.2.2.Final]
	at org.hibernate.sql.results.spi.ListResultsConsumer.consume(ListResultsConsumer.java:33) ~[hibernate-core-6.2.2.Final.jar:6.2.2.Final]
	at org.hibernate.sql.exec.internal.JdbcSelectExecutorStandardImpl.doExecuteQuery(JdbcSelectExecutorStandardImpl.java:362) ~[hibernate-core-6.2.2.Final.jar:6.2.2.Final]
	at org.hibernate.sql.exec.internal.JdbcSelectExecutorStandardImpl.executeQuery(JdbcSelectExecutorStandardImpl.java:168) ~[hibernate-core-6.2.2.Final.jar:6.2.2.Final]
	at org.hibernate.sql.exec.internal.JdbcSelectExecutorStandardImpl.list(JdbcSelectExecutorStandardImpl.java:93) ~[hibernate-core-6.2.2.Final.jar:6.2.2.Final]
	at org.hibernate.sql.exec.spi.JdbcSelectExecutor.list(JdbcSelectExecutor.java:31) ~[hibernate-core-6.2.2.Final.jar:6.2.2.Final]
	at org.hibernate.query.sqm.internal.ConcreteSqmSelectQueryPlan.lambda$new$0(ConcreteSqmSelectQueryPlan.java:109) ~[hibernate-core-6.2.2.Final.jar:6.2.2.Final]
	at org.hibernate.query.sqm.internal.ConcreteSqmSelectQueryPlan.withCacheableSqmInterpretation(ConcreteSqmSelectQueryPlan.java:302) ~[hibernate-core-6.2.2.Final.jar:6.2.2.Final]
	at org.hibernate.query.sqm.internal.ConcreteSqmSelectQueryPlan.performList(ConcreteSqmSelectQueryPlan.java:243) ~[hibernate-core-6.2.2.Final.jar:6.2.2.Final]
	at org.hibernate.query.sqm.internal.QuerySqmImpl.doList(QuerySqmImpl.java:518) ~[hibernate-core-6.2.2.Final.jar:6.2.2.Final]
	at org.hibernate.query.spi.AbstractSelectionQuery.list(AbstractSelectionQuery.java:367) ~[hibernate-core-6.2.2.Final.jar:6.2.2.Final]
	at org.hibernate.query.Query.getResultList(Query.java:119) ~[hibernate-core-6.2.2.Final.jar:6.2.2.Final]
	at org.springframework.data.jpa.repository.support.SimpleJpaRepository.findAll(SimpleJpaRepository.java:408) ~[spring-data-jpa-3.1.0-SNAPSHOT.jar:3.1.0-SNAPSHOT]
	at java.base/jdk.internal.reflect.NativeMethodAccessorImpl.invoke0(Native Method) ~[na:na]
	at java.base/jdk.internal.reflect.NativeMethodAccessorImpl.invoke(NativeMethodAccessorImpl.java:77) ~[na:na]
	at java.base/jdk.internal.reflect.DelegatingMethodAccessorImpl.invoke(DelegatingMethodAccessorImpl.java:43) ~[na:na]
	at java.base/java.lang.reflect.Method.invoke(Method.java:568) ~[na:na]
	at org.springframework.data.repository.core.support.RepositoryMethodInvoker$RepositoryFragmentMethodInvoker.lambda$new$0(RepositoryMethodInvoker.java:288) ~[spring-data-commons-3.1.0-SNAPSHOT.jar:3.1.0-SNAPSHOT]
	at org.springframework.data.repository.core.support.RepositoryMethodInvoker.doInvoke(RepositoryMethodInvoker.java:136) ~[spring-data-commons-3.1.0-SNAPSHOT.jar:3.1.0-SNAPSHOT]
	at org.springframework.data.repository.core.support.RepositoryMethodInvoker.invoke(RepositoryMethodInvoker.java:120) ~[spring-data-commons-3.1.0-SNAPSHOT.jar:3.1.0-SNAPSHOT]
	at org.springframework.data.repository.core.support.RepositoryComposition$RepositoryFragments.invoke(RepositoryComposition.java:516) ~[spring-data-commons-3.1.0-SNAPSHOT.jar:3.1.0-SNAPSHOT]
	at org.springframework.data.repository.core.support.RepositoryComposition.invoke(RepositoryComposition.java:285) ~[spring-data-commons-3.1.0-SNAPSHOT.jar:3.1.0-SNAPSHOT]
	at org.springframework.data.repository.core.support.RepositoryFactorySupport$ImplementationMethodExecutionInterceptor.invoke(RepositoryFactorySupport.java:628) ~[spring-data-commons-3.1.0-SNAPSHOT.jar:3.1.0-SNAPSHOT]
	at org.springframework.aop.framework.ReflectiveMethodInvocation.proceed(ReflectiveMethodInvocation.java:184) ~[spring-aop-6.0.9-SNAPSHOT.jar:6.0.9-SNAPSHOT]
	at org.springframework.data.repository.core.support.QueryExecutorMethodInterceptor.doInvoke(QueryExecutorMethodInterceptor.java:168) ~[spring-data-commons-3.1.0-SNAPSHOT.jar:3.1.0-SNAPSHOT]
	at org.springframework.data.repository.core.support.QueryExecutorMethodInterceptor.invoke(QueryExecutorMethodInterceptor.java:143) ~[spring-data-commons-3.1.0-SNAPSHOT.jar:3.1.0-SNAPSHOT]
	at org.springframework.aop.framework.ReflectiveMethodInvocation.proceed(ReflectiveMethodInvocation.java:184) ~[spring-aop-6.0.9-SNAPSHOT.jar:6.0.9-SNAPSHOT]
	at org.springframework.data.projection.DefaultMethodInvokingMethodInterceptor.invoke(DefaultMethodInvokingMethodInterceptor.java:77) ~[spring-data-commons-3.1.0-SNAPSHOT.jar:3.1.0-SNAPSHOT]
	at org.springframework.aop.framework.ReflectiveMethodInvocation.proceed(ReflectiveMethodInvocation.java:184) ~[spring-aop-6.0.9-SNAPSHOT.jar:6.0.9-SNAPSHOT]
	at org.springframework.transaction.interceptor.TransactionInterceptor$1.proceedWithInvocation(TransactionInterceptor.java:123) ~[spring-tx-6.0.9-SNAPSHOT.jar:6.0.9-SNAPSHOT]
	at org.springframework.transaction.interceptor.TransactionAspectSupport.invokeWithinTransaction(TransactionAspectSupport.java:391) ~[spring-tx-6.0.9-SNAPSHOT.jar:6.0.9-SNAPSHOT]
	at org.springframework.transaction.interceptor.TransactionInterceptor.invoke(TransactionInterceptor.java:119) ~[spring-tx-6.0.9-SNAPSHOT.jar:6.0.9-SNAPSHOT]
	at org.springframework.aop.framework.ReflectiveMethodInvocation.proceed(ReflectiveMethodInvocation.java:184) ~[spring-aop-6.0.9-SNAPSHOT.jar:6.0.9-SNAPSHOT]
	at org.springframework.dao.support.PersistenceExceptionTranslationInterceptor.invoke(PersistenceExceptionTranslationInterceptor.java:137) ~[spring-tx-6.0.9-SNAPSHOT.jar:6.0.9-SNAPSHOT]
	at org.springframework.aop.framework.ReflectiveMethodInvocation.proceed(ReflectiveMethodInvocation.java:184) ~[spring-aop-6.0.9-SNAPSHOT.jar:6.0.9-SNAPSHOT]
	at org.springframework.data.jpa.repository.support.CrudMethodMetadataPostProcessor$CrudMethodMetadataPopulatingMethodInterceptor.invoke(CrudMethodMetadataPostProcessor.java:163) ~[spring-data-jpa-3.1.0-SNAPSHOT.jar:3.1.0-SNAPSHOT]
	at org.springframework.aop.framework.ReflectiveMethodInvocation.proceed(ReflectiveMethodInvocation.java:184) ~[spring-aop-6.0.9-SNAPSHOT.jar:6.0.9-SNAPSHOT]
	at org.springframework.aop.interceptor.ExposeInvocationInterceptor.invoke(ExposeInvocationInterceptor.java:97) ~[spring-aop-6.0.9-SNAPSHOT.jar:6.0.9-SNAPSHOT]
	at org.springframework.aop.framework.ReflectiveMethodInvocation.proceed(ReflectiveMethodInvocation.java:184) ~[spring-aop-6.0.9-SNAPSHOT.jar:6.0.9-SNAPSHOT]
	at org.springframework.data.repository.core.support.MethodInvocationValidator.invoke(MethodInvocationValidator.java:94) ~[spring-data-commons-3.1.0-SNAPSHOT.jar:3.1.0-SNAPSHOT]
	at org.springframework.aop.framework.ReflectiveMethodInvocation.proceed(ReflectiveMethodInvocation.java:184) ~[spring-aop-6.0.9-SNAPSHOT.jar:6.0.9-SNAPSHOT]
	at org.springframework.aop.framework.JdkDynamicAopProxy.invoke(JdkDynamicAopProxy.java:223) ~[spring-aop-6.0.9-SNAPSHOT.jar:6.0.9-SNAPSHOT]
	at jdk.proxy2/jdk.proxy2.$Proxy132.findAll(Unknown Source) ~[na:na]
	at com.lyl.byyouside.controller.api.UserController.getAllUser(UserController.kt:130) ~[main/:na]
	at java.base/jdk.internal.reflect.NativeMethodAccessorImpl.invoke0(Native Method) ~[na:na]
	at java.base/jdk.internal.reflect.NativeMethodAccessorImpl.invoke(NativeMethodAccessorImpl.java:77) ~[na:na]
	at java.base/jdk.internal.reflect.DelegatingMethodAccessorImpl.invoke(DelegatingMethodAccessorImpl.java:43) ~[na:na]
	at java.base/java.lang.reflect.Method.invoke(Method.java:568) ~[na:na]
	at org.springframework.web.method.support.InvocableHandlerMethod.doInvoke(InvocableHandlerMethod.java:207) ~[spring-web-6.0.9-SNAPSHOT.jar:6.0.9-SNAPSHOT]
	at org.springframework.web.method.support.InvocableHandlerMethod.invokeForRequest(InvocableHandlerMethod.java:152) ~[spring-web-6.0.9-SNAPSHOT.jar:6.0.9-SNAPSHOT]
	at org.springframework.web.servlet.mvc.method.annotation.ServletInvocableHandlerMethod.invokeAndHandle(ServletInvocableHandlerMethod.java:118) ~[spring-webmvc-6.0.9-SNAPSHOT.jar:6.0.9-SNAPSHOT]
	at org.springframework.web.servlet.mvc.method.annotation.RequestMappingHandlerAdapter.invokeHandlerMethod(RequestMappingHandlerAdapter.java:884) ~[spring-webmvc-6.0.9-SNAPSHOT.jar:6.0.9-SNAPSHOT]
	at org.springframework.web.servlet.mvc.method.annotation.RequestMappingHandlerAdapter.handleInternal(RequestMappingHandlerAdapter.java:797) ~[spring-webmvc-6.0.9-SNAPSHOT.jar:6.0.9-SNAPSHOT]
	at org.springframework.web.servlet.mvc.method.AbstractHandlerMethodAdapter.handle(AbstractHandlerMethodAdapter.java:87) ~[spring-webmvc-6.0.9-SNAPSHOT.jar:6.0.9-SNAPSHOT]
	at org.springframework.web.servlet.DispatcherServlet.doDispatch(DispatcherServlet.java:1081) ~[spring-webmvc-6.0.9-SNAPSHOT.jar:6.0.9-SNAPSHOT]
	at org.springframework.web.servlet.DispatcherServlet.doService(DispatcherServlet.java:974) ~[spring-webmvc-6.0.9-SNAPSHOT.jar:6.0.9-SNAPSHOT]
	at org.springframework.web.servlet.FrameworkServlet.processRequest(FrameworkServlet.java:1011) ~[spring-webmvc-6.0.9-SNAPSHOT.jar:6.0.9-SNAPSHOT]
	at org.springframework.web.servlet.FrameworkServlet.doPost(FrameworkServlet.java:914) ~[spring-webmvc-6.0.9-SNAPSHOT.jar:6.0.9-SNAPSHOT]
	at jakarta.servlet.http.HttpServlet.service(HttpServlet.java:590) ~[tomcat-embed-core-10.1.8.jar:6.0]
	at org.springframework.web.servlet.FrameworkServlet.service(FrameworkServlet.java:885) ~[spring-webmvc-6.0.9-SNAPSHOT.jar:6.0.9-SNAPSHOT]
	at jakarta.servlet.http.HttpServlet.service(HttpServlet.java:658) ~[tomcat-embed-core-10.1.8.jar:6.0]
	at org.apache.catalina.core.ApplicationFilterChain.internalDoFilter(ApplicationFilterChain.java:205) ~[tomcat-embed-core-10.1.8.jar:10.1.8]
	at org.apache.catalina.core.ApplicationFilterChain.doFilter(ApplicationFilterChain.java:149) ~[tomcat-embed-core-10.1.8.jar:10.1.8]
	at org.apache.tomcat.websocket.server.WsFilter.doFilter(WsFilter.java:51) ~[tomcat-embed-websocket-10.1.8.jar:10.1.8]
	at org.apache.catalina.core.ApplicationFilterChain.internalDoFilter(ApplicationFilterChain.java:174) ~[tomcat-embed-core-10.1.8.jar:10.1.8]
	at org.apache.catalina.core.ApplicationFilterChain.doFilter(ApplicationFilterChain.java:149) ~[tomcat-embed-core-10.1.8.jar:10.1.8]
	at org.springframework.web.filter.RequestContextFilter.doFilterInternal(RequestContextFilter.java:100) ~[spring-web-6.0.9-SNAPSHOT.jar:6.0.9-SNAPSHOT]
	at org.springframework.web.filter.OncePerRequestFilter.doFilter(OncePerRequestFilter.java:116) ~[spring-web-6.0.9-SNAPSHOT.jar:6.0.9-SNAPSHOT]
	at org.apache.catalina.core.ApplicationFilterChain.internalDoFilter(ApplicationFilterChain.java:174) ~[tomcat-embed-core-10.1.8.jar:10.1.8]
	at org.apache.catalina.core.ApplicationFilterChain.doFilter(ApplicationFilterChain.java:149) ~[tomcat-embed-core-10.1.8.jar:10.1.8]
	at org.springframework.web.filter.FormContentFilter.doFilterInternal(FormContentFilter.java:93) ~[spring-web-6.0.9-SNAPSHOT.jar:6.0.9-SNAPSHOT]
	at org.springframework.web.filter.OncePerRequestFilter.doFilter(OncePerRequestFilter.java:116) ~[spring-web-6.0.9-SNAPSHOT.jar:6.0.9-SNAPSHOT]
	at org.apache.catalina.core.ApplicationFilterChain.internalDoFilter(ApplicationFilterChain.java:174) ~[tomcat-embed-core-10.1.8.jar:10.1.8]
	at org.apache.catalina.core.ApplicationFilterChain.doFilter(ApplicationFilterChain.java:149) ~[tomcat-embed-core-10.1.8.jar:10.1.8]
	at org.springframework.web.filter.CharacterEncodingFilter.doFilterInternal(CharacterEncodingFilter.java:201) ~[spring-web-6.0.9-SNAPSHOT.jar:6.0.9-SNAPSHOT]
	at org.springframework.web.filter.OncePerRequestFilter.doFilter(OncePerRequestFilter.java:116) ~[spring-web-6.0.9-SNAPSHOT.jar:6.0.9-SNAPSHOT]
	at org.apache.catalina.core.ApplicationFilterChain.internalDoFilter(ApplicationFilterChain.java:174) ~[tomcat-embed-core-10.1.8.jar:10.1.8]
	at org.apache.catalina.core.ApplicationFilterChain.doFilter(ApplicationFilterChain.java:149) ~[tomcat-embed-core-10.1.8.jar:10.1.8]
	at org.apache.catalina.core.StandardWrapperValve.invoke(StandardWrapperValve.java:166) ~[tomcat-embed-core-10.1.8.jar:10.1.8]
	at org.apache.catalina.core.StandardContextValve.invoke(StandardContextValve.java:90) ~[tomcat-embed-core-10.1.8.jar:10.1.8]
	at org.apache.catalina.authenticator.AuthenticatorBase.invoke(AuthenticatorBase.java:482) ~[tomcat-embed-core-10.1.8.jar:10.1.8]
	at org.apache.catalina.core.StandardHostValve.invoke(StandardHostValve.java:115) ~[tomcat-embed-core-10.1.8.jar:10.1.8]
	at org.apache.catalina.valves.ErrorReportValve.invoke(ErrorReportValve.java:93) ~[tomcat-embed-core-10.1.8.jar:10.1.8]
	at org.apache.catalina.core.StandardEngineValve.invoke(StandardEngineValve.java:74) ~[tomcat-embed-core-10.1.8.jar:10.1.8]
	at org.apache.catalina.connector.CoyoteAdapter.service(CoyoteAdapter.java:341) ~[tomcat-embed-core-10.1.8.jar:10.1.8]
	at org.apache.coyote.http11.Http11Processor.service(Http11Processor.java:390) ~[tomcat-embed-core-10.1.8.jar:10.1.8]
	at org.apache.coyote.AbstractProcessorLight.process(AbstractProcessorLight.java:63) ~[tomcat-embed-core-10.1.8.jar:10.1.8]
	at org.apache.coyote.AbstractProtocol$ConnectionHandler.process(AbstractProtocol.java:894) ~[tomcat-embed-core-10.1.8.jar:10.1.8]
	at org.apache.tomcat.util.net.NioEndpoint$SocketProcessor.doRun(NioEndpoint.java:1741) ~[tomcat-embed-core-10.1.8.jar:10.1.8]
	at org.apache.tomcat.util.net.SocketProcessorBase.run(SocketProcessorBase.java:52) ~[tomcat-embed-core-10.1.8.jar:10.1.8]
	at org.apache.tomcat.util.threads.ThreadPoolExecutor.runWorker(ThreadPoolExecutor.java:1191) ~[tomcat-embed-core-10.1.8.jar:10.1.8]
	at org.apache.tomcat.util.threads.ThreadPoolExecutor$Worker.run(ThreadPoolExecutor.java:659) ~[tomcat-embed-core-10.1.8.jar:10.1.8]
	at org.apache.tomcat.util.threads.TaskThread$WrappingRunnable.run(TaskThread.java:61) ~[tomcat-embed-core-10.1.8.jar:10.1.8]
	at java.base/java.lang.Thread.run(Thread.java:833) ~[na:na]

2023-05-06T18:20:08.755+08:00  INFO 29273 --- [SpringApplicationShutdownHook] j.LocalContainerEntityManagerFactoryBean : Closing JPA EntityManagerFactory for persistence unit 'default'
2023-05-06T18:20:08.756+08:00  INFO 29273 --- [SpringApplicationShutdownHook] com.zaxxer.hikari.HikariDataSource       : HikariPool-1 - Shutdown initiated...
2023-05-06T18:20:08.757+08:00  INFO 29273 --- [SpringApplicationShutdownHook] com.zaxxer.hikari.HikariDataSource       : HikariPool-1 - Shutdown completed.
2023-05-06T18:22:13.647+08:00  INFO 29637 --- [main] c.lyl.byyouside.ByYouSideApplicationKt   : Starting ByYouSideApplicationKt using Java 17.0.7 with PID 29637 (/Users/lyl/developer/project/me/ByYourSide/web/ByYouSide/build/classes/kotlin/main started by lyl in /Users/lyl/developer/project/me/ByYourSide/web/ByYouSide)
2023-05-06T18:22:13.649+08:00  INFO 29637 --- [main] c.lyl.byyouside.ByYouSideApplicationKt   : The following 1 profile is active: "dev"
2023-05-06T18:22:14.049+08:00  INFO 29637 --- [main] .s.d.r.c.RepositoryConfigurationDelegate : Bootstrapping Spring Data JPA repositories in DEFAULT mode.
2023-05-06T18:22:14.077+08:00  INFO 29637 --- [main] .s.d.r.c.RepositoryConfigurationDelegate : Finished Spring Data repository scanning in 24 ms. Found 5 JPA repository interfaces.
2023-05-06T18:22:14.298+08:00  INFO 29637 --- [main] o.s.b.w.embedded.tomcat.TomcatWebServer  : Tomcat initialized with port(s): 8080 (http)
2023-05-06T18:22:14.303+08:00  INFO 29637 --- [main] o.apache.catalina.core.StandardService   : Starting service [Tomcat]
2023-05-06T18:22:14.304+08:00  INFO 29637 --- [main] o.apache.catalina.core.StandardEngine    : Starting Servlet engine: [Apache Tomcat/10.1.8]
2023-05-06T18:22:14.338+08:00  INFO 29637 --- [main] o.a.c.c.C.[Tomcat].[localhost].[/]       : Initializing Spring embedded WebApplicationContext
2023-05-06T18:22:14.339+08:00  INFO 29637 --- [main] w.s.c.ServletWebServerApplicationContext : Root WebApplicationContext: initialization completed in 670 ms
2023-05-06T18:22:14.351+08:00  INFO 29637 --- [main] com.zaxxer.hikari.HikariDataSource       : HikariPool-1 - Starting...
2023-05-06T18:22:14.455+08:00  INFO 29637 --- [main] com.zaxxer.hikari.pool.HikariPool        : HikariPool-1 - Added connection conn0: url=jdbc:h2:file:./ByYourSide/config/db/.h2/side_db user=ROOT
2023-05-06T18:22:14.456+08:00  INFO 29637 --- [main] com.zaxxer.hikari.HikariDataSource       : HikariPool-1 - Start completed.
2023-05-06T18:22:14.461+08:00  INFO 29637 --- [main] o.s.b.a.h2.H2ConsoleAutoConfiguration    : H2 console available at '/h2-console'. Database available at 'jdbc:h2:file:./ByYourSide/config/db/.h2/side_db'
2023-05-06T18:22:14.655+08:00  INFO 29637 --- [main] o.s.o.j.p.SpringPersistenceUnitInfo      : No LoadTimeWeaver setup: ignoring JPA class transformer
2023-05-06T18:22:15.047+08:00  INFO 29637 --- [main] j.LocalContainerEntityManagerFactoryBean : Initialized JPA EntityManagerFactory for persistence unit 'default'
2023-05-06T18:22:15.389+08:00  WARN 29637 --- [main] JpaBaseConfiguration$JpaWebConfiguration : spring.jpa.open-in-view is enabled by default. Therefore, database queries may be performed during view rendering. Explicitly configure spring.jpa.open-in-view to disable this warning
2023-05-06T18:22:15.520+08:00  INFO 29637 --- [main] o.s.b.w.embedded.tomcat.TomcatWebServer  : Tomcat started on port(s): 8080 (http) with context path ''
2023-05-06T18:22:15.524+08:00  INFO 29637 --- [main] c.lyl.byyouside.ByYouSideApplicationKt   : Started ByYouSideApplicationKt in 2.043 seconds (process running for 2.484)
2023-05-06T18:22:24.910+08:00  INFO 29637 --- [http-nio-8080-exec-1] o.a.c.c.C.[Tomcat].[localhost].[/]       : Initializing Spring DispatcherServlet 'dispatcherServlet'
2023-05-06T18:22:24.910+08:00  INFO 29637 --- [http-nio-8080-exec-1] o.s.web.servlet.DispatcherServlet        : Initializing Servlet 'dispatcherServlet'
2023-05-06T18:22:24.911+08:00  INFO 29637 --- [http-nio-8080-exec-1] o.s.web.servlet.DispatcherServlet        : Completed initialization in 1 ms
2023-05-06T18:22:24.981+08:00 ERROR 29637 --- [http-nio-8080-exec-1] o.h.engine.jdbc.spi.SqlExceptionHelper   : Syntax error in SQL statement "select u1_0.id,u1_0.birthday,u1_0.city,u1_0.close_date,u1_0.create_time,u1_0.email,u1_0.gender,u1_0.icon,u1_0.introduction,u1_0.nick_name,u1_0.password,u1_0.phone,u1_0.province,u1_0.update_time,u1_0.user_name,u1_0.vip_grade,u1_0.vip_limit_date from [*]user u1_0"; expected "identifier"; SQL statement:
select u1_0.id,u1_0.birthday,u1_0.city,u1_0.close_date,u1_0.create_time,u1_0.email,u1_0.gender,u1_0.icon,u1_0.introduction,u1_0.nick_name,u1_0.password,u1_0.phone,u1_0.province,u1_0.update_time,u1_0.user_name,u1_0.vip_grade,u1_0.vip_limit_date from user u1_0 [42001-214]
2023-05-06T18:22:24.986+08:00 ERROR 29637 --- [http-nio-8080-exec-1] o.a.c.c.C.[.[.[/].[dispatcherServlet]    : Servlet.service() for servlet [dispatcherServlet] in context with path [] threw exception [Request processing failed: org.springframework.dao.InvalidDataAccessResourceUsageException: could not prepare statement [Syntax error in SQL statement "select u1_0.id,u1_0.birthday,u1_0.city,u1_0.close_date,u1_0.create_time,u1_0.email,u1_0.gender,u1_0.icon,u1_0.introduction,u1_0.nick_name,u1_0.password,u1_0.phone,u1_0.province,u1_0.update_time,u1_0.user_name,u1_0.vip_grade,u1_0.vip_limit_date from [*]user u1_0"; expected "identifier"; SQL statement:
select u1_0.id,u1_0.birthday,u1_0.city,u1_0.close_date,u1_0.create_time,u1_0.email,u1_0.gender,u1_0.icon,u1_0.introduction,u1_0.nick_name,u1_0.password,u1_0.phone,u1_0.province,u1_0.update_time,u1_0.user_name,u1_0.vip_grade,u1_0.vip_limit_date from user u1_0 [42001-214]] [select u1_0.id,u1_0.birthday,u1_0.city,u1_0.close_date,u1_0.create_time,u1_0.email,u1_0.gender,u1_0.icon,u1_0.introduction,u1_0.nick_name,u1_0.password,u1_0.phone,u1_0.province,u1_0.update_time,u1_0.user_name,u1_0.vip_grade,u1_0.vip_limit_date from user u1_0]; SQL [select u1_0.id,u1_0.birthday,u1_0.city,u1_0.close_date,u1_0.create_time,u1_0.email,u1_0.gender,u1_0.icon,u1_0.introduction,u1_0.nick_name,u1_0.password,u1_0.phone,u1_0.province,u1_0.update_time,u1_0.user_name,u1_0.vip_grade,u1_0.vip_limit_date from user u1_0]] with root cause

org.h2.jdbc.JdbcSQLSyntaxErrorException: Syntax error in SQL statement "select u1_0.id,u1_0.birthday,u1_0.city,u1_0.close_date,u1_0.create_time,u1_0.email,u1_0.gender,u1_0.icon,u1_0.introduction,u1_0.nick_name,u1_0.password,u1_0.phone,u1_0.province,u1_0.update_time,u1_0.user_name,u1_0.vip_grade,u1_0.vip_limit_date from [*]user u1_0"; expected "identifier"; SQL statement:
select u1_0.id,u1_0.birthday,u1_0.city,u1_0.close_date,u1_0.create_time,u1_0.email,u1_0.gender,u1_0.icon,u1_0.introduction,u1_0.nick_name,u1_0.password,u1_0.phone,u1_0.province,u1_0.update_time,u1_0.user_name,u1_0.vip_grade,u1_0.vip_limit_date from user u1_0 [42001-214]
	at org.h2.message.DbException.getJdbcSQLException(DbException.java:502) ~[h2-2.1.214.jar:2.1.214]
	at org.h2.message.DbException.getJdbcSQLException(DbException.java:477) ~[h2-2.1.214.jar:2.1.214]
	at org.h2.message.DbException.getSyntaxError(DbException.java:261) ~[h2-2.1.214.jar:2.1.214]
	at org.h2.command.Parser.readIdentifier(Parser.java:5656) ~[h2-2.1.214.jar:2.1.214]
	at org.h2.command.Parser.readTablePrimary(Parser.java:1814) ~[h2-2.1.214.jar:2.1.214]
	at org.h2.command.Parser.readTableReference(Parser.java:2334) ~[h2-2.1.214.jar:2.1.214]
	at org.h2.command.Parser.parseSelectFromPart(Parser.java:2772) ~[h2-2.1.214.jar:2.1.214]
	at org.h2.command.Parser.parseSelect(Parser.java:2878) ~[h2-2.1.214.jar:2.1.214]
	at org.h2.command.Parser.parseQueryPrimary(Parser.java:2762) ~[h2-2.1.214.jar:2.1.214]
	at org.h2.command.Parser.parseQueryTerm(Parser.java:2633) ~[h2-2.1.214.jar:2.1.214]
	at org.h2.command.Parser.parseQueryExpressionBody(Parser.java:2612) ~[h2-2.1.214.jar:2.1.214]
	at org.h2.command.Parser.parseQueryExpressionBodyAndEndOfQuery(Parser.java:2605) ~[h2-2.1.214.jar:2.1.214]
	at org.h2.command.Parser.parseQueryExpression(Parser.java:2598) ~[h2-2.1.214.jar:2.1.214]
	at org.h2.command.Parser.parseQuery(Parser.java:2567) ~[h2-2.1.214.jar:2.1.214]
	at org.h2.command.Parser.parsePrepared(Parser.java:724) ~[h2-2.1.214.jar:2.1.214]
	at org.h2.command.Parser.parse(Parser.java:689) ~[h2-2.1.214.jar:2.1.214]
	at org.h2.command.Parser.parse(Parser.java:661) ~[h2-2.1.214.jar:2.1.214]
	at org.h2.command.Parser.prepareCommand(Parser.java:569) ~[h2-2.1.214.jar:2.1.214]
	at org.h2.engine.SessionLocal.prepareLocal(SessionLocal.java:631) ~[h2-2.1.214.jar:2.1.214]
	at org.h2.engine.SessionLocal.prepareCommand(SessionLocal.java:554) ~[h2-2.1.214.jar:2.1.214]
	at org.h2.jdbc.JdbcConnection.prepareCommand(JdbcConnection.java:1116) ~[h2-2.1.214.jar:2.1.214]
	at org.h2.jdbc.JdbcPreparedStatement.<init>(JdbcPreparedStatement.java:92) ~[h2-2.1.214.jar:2.1.214]
	at org.h2.jdbc.JdbcConnection.prepareStatement(JdbcConnection.java:288) ~[h2-2.1.214.jar:2.1.214]
	at com.zaxxer.hikari.pool.ProxyConnection.prepareStatement(ProxyConnection.java:327) ~[HikariCP-5.0.1.jar:na]
	at com.zaxxer.hikari.pool.HikariProxyConnection.prepareStatement(HikariProxyConnection.java) ~[HikariCP-5.0.1.jar:na]
	at org.hibernate.engine.jdbc.internal.StatementPreparerImpl$1.doPrepare(StatementPreparerImpl.java:91) ~[hibernate-core-6.2.2.Final.jar:6.2.2.Final]
	at org.hibernate.engine.jdbc.internal.StatementPreparerImpl$StatementPreparationTemplate.prepareStatement(StatementPreparerImpl.java:177) ~[hibernate-core-6.2.2.Final.jar:6.2.2.Final]
	at org.hibernate.engine.jdbc.internal.StatementPreparerImpl.prepareStatement(StatementPreparerImpl.java:76) ~[hibernate-core-6.2.2.Final.jar:6.2.2.Final]
	at org.hibernate.sql.exec.internal.JdbcSelectExecutorStandardImpl.lambda$list$0(JdbcSelectExecutorStandardImpl.java:102) ~[hibernate-core-6.2.2.Final.jar:6.2.2.Final]
	at org.hibernate.sql.results.jdbc.internal.DeferredResultSetAccess.executeQuery(DeferredResultSetAccess.java:226) ~[hibernate-core-6.2.2.Final.jar:6.2.2.Final]
	at org.hibernate.sql.results.jdbc.internal.DeferredResultSetAccess.getResultSet(DeferredResultSetAccess.java:163) ~[hibernate-core-6.2.2.Final.jar:6.2.2.Final]
	at org.hibernate.sql.results.jdbc.internal.JdbcValuesResultSetImpl.advanceNext(JdbcValuesResultSetImpl.java:204) ~[hibernate-core-6.2.2.Final.jar:6.2.2.Final]
	at org.hibernate.sql.results.jdbc.internal.JdbcValuesResultSetImpl.processNext(JdbcValuesResultSetImpl.java:84) ~[hibernate-core-6.2.2.Final.jar:6.2.2.Final]
	at org.hibernate.sql.results.jdbc.internal.AbstractJdbcValues.next(AbstractJdbcValues.java:29) ~[hibernate-core-6.2.2.Final.jar:6.2.2.Final]
	at org.hibernate.sql.results.internal.RowProcessingStateStandardImpl.next(RowProcessingStateStandardImpl.java:65) ~[hibernate-core-6.2.2.Final.jar:6.2.2.Final]
	at org.hibernate.sql.results.spi.ListResultsConsumer.consume(ListResultsConsumer.java:198) ~[hibernate-core-6.2.2.Final.jar:6.2.2.Final]
	at org.hibernate.sql.results.spi.ListResultsConsumer.consume(ListResultsConsumer.java:33) ~[hibernate-core-6.2.2.Final.jar:6.2.2.Final]
	at org.hibernate.sql.exec.internal.JdbcSelectExecutorStandardImpl.doExecuteQuery(JdbcSelectExecutorStandardImpl.java:362) ~[hibernate-core-6.2.2.Final.jar:6.2.2.Final]
	at org.hibernate.sql.exec.internal.JdbcSelectExecutorStandardImpl.executeQuery(JdbcSelectExecutorStandardImpl.java:168) ~[hibernate-core-6.2.2.Final.jar:6.2.2.Final]
	at org.hibernate.sql.exec.internal.JdbcSelectExecutorStandardImpl.list(JdbcSelectExecutorStandardImpl.java:93) ~[hibernate-core-6.2.2.Final.jar:6.2.2.Final]
	at org.hibernate.sql.exec.spi.JdbcSelectExecutor.list(JdbcSelectExecutor.java:31) ~[hibernate-core-6.2.2.Final.jar:6.2.2.Final]
	at org.hibernate.query.sqm.internal.ConcreteSqmSelectQueryPlan.lambda$new$0(ConcreteSqmSelectQueryPlan.java:109) ~[hibernate-core-6.2.2.Final.jar:6.2.2.Final]
	at org.hibernate.query.sqm.internal.ConcreteSqmSelectQueryPlan.withCacheableSqmInterpretation(ConcreteSqmSelectQueryPlan.java:302) ~[hibernate-core-6.2.2.Final.jar:6.2.2.Final]
	at org.hibernate.query.sqm.internal.ConcreteSqmSelectQueryPlan.performList(ConcreteSqmSelectQueryPlan.java:243) ~[hibernate-core-6.2.2.Final.jar:6.2.2.Final]
	at org.hibernate.query.sqm.internal.QuerySqmImpl.doList(QuerySqmImpl.java:518) ~[hibernate-core-6.2.2.Final.jar:6.2.2.Final]
	at org.hibernate.query.spi.AbstractSelectionQuery.list(AbstractSelectionQuery.java:367) ~[hibernate-core-6.2.2.Final.jar:6.2.2.Final]
	at org.hibernate.query.Query.getResultList(Query.java:119) ~[hibernate-core-6.2.2.Final.jar:6.2.2.Final]
	at org.springframework.data.jpa.repository.support.SimpleJpaRepository.findAll(SimpleJpaRepository.java:408) ~[spring-data-jpa-3.1.0-SNAPSHOT.jar:3.1.0-SNAPSHOT]
	at java.base/jdk.internal.reflect.NativeMethodAccessorImpl.invoke0(Native Method) ~[na:na]
	at java.base/jdk.internal.reflect.NativeMethodAccessorImpl.invoke(NativeMethodAccessorImpl.java:77) ~[na:na]
	at java.base/jdk.internal.reflect.DelegatingMethodAccessorImpl.invoke(DelegatingMethodAccessorImpl.java:43) ~[na:na]
	at java.base/java.lang.reflect.Method.invoke(Method.java:568) ~[na:na]
	at org.springframework.data.repository.core.support.RepositoryMethodInvoker$RepositoryFragmentMethodInvoker.lambda$new$0(RepositoryMethodInvoker.java:288) ~[spring-data-commons-3.1.0-SNAPSHOT.jar:3.1.0-SNAPSHOT]
	at org.springframework.data.repository.core.support.RepositoryMethodInvoker.doInvoke(RepositoryMethodInvoker.java:136) ~[spring-data-commons-3.1.0-SNAPSHOT.jar:3.1.0-SNAPSHOT]
	at org.springframework.data.repository.core.support.RepositoryMethodInvoker.invoke(RepositoryMethodInvoker.java:120) ~[spring-data-commons-3.1.0-SNAPSHOT.jar:3.1.0-SNAPSHOT]
	at org.springframework.data.repository.core.support.RepositoryComposition$RepositoryFragments.invoke(RepositoryComposition.java:516) ~[spring-data-commons-3.1.0-SNAPSHOT.jar:3.1.0-SNAPSHOT]
	at org.springframework.data.repository.core.support.RepositoryComposition.invoke(RepositoryComposition.java:285) ~[spring-data-commons-3.1.0-SNAPSHOT.jar:3.1.0-SNAPSHOT]
	at org.springframework.data.repository.core.support.RepositoryFactorySupport$ImplementationMethodExecutionInterceptor.invoke(RepositoryFactorySupport.java:628) ~[spring-data-commons-3.1.0-SNAPSHOT.jar:3.1.0-SNAPSHOT]
	at org.springframework.aop.framework.ReflectiveMethodInvocation.proceed(ReflectiveMethodInvocation.java:184) ~[spring-aop-6.0.9-SNAPSHOT.jar:6.0.9-SNAPSHOT]
	at org.springframework.data.repository.core.support.QueryExecutorMethodInterceptor.doInvoke(QueryExecutorMethodInterceptor.java:168) ~[spring-data-commons-3.1.0-SNAPSHOT.jar:3.1.0-SNAPSHOT]
	at org.springframework.data.repository.core.support.QueryExecutorMethodInterceptor.invoke(QueryExecutorMethodInterceptor.java:143) ~[spring-data-commons-3.1.0-SNAPSHOT.jar:3.1.0-SNAPSHOT]
	at org.springframework.aop.framework.ReflectiveMethodInvocation.proceed(ReflectiveMethodInvocation.java:184) ~[spring-aop-6.0.9-SNAPSHOT.jar:6.0.9-SNAPSHOT]
	at org.springframework.data.projection.DefaultMethodInvokingMethodInterceptor.invoke(DefaultMethodInvokingMethodInterceptor.java:77) ~[spring-data-commons-3.1.0-SNAPSHOT.jar:3.1.0-SNAPSHOT]
	at org.springframework.aop.framework.ReflectiveMethodInvocation.proceed(ReflectiveMethodInvocation.java:184) ~[spring-aop-6.0.9-SNAPSHOT.jar:6.0.9-SNAPSHOT]
	at org.springframework.transaction.interceptor.TransactionInterceptor$1.proceedWithInvocation(TransactionInterceptor.java:123) ~[spring-tx-6.0.9-SNAPSHOT.jar:6.0.9-SNAPSHOT]
	at org.springframework.transaction.interceptor.TransactionAspectSupport.invokeWithinTransaction(TransactionAspectSupport.java:391) ~[spring-tx-6.0.9-SNAPSHOT.jar:6.0.9-SNAPSHOT]
	at org.springframework.transaction.interceptor.TransactionInterceptor.invoke(TransactionInterceptor.java:119) ~[spring-tx-6.0.9-SNAPSHOT.jar:6.0.9-SNAPSHOT]
	at org.springframework.aop.framework.ReflectiveMethodInvocation.proceed(ReflectiveMethodInvocation.java:184) ~[spring-aop-6.0.9-SNAPSHOT.jar:6.0.9-SNAPSHOT]
	at org.springframework.dao.support.PersistenceExceptionTranslationInterceptor.invoke(PersistenceExceptionTranslationInterceptor.java:137) ~[spring-tx-6.0.9-SNAPSHOT.jar:6.0.9-SNAPSHOT]
	at org.springframework.aop.framework.ReflectiveMethodInvocation.proceed(ReflectiveMethodInvocation.java:184) ~[spring-aop-6.0.9-SNAPSHOT.jar:6.0.9-SNAPSHOT]
	at org.springframework.data.jpa.repository.support.CrudMethodMetadataPostProcessor$CrudMethodMetadataPopulatingMethodInterceptor.invoke(CrudMethodMetadataPostProcessor.java:163) ~[spring-data-jpa-3.1.0-SNAPSHOT.jar:3.1.0-SNAPSHOT]
	at org.springframework.aop.framework.ReflectiveMethodInvocation.proceed(ReflectiveMethodInvocation.java:184) ~[spring-aop-6.0.9-SNAPSHOT.jar:6.0.9-SNAPSHOT]
	at org.springframework.aop.interceptor.ExposeInvocationInterceptor.invoke(ExposeInvocationInterceptor.java:97) ~[spring-aop-6.0.9-SNAPSHOT.jar:6.0.9-SNAPSHOT]
	at org.springframework.aop.framework.ReflectiveMethodInvocation.proceed(ReflectiveMethodInvocation.java:184) ~[spring-aop-6.0.9-SNAPSHOT.jar:6.0.9-SNAPSHOT]
	at org.springframework.data.repository.core.support.MethodInvocationValidator.invoke(MethodInvocationValidator.java:94) ~[spring-data-commons-3.1.0-SNAPSHOT.jar:3.1.0-SNAPSHOT]
	at org.springframework.aop.framework.ReflectiveMethodInvocation.proceed(ReflectiveMethodInvocation.java:184) ~[spring-aop-6.0.9-SNAPSHOT.jar:6.0.9-SNAPSHOT]
	at org.springframework.aop.framework.JdkDynamicAopProxy.invoke(JdkDynamicAopProxy.java:223) ~[spring-aop-6.0.9-SNAPSHOT.jar:6.0.9-SNAPSHOT]
	at jdk.proxy2/jdk.proxy2.$Proxy132.findAll(Unknown Source) ~[na:na]
	at com.lyl.byyouside.controller.api.UserController.getAllUser(UserController.kt:130) ~[main/:na]
	at java.base/jdk.internal.reflect.NativeMethodAccessorImpl.invoke0(Native Method) ~[na:na]
	at java.base/jdk.internal.reflect.NativeMethodAccessorImpl.invoke(NativeMethodAccessorImpl.java:77) ~[na:na]
	at java.base/jdk.internal.reflect.DelegatingMethodAccessorImpl.invoke(DelegatingMethodAccessorImpl.java:43) ~[na:na]
	at java.base/java.lang.reflect.Method.invoke(Method.java:568) ~[na:na]
	at org.springframework.web.method.support.InvocableHandlerMethod.doInvoke(InvocableHandlerMethod.java:207) ~[spring-web-6.0.9-SNAPSHOT.jar:6.0.9-SNAPSHOT]
	at org.springframework.web.method.support.InvocableHandlerMethod.invokeForRequest(InvocableHandlerMethod.java:152) ~[spring-web-6.0.9-SNAPSHOT.jar:6.0.9-SNAPSHOT]
	at org.springframework.web.servlet.mvc.method.annotation.ServletInvocableHandlerMethod.invokeAndHandle(ServletInvocableHandlerMethod.java:118) ~[spring-webmvc-6.0.9-SNAPSHOT.jar:6.0.9-SNAPSHOT]
	at org.springframework.web.servlet.mvc.method.annotation.RequestMappingHandlerAdapter.invokeHandlerMethod(RequestMappingHandlerAdapter.java:884) ~[spring-webmvc-6.0.9-SNAPSHOT.jar:6.0.9-SNAPSHOT]
	at org.springframework.web.servlet.mvc.method.annotation.RequestMappingHandlerAdapter.handleInternal(RequestMappingHandlerAdapter.java:797) ~[spring-webmvc-6.0.9-SNAPSHOT.jar:6.0.9-SNAPSHOT]
	at org.springframework.web.servlet.mvc.method.AbstractHandlerMethodAdapter.handle(AbstractHandlerMethodAdapter.java:87) ~[spring-webmvc-6.0.9-SNAPSHOT.jar:6.0.9-SNAPSHOT]
	at org.springframework.web.servlet.DispatcherServlet.doDispatch(DispatcherServlet.java:1081) ~[spring-webmvc-6.0.9-SNAPSHOT.jar:6.0.9-SNAPSHOT]
	at org.springframework.web.servlet.DispatcherServlet.doService(DispatcherServlet.java:974) ~[spring-webmvc-6.0.9-SNAPSHOT.jar:6.0.9-SNAPSHOT]
	at org.springframework.web.servlet.FrameworkServlet.processRequest(FrameworkServlet.java:1011) ~[spring-webmvc-6.0.9-SNAPSHOT.jar:6.0.9-SNAPSHOT]
	at org.springframework.web.servlet.FrameworkServlet.doPost(FrameworkServlet.java:914) ~[spring-webmvc-6.0.9-SNAPSHOT.jar:6.0.9-SNAPSHOT]
	at jakarta.servlet.http.HttpServlet.service(HttpServlet.java:590) ~[tomcat-embed-core-10.1.8.jar:6.0]
	at org.springframework.web.servlet.FrameworkServlet.service(FrameworkServlet.java:885) ~[spring-webmvc-6.0.9-SNAPSHOT.jar:6.0.9-SNAPSHOT]
	at jakarta.servlet.http.HttpServlet.service(HttpServlet.java:658) ~[tomcat-embed-core-10.1.8.jar:6.0]
	at org.apache.catalina.core.ApplicationFilterChain.internalDoFilter(ApplicationFilterChain.java:205) ~[tomcat-embed-core-10.1.8.jar:10.1.8]
	at org.apache.catalina.core.ApplicationFilterChain.doFilter(ApplicationFilterChain.java:149) ~[tomcat-embed-core-10.1.8.jar:10.1.8]
	at org.apache.tomcat.websocket.server.WsFilter.doFilter(WsFilter.java:51) ~[tomcat-embed-websocket-10.1.8.jar:10.1.8]
	at org.apache.catalina.core.ApplicationFilterChain.internalDoFilter(ApplicationFilterChain.java:174) ~[tomcat-embed-core-10.1.8.jar:10.1.8]
	at org.apache.catalina.core.ApplicationFilterChain.doFilter(ApplicationFilterChain.java:149) ~[tomcat-embed-core-10.1.8.jar:10.1.8]
	at org.springframework.web.filter.RequestContextFilter.doFilterInternal(RequestContextFilter.java:100) ~[spring-web-6.0.9-SNAPSHOT.jar:6.0.9-SNAPSHOT]
	at org.springframework.web.filter.OncePerRequestFilter.doFilter(OncePerRequestFilter.java:116) ~[spring-web-6.0.9-SNAPSHOT.jar:6.0.9-SNAPSHOT]
	at org.apache.catalina.core.ApplicationFilterChain.internalDoFilter(ApplicationFilterChain.java:174) ~[tomcat-embed-core-10.1.8.jar:10.1.8]
	at org.apache.catalina.core.ApplicationFilterChain.doFilter(ApplicationFilterChain.java:149) ~[tomcat-embed-core-10.1.8.jar:10.1.8]
	at org.springframework.web.filter.FormContentFilter.doFilterInternal(FormContentFilter.java:93) ~[spring-web-6.0.9-SNAPSHOT.jar:6.0.9-SNAPSHOT]
	at org.springframework.web.filter.OncePerRequestFilter.doFilter(OncePerRequestFilter.java:116) ~[spring-web-6.0.9-SNAPSHOT.jar:6.0.9-SNAPSHOT]
	at org.apache.catalina.core.ApplicationFilterChain.internalDoFilter(ApplicationFilterChain.java:174) ~[tomcat-embed-core-10.1.8.jar:10.1.8]
	at org.apache.catalina.core.ApplicationFilterChain.doFilter(ApplicationFilterChain.java:149) ~[tomcat-embed-core-10.1.8.jar:10.1.8]
	at org.springframework.web.filter.CharacterEncodingFilter.doFilterInternal(CharacterEncodingFilter.java:201) ~[spring-web-6.0.9-SNAPSHOT.jar:6.0.9-SNAPSHOT]
	at org.springframework.web.filter.OncePerRequestFilter.doFilter(OncePerRequestFilter.java:116) ~[spring-web-6.0.9-SNAPSHOT.jar:6.0.9-SNAPSHOT]
	at org.apache.catalina.core.ApplicationFilterChain.internalDoFilter(ApplicationFilterChain.java:174) ~[tomcat-embed-core-10.1.8.jar:10.1.8]
	at org.apache.catalina.core.ApplicationFilterChain.doFilter(ApplicationFilterChain.java:149) ~[tomcat-embed-core-10.1.8.jar:10.1.8]
	at org.apache.catalina.core.StandardWrapperValve.invoke(StandardWrapperValve.java:166) ~[tomcat-embed-core-10.1.8.jar:10.1.8]
	at org.apache.catalina.core.StandardContextValve.invoke(StandardContextValve.java:90) ~[tomcat-embed-core-10.1.8.jar:10.1.8]
	at org.apache.catalina.authenticator.AuthenticatorBase.invoke(AuthenticatorBase.java:482) ~[tomcat-embed-core-10.1.8.jar:10.1.8]
	at org.apache.catalina.core.StandardHostValve.invoke(StandardHostValve.java:115) ~[tomcat-embed-core-10.1.8.jar:10.1.8]
	at org.apache.catalina.valves.ErrorReportValve.invoke(ErrorReportValve.java:93) ~[tomcat-embed-core-10.1.8.jar:10.1.8]
	at org.apache.catalina.core.StandardEngineValve.invoke(StandardEngineValve.java:74) ~[tomcat-embed-core-10.1.8.jar:10.1.8]
	at org.apache.catalina.connector.CoyoteAdapter.service(CoyoteAdapter.java:341) ~[tomcat-embed-core-10.1.8.jar:10.1.8]
	at org.apache.coyote.http11.Http11Processor.service(Http11Processor.java:390) ~[tomcat-embed-core-10.1.8.jar:10.1.8]
	at org.apache.coyote.AbstractProcessorLight.process(AbstractProcessorLight.java:63) ~[tomcat-embed-core-10.1.8.jar:10.1.8]
	at org.apache.coyote.AbstractProtocol$ConnectionHandler.process(AbstractProtocol.java:894) ~[tomcat-embed-core-10.1.8.jar:10.1.8]
	at org.apache.tomcat.util.net.NioEndpoint$SocketProcessor.doRun(NioEndpoint.java:1741) ~[tomcat-embed-core-10.1.8.jar:10.1.8]
	at org.apache.tomcat.util.net.SocketProcessorBase.run(SocketProcessorBase.java:52) ~[tomcat-embed-core-10.1.8.jar:10.1.8]
	at org.apache.tomcat.util.threads.ThreadPoolExecutor.runWorker(ThreadPoolExecutor.java:1191) ~[tomcat-embed-core-10.1.8.jar:10.1.8]
	at org.apache.tomcat.util.threads.ThreadPoolExecutor$Worker.run(ThreadPoolExecutor.java:659) ~[tomcat-embed-core-10.1.8.jar:10.1.8]
	at org.apache.tomcat.util.threads.TaskThread$WrappingRunnable.run(TaskThread.java:61) ~[tomcat-embed-core-10.1.8.jar:10.1.8]
	at java.base/java.lang.Thread.run(Thread.java:833) ~[na:na]

2023-05-06T19:45:44.872+08:00  INFO 29637 --- [SpringApplicationShutdownHook] j.LocalContainerEntityManagerFactoryBean : Closing JPA EntityManagerFactory for persistence unit 'default'
2023-05-06T19:45:44.875+08:00  INFO 29637 --- [SpringApplicationShutdownHook] com.zaxxer.hikari.HikariDataSource       : HikariPool-1 - Shutdown initiated...
2023-05-06T19:45:44.876+08:00  INFO 29637 --- [SpringApplicationShutdownHook] com.zaxxer.hikari.HikariDataSource       : HikariPool-1 - Shutdown completed.
2023-05-06T19:46:00.145+08:00  INFO 32840 --- [main] c.lyl.byyouside.ByYouSideApplicationKt   : Starting ByYouSideApplicationKt using Java 17.0.7 with PID 32840 (/Users/lyl/developer/project/me/ByYourSide/web/ByYouSide/build/classes/kotlin/main started by lyl in /Users/lyl/developer/project/me/ByYourSide/web/ByYouSide)
2023-05-06T19:46:00.147+08:00  INFO 32840 --- [main] c.lyl.byyouside.ByYouSideApplicationKt   : The following 1 profile is active: "dev"
2023-05-06T19:46:00.600+08:00  INFO 32840 --- [main] .s.d.r.c.RepositoryConfigurationDelegate : Bootstrapping Spring Data JPA repositories in DEFAULT mode.
2023-05-06T19:46:00.627+08:00  INFO 32840 --- [main] .s.d.r.c.RepositoryConfigurationDelegate : Finished Spring Data repository scanning in 24 ms. Found 5 JPA repository interfaces.
2023-05-06T19:46:00.860+08:00  INFO 32840 --- [main] o.s.b.w.embedded.tomcat.TomcatWebServer  : Tomcat initialized with port(s): 8080 (http)
2023-05-06T19:46:00.865+08:00  INFO 32840 --- [main] o.apache.catalina.core.StandardService   : Starting service [Tomcat]
2023-05-06T19:46:00.865+08:00  INFO 32840 --- [main] o.apache.catalina.core.StandardEngine    : Starting Servlet engine: [Apache Tomcat/10.1.8]
2023-05-06T19:46:00.900+08:00  INFO 32840 --- [main] o.a.c.c.C.[Tomcat].[localhost].[/]       : Initializing Spring embedded WebApplicationContext
2023-05-06T19:46:00.900+08:00  INFO 32840 --- [main] w.s.c.ServletWebServerApplicationContext : Root WebApplicationContext: initialization completed in 726 ms
2023-05-06T19:46:00.913+08:00  INFO 32840 --- [main] com.zaxxer.hikari.HikariDataSource       : HikariPool-1 - Starting...
2023-05-06T19:46:01.011+08:00  INFO 32840 --- [main] com.zaxxer.hikari.pool.HikariPool        : HikariPool-1 - Added connection conn0: url=jdbc:h2:file:./ByYourSide/config/db/.h2/side_db user=ROOT
2023-05-06T19:46:01.012+08:00  INFO 32840 --- [main] com.zaxxer.hikari.HikariDataSource       : HikariPool-1 - Start completed.
2023-05-06T19:46:01.017+08:00  INFO 32840 --- [main] o.s.b.a.h2.H2ConsoleAutoConfiguration    : H2 console available at '/h2-console'. Database available at 'jdbc:h2:file:./ByYourSide/config/db/.h2/side_db'
2023-05-06T19:46:01.212+08:00  INFO 32840 --- [main] o.s.o.j.p.SpringPersistenceUnitInfo      : No LoadTimeWeaver setup: ignoring JPA class transformer
2023-05-06T19:46:01.583+08:00  INFO 32840 --- [main] j.LocalContainerEntityManagerFactoryBean : Initialized JPA EntityManagerFactory for persistence unit 'default'
2023-05-06T19:46:01.906+08:00  WARN 32840 --- [main] JpaBaseConfiguration$JpaWebConfiguration : spring.jpa.open-in-view is enabled by default. Therefore, database queries may be performed during view rendering. Explicitly configure spring.jpa.open-in-view to disable this warning
2023-05-06T19:46:02.035+08:00  INFO 32840 --- [main] o.s.b.w.embedded.tomcat.TomcatWebServer  : Tomcat started on port(s): 8080 (http) with context path ''
2023-05-06T19:46:02.039+08:00  INFO 32840 --- [main] c.lyl.byyouside.ByYouSideApplicationKt   : Started ByYouSideApplicationKt in 2.067 seconds (process running for 2.509)
2023-05-06T19:46:08.981+08:00  INFO 32840 --- [http-nio-8080-exec-1] o.a.c.c.C.[Tomcat].[localhost].[/]       : Initializing Spring DispatcherServlet 'dispatcherServlet'
2023-05-06T19:46:08.983+08:00  INFO 32840 --- [http-nio-8080-exec-1] o.s.web.servlet.DispatcherServlet        : Initializing Servlet 'dispatcherServlet'
2023-05-06T19:46:08.984+08:00  INFO 32840 --- [http-nio-8080-exec-1] o.s.web.servlet.DispatcherServlet        : Completed initialization in 1 ms
2023-05-06T19:46:09.052+08:00 ERROR 32840 --- [http-nio-8080-exec-1] o.h.engine.jdbc.spi.SqlExceptionHelper   : Syntax error in SQL statement "select u1_0.id,u1_0.birthday,u1_0.city,u1_0.close_date,u1_0.create_time,u1_0.email,u1_0.gender,u1_0.icon,u1_0.introduction,u1_0.nick_name,u1_0.password,u1_0.phone,u1_0.province,u1_0.update_time,u1_0.user_name,u1_0.vip_grade,u1_0.vip_limit_date from [*]user u1_0"; expected "identifier"; SQL statement:
select u1_0.id,u1_0.birthday,u1_0.city,u1_0.close_date,u1_0.create_time,u1_0.email,u1_0.gender,u1_0.icon,u1_0.introduction,u1_0.nick_name,u1_0.password,u1_0.phone,u1_0.province,u1_0.update_time,u1_0.user_name,u1_0.vip_grade,u1_0.vip_limit_date from user u1_0 [42001-214]
2023-05-06T19:46:09.057+08:00 ERROR 32840 --- [http-nio-8080-exec-1] o.a.c.c.C.[.[.[/].[dispatcherServlet]    : Servlet.service() for servlet [dispatcherServlet] in context with path [] threw exception [Request processing failed: org.springframework.dao.InvalidDataAccessResourceUsageException: could not prepare statement [Syntax error in SQL statement "select u1_0.id,u1_0.birthday,u1_0.city,u1_0.close_date,u1_0.create_time,u1_0.email,u1_0.gender,u1_0.icon,u1_0.introduction,u1_0.nick_name,u1_0.password,u1_0.phone,u1_0.province,u1_0.update_time,u1_0.user_name,u1_0.vip_grade,u1_0.vip_limit_date from [*]user u1_0"; expected "identifier"; SQL statement:
select u1_0.id,u1_0.birthday,u1_0.city,u1_0.close_date,u1_0.create_time,u1_0.email,u1_0.gender,u1_0.icon,u1_0.introduction,u1_0.nick_name,u1_0.password,u1_0.phone,u1_0.province,u1_0.update_time,u1_0.user_name,u1_0.vip_grade,u1_0.vip_limit_date from user u1_0 [42001-214]] [select u1_0.id,u1_0.birthday,u1_0.city,u1_0.close_date,u1_0.create_time,u1_0.email,u1_0.gender,u1_0.icon,u1_0.introduction,u1_0.nick_name,u1_0.password,u1_0.phone,u1_0.province,u1_0.update_time,u1_0.user_name,u1_0.vip_grade,u1_0.vip_limit_date from user u1_0]; SQL [select u1_0.id,u1_0.birthday,u1_0.city,u1_0.close_date,u1_0.create_time,u1_0.email,u1_0.gender,u1_0.icon,u1_0.introduction,u1_0.nick_name,u1_0.password,u1_0.phone,u1_0.province,u1_0.update_time,u1_0.user_name,u1_0.vip_grade,u1_0.vip_limit_date from user u1_0]] with root cause

org.h2.jdbc.JdbcSQLSyntaxErrorException: Syntax error in SQL statement "select u1_0.id,u1_0.birthday,u1_0.city,u1_0.close_date,u1_0.create_time,u1_0.email,u1_0.gender,u1_0.icon,u1_0.introduction,u1_0.nick_name,u1_0.password,u1_0.phone,u1_0.province,u1_0.update_time,u1_0.user_name,u1_0.vip_grade,u1_0.vip_limit_date from [*]user u1_0"; expected "identifier"; SQL statement:
select u1_0.id,u1_0.birthday,u1_0.city,u1_0.close_date,u1_0.create_time,u1_0.email,u1_0.gender,u1_0.icon,u1_0.introduction,u1_0.nick_name,u1_0.password,u1_0.phone,u1_0.province,u1_0.update_time,u1_0.user_name,u1_0.vip_grade,u1_0.vip_limit_date from user u1_0 [42001-214]
	at org.h2.message.DbException.getJdbcSQLException(DbException.java:502) ~[h2-2.1.214.jar:2.1.214]
	at org.h2.message.DbException.getJdbcSQLException(DbException.java:477) ~[h2-2.1.214.jar:2.1.214]
	at org.h2.message.DbException.getSyntaxError(DbException.java:261) ~[h2-2.1.214.jar:2.1.214]
	at org.h2.command.Parser.readIdentifier(Parser.java:5656) ~[h2-2.1.214.jar:2.1.214]
	at org.h2.command.Parser.readTablePrimary(Parser.java:1814) ~[h2-2.1.214.jar:2.1.214]
	at org.h2.command.Parser.readTableReference(Parser.java:2334) ~[h2-2.1.214.jar:2.1.214]
	at org.h2.command.Parser.parseSelectFromPart(Parser.java:2772) ~[h2-2.1.214.jar:2.1.214]
	at org.h2.command.Parser.parseSelect(Parser.java:2878) ~[h2-2.1.214.jar:2.1.214]
	at org.h2.command.Parser.parseQueryPrimary(Parser.java:2762) ~[h2-2.1.214.jar:2.1.214]
	at org.h2.command.Parser.parseQueryTerm(Parser.java:2633) ~[h2-2.1.214.jar:2.1.214]
	at org.h2.command.Parser.parseQueryExpressionBody(Parser.java:2612) ~[h2-2.1.214.jar:2.1.214]
	at org.h2.command.Parser.parseQueryExpressionBodyAndEndOfQuery(Parser.java:2605) ~[h2-2.1.214.jar:2.1.214]
	at org.h2.command.Parser.parseQueryExpression(Parser.java:2598) ~[h2-2.1.214.jar:2.1.214]
	at org.h2.command.Parser.parseQuery(Parser.java:2567) ~[h2-2.1.214.jar:2.1.214]
	at org.h2.command.Parser.parsePrepared(Parser.java:724) ~[h2-2.1.214.jar:2.1.214]
	at org.h2.command.Parser.parse(Parser.java:689) ~[h2-2.1.214.jar:2.1.214]
	at org.h2.command.Parser.parse(Parser.java:661) ~[h2-2.1.214.jar:2.1.214]
	at org.h2.command.Parser.prepareCommand(Parser.java:569) ~[h2-2.1.214.jar:2.1.214]
	at org.h2.engine.SessionLocal.prepareLocal(SessionLocal.java:631) ~[h2-2.1.214.jar:2.1.214]
	at org.h2.engine.SessionLocal.prepareCommand(SessionLocal.java:554) ~[h2-2.1.214.jar:2.1.214]
	at org.h2.jdbc.JdbcConnection.prepareCommand(JdbcConnection.java:1116) ~[h2-2.1.214.jar:2.1.214]
	at org.h2.jdbc.JdbcPreparedStatement.<init>(JdbcPreparedStatement.java:92) ~[h2-2.1.214.jar:2.1.214]
	at org.h2.jdbc.JdbcConnection.prepareStatement(JdbcConnection.java:288) ~[h2-2.1.214.jar:2.1.214]
	at com.zaxxer.hikari.pool.ProxyConnection.prepareStatement(ProxyConnection.java:327) ~[HikariCP-5.0.1.jar:na]
	at com.zaxxer.hikari.pool.HikariProxyConnection.prepareStatement(HikariProxyConnection.java) ~[HikariCP-5.0.1.jar:na]
	at org.hibernate.engine.jdbc.internal.StatementPreparerImpl$1.doPrepare(StatementPreparerImpl.java:91) ~[hibernate-core-6.2.2.Final.jar:6.2.2.Final]
	at org.hibernate.engine.jdbc.internal.StatementPreparerImpl$StatementPreparationTemplate.prepareStatement(StatementPreparerImpl.java:177) ~[hibernate-core-6.2.2.Final.jar:6.2.2.Final]
	at org.hibernate.engine.jdbc.internal.StatementPreparerImpl.prepareStatement(StatementPreparerImpl.java:76) ~[hibernate-core-6.2.2.Final.jar:6.2.2.Final]
	at org.hibernate.sql.exec.internal.JdbcSelectExecutorStandardImpl.lambda$list$0(JdbcSelectExecutorStandardImpl.java:102) ~[hibernate-core-6.2.2.Final.jar:6.2.2.Final]
	at org.hibernate.sql.results.jdbc.internal.DeferredResultSetAccess.executeQuery(DeferredResultSetAccess.java:226) ~[hibernate-core-6.2.2.Final.jar:6.2.2.Final]
	at org.hibernate.sql.results.jdbc.internal.DeferredResultSetAccess.getResultSet(DeferredResultSetAccess.java:163) ~[hibernate-core-6.2.2.Final.jar:6.2.2.Final]
	at org.hibernate.sql.results.jdbc.internal.JdbcValuesResultSetImpl.advanceNext(JdbcValuesResultSetImpl.java:204) ~[hibernate-core-6.2.2.Final.jar:6.2.2.Final]
	at org.hibernate.sql.results.jdbc.internal.JdbcValuesResultSetImpl.processNext(JdbcValuesResultSetImpl.java:84) ~[hibernate-core-6.2.2.Final.jar:6.2.2.Final]
	at org.hibernate.sql.results.jdbc.internal.AbstractJdbcValues.next(AbstractJdbcValues.java:29) ~[hibernate-core-6.2.2.Final.jar:6.2.2.Final]
	at org.hibernate.sql.results.internal.RowProcessingStateStandardImpl.next(RowProcessingStateStandardImpl.java:65) ~[hibernate-core-6.2.2.Final.jar:6.2.2.Final]
	at org.hibernate.sql.results.spi.ListResultsConsumer.consume(ListResultsConsumer.java:198) ~[hibernate-core-6.2.2.Final.jar:6.2.2.Final]
	at org.hibernate.sql.results.spi.ListResultsConsumer.consume(ListResultsConsumer.java:33) ~[hibernate-core-6.2.2.Final.jar:6.2.2.Final]
	at org.hibernate.sql.exec.internal.JdbcSelectExecutorStandardImpl.doExecuteQuery(JdbcSelectExecutorStandardImpl.java:362) ~[hibernate-core-6.2.2.Final.jar:6.2.2.Final]
	at org.hibernate.sql.exec.internal.JdbcSelectExecutorStandardImpl.executeQuery(JdbcSelectExecutorStandardImpl.java:168) ~[hibernate-core-6.2.2.Final.jar:6.2.2.Final]
	at org.hibernate.sql.exec.internal.JdbcSelectExecutorStandardImpl.list(JdbcSelectExecutorStandardImpl.java:93) ~[hibernate-core-6.2.2.Final.jar:6.2.2.Final]
	at org.hibernate.sql.exec.spi.JdbcSelectExecutor.list(JdbcSelectExecutor.java:31) ~[hibernate-core-6.2.2.Final.jar:6.2.2.Final]
	at org.hibernate.query.sqm.internal.ConcreteSqmSelectQueryPlan.lambda$new$0(ConcreteSqmSelectQueryPlan.java:109) ~[hibernate-core-6.2.2.Final.jar:6.2.2.Final]
	at org.hibernate.query.sqm.internal.ConcreteSqmSelectQueryPlan.withCacheableSqmInterpretation(ConcreteSqmSelectQueryPlan.java:302) ~[hibernate-core-6.2.2.Final.jar:6.2.2.Final]
	at org.hibernate.query.sqm.internal.ConcreteSqmSelectQueryPlan.performList(ConcreteSqmSelectQueryPlan.java:243) ~[hibernate-core-6.2.2.Final.jar:6.2.2.Final]
	at org.hibernate.query.sqm.internal.QuerySqmImpl.doList(QuerySqmImpl.java:518) ~[hibernate-core-6.2.2.Final.jar:6.2.2.Final]
	at org.hibernate.query.spi.AbstractSelectionQuery.list(AbstractSelectionQuery.java:367) ~[hibernate-core-6.2.2.Final.jar:6.2.2.Final]
	at org.hibernate.query.Query.getResultList(Query.java:119) ~[hibernate-core-6.2.2.Final.jar:6.2.2.Final]
	at org.springframework.data.jpa.repository.support.SimpleJpaRepository.findAll(SimpleJpaRepository.java:408) ~[spring-data-jpa-3.1.0-SNAPSHOT.jar:3.1.0-SNAPSHOT]
	at org.springframework.data.jpa.repository.support.SimpleJpaRepository.findAll(SimpleJpaRepository.java:94) ~[spring-data-jpa-3.1.0-SNAPSHOT.jar:3.1.0-SNAPSHOT]
	at java.base/jdk.internal.reflect.NativeMethodAccessorImpl.invoke0(Native Method) ~[na:na]
	at java.base/jdk.internal.reflect.NativeMethodAccessorImpl.invoke(NativeMethodAccessorImpl.java:77) ~[na:na]
	at java.base/jdk.internal.reflect.DelegatingMethodAccessorImpl.invoke(DelegatingMethodAccessorImpl.java:43) ~[na:na]
	at java.base/java.lang.reflect.Method.invoke(Method.java:568) ~[na:na]
	at org.springframework.data.repository.core.support.RepositoryMethodInvoker$RepositoryFragmentMethodInvoker.lambda$new$0(RepositoryMethodInvoker.java:288) ~[spring-data-commons-3.1.0-SNAPSHOT.jar:3.1.0-SNAPSHOT]
	at org.springframework.data.repository.core.support.RepositoryMethodInvoker.doInvoke(RepositoryMethodInvoker.java:136) ~[spring-data-commons-3.1.0-SNAPSHOT.jar:3.1.0-SNAPSHOT]
	at org.springframework.data.repository.core.support.RepositoryMethodInvoker.invoke(RepositoryMethodInvoker.java:120) ~[spring-data-commons-3.1.0-SNAPSHOT.jar:3.1.0-SNAPSHOT]
	at org.springframework.data.repository.core.support.RepositoryComposition$RepositoryFragments.invoke(RepositoryComposition.java:516) ~[spring-data-commons-3.1.0-SNAPSHOT.jar:3.1.0-SNAPSHOT]
	at org.springframework.data.repository.core.support.RepositoryComposition.invoke(RepositoryComposition.java:285) ~[spring-data-commons-3.1.0-SNAPSHOT.jar:3.1.0-SNAPSHOT]
	at org.springframework.data.repository.core.support.RepositoryFactorySupport$ImplementationMethodExecutionInterceptor.invoke(RepositoryFactorySupport.java:628) ~[spring-data-commons-3.1.0-SNAPSHOT.jar:3.1.0-SNAPSHOT]
	at org.springframework.aop.framework.ReflectiveMethodInvocation.proceed(ReflectiveMethodInvocation.java:184) ~[spring-aop-6.0.9-SNAPSHOT.jar:6.0.9-SNAPSHOT]
	at org.springframework.data.repository.core.support.QueryExecutorMethodInterceptor.doInvoke(QueryExecutorMethodInterceptor.java:168) ~[spring-data-commons-3.1.0-SNAPSHOT.jar:3.1.0-SNAPSHOT]
	at org.springframework.data.repository.core.support.QueryExecutorMethodInterceptor.invoke(QueryExecutorMethodInterceptor.java:143) ~[spring-data-commons-3.1.0-SNAPSHOT.jar:3.1.0-SNAPSHOT]
	at org.springframework.aop.framework.ReflectiveMethodInvocation.proceed(ReflectiveMethodInvocation.java:184) ~[spring-aop-6.0.9-SNAPSHOT.jar:6.0.9-SNAPSHOT]
	at org.springframework.data.projection.DefaultMethodInvokingMethodInterceptor.invoke(DefaultMethodInvokingMethodInterceptor.java:77) ~[spring-data-commons-3.1.0-SNAPSHOT.jar:3.1.0-SNAPSHOT]
	at org.springframework.aop.framework.ReflectiveMethodInvocation.proceed(ReflectiveMethodInvocation.java:184) ~[spring-aop-6.0.9-SNAPSHOT.jar:6.0.9-SNAPSHOT]
	at org.springframework.transaction.interceptor.TransactionInterceptor$1.proceedWithInvocation(TransactionInterceptor.java:123) ~[spring-tx-6.0.9-SNAPSHOT.jar:6.0.9-SNAPSHOT]
	at org.springframework.transaction.interceptor.TransactionAspectSupport.invokeWithinTransaction(TransactionAspectSupport.java:391) ~[spring-tx-6.0.9-SNAPSHOT.jar:6.0.9-SNAPSHOT]
	at org.springframework.transaction.interceptor.TransactionInterceptor.invoke(TransactionInterceptor.java:119) ~[spring-tx-6.0.9-SNAPSHOT.jar:6.0.9-SNAPSHOT]
	at org.springframework.aop.framework.ReflectiveMethodInvocation.proceed(ReflectiveMethodInvocation.java:184) ~[spring-aop-6.0.9-SNAPSHOT.jar:6.0.9-SNAPSHOT]
	at org.springframework.dao.support.PersistenceExceptionTranslationInterceptor.invoke(PersistenceExceptionTranslationInterceptor.java:137) ~[spring-tx-6.0.9-SNAPSHOT.jar:6.0.9-SNAPSHOT]
	at org.springframework.aop.framework.ReflectiveMethodInvocation.proceed(ReflectiveMethodInvocation.java:184) ~[spring-aop-6.0.9-SNAPSHOT.jar:6.0.9-SNAPSHOT]
	at org.springframework.data.jpa.repository.support.CrudMethodMetadataPostProcessor$CrudMethodMetadataPopulatingMethodInterceptor.invoke(CrudMethodMetadataPostProcessor.java:163) ~[spring-data-jpa-3.1.0-SNAPSHOT.jar:3.1.0-SNAPSHOT]
	at org.springframework.aop.framework.ReflectiveMethodInvocation.proceed(ReflectiveMethodInvocation.java:184) ~[spring-aop-6.0.9-SNAPSHOT.jar:6.0.9-SNAPSHOT]
	at org.springframework.aop.interceptor.ExposeInvocationInterceptor.invoke(ExposeInvocationInterceptor.java:97) ~[spring-aop-6.0.9-SNAPSHOT.jar:6.0.9-SNAPSHOT]
	at org.springframework.aop.framework.ReflectiveMethodInvocation.proceed(ReflectiveMethodInvocation.java:184) ~[spring-aop-6.0.9-SNAPSHOT.jar:6.0.9-SNAPSHOT]
	at org.springframework.data.repository.core.support.MethodInvocationValidator.invoke(MethodInvocationValidator.java:94) ~[spring-data-commons-3.1.0-SNAPSHOT.jar:3.1.0-SNAPSHOT]
	at org.springframework.aop.framework.ReflectiveMethodInvocation.proceed(ReflectiveMethodInvocation.java:184) ~[spring-aop-6.0.9-SNAPSHOT.jar:6.0.9-SNAPSHOT]
	at org.springframework.aop.framework.JdkDynamicAopProxy.invoke(JdkDynamicAopProxy.java:223) ~[spring-aop-6.0.9-SNAPSHOT.jar:6.0.9-SNAPSHOT]
	at jdk.proxy2/jdk.proxy2.$Proxy130.findAll(Unknown Source) ~[na:na]
	at com.lyl.byyouside.controller.api.UserController.getAllUser(UserController.kt:130) ~[main/:na]
	at java.base/jdk.internal.reflect.NativeMethodAccessorImpl.invoke0(Native Method) ~[na:na]
	at java.base/jdk.internal.reflect.NativeMethodAccessorImpl.invoke(NativeMethodAccessorImpl.java:77) ~[na:na]
	at java.base/jdk.internal.reflect.DelegatingMethodAccessorImpl.invoke(DelegatingMethodAccessorImpl.java:43) ~[na:na]
	at java.base/java.lang.reflect.Method.invoke(Method.java:568) ~[na:na]
	at org.springframework.web.method.support.InvocableHandlerMethod.doInvoke(InvocableHandlerMethod.java:207) ~[spring-web-6.0.9-SNAPSHOT.jar:6.0.9-SNAPSHOT]
	at org.springframework.web.method.support.InvocableHandlerMethod.invokeForRequest(InvocableHandlerMethod.java:152) ~[spring-web-6.0.9-SNAPSHOT.jar:6.0.9-SNAPSHOT]
	at org.springframework.web.servlet.mvc.method.annotation.ServletInvocableHandlerMethod.invokeAndHandle(ServletInvocableHandlerMethod.java:118) ~[spring-webmvc-6.0.9-SNAPSHOT.jar:6.0.9-SNAPSHOT]
	at org.springframework.web.servlet.mvc.method.annotation.RequestMappingHandlerAdapter.invokeHandlerMethod(RequestMappingHandlerAdapter.java:884) ~[spring-webmvc-6.0.9-SNAPSHOT.jar:6.0.9-SNAPSHOT]
	at org.springframework.web.servlet.mvc.method.annotation.RequestMappingHandlerAdapter.handleInternal(RequestMappingHandlerAdapter.java:797) ~[spring-webmvc-6.0.9-SNAPSHOT.jar:6.0.9-SNAPSHOT]
	at org.springframework.web.servlet.mvc.method.AbstractHandlerMethodAdapter.handle(AbstractHandlerMethodAdapter.java:87) ~[spring-webmvc-6.0.9-SNAPSHOT.jar:6.0.9-SNAPSHOT]
	at org.springframework.web.servlet.DispatcherServlet.doDispatch(DispatcherServlet.java:1081) ~[spring-webmvc-6.0.9-SNAPSHOT.jar:6.0.9-SNAPSHOT]
	at org.springframework.web.servlet.DispatcherServlet.doService(DispatcherServlet.java:974) ~[spring-webmvc-6.0.9-SNAPSHOT.jar:6.0.9-SNAPSHOT]
	at org.springframework.web.servlet.FrameworkServlet.processRequest(FrameworkServlet.java:1011) ~[spring-webmvc-6.0.9-SNAPSHOT.jar:6.0.9-SNAPSHOT]
	at org.springframework.web.servlet.FrameworkServlet.doPost(FrameworkServlet.java:914) ~[spring-webmvc-6.0.9-SNAPSHOT.jar:6.0.9-SNAPSHOT]
	at jakarta.servlet.http.HttpServlet.service(HttpServlet.java:590) ~[tomcat-embed-core-10.1.8.jar:6.0]
	at org.springframework.web.servlet.FrameworkServlet.service(FrameworkServlet.java:885) ~[spring-webmvc-6.0.9-SNAPSHOT.jar:6.0.9-SNAPSHOT]
	at jakarta.servlet.http.HttpServlet.service(HttpServlet.java:658) ~[tomcat-embed-core-10.1.8.jar:6.0]
	at org.apache.catalina.core.ApplicationFilterChain.internalDoFilter(ApplicationFilterChain.java:205) ~[tomcat-embed-core-10.1.8.jar:10.1.8]
	at org.apache.catalina.core.ApplicationFilterChain.doFilter(ApplicationFilterChain.java:149) ~[tomcat-embed-core-10.1.8.jar:10.1.8]
	at org.apache.tomcat.websocket.server.WsFilter.doFilter(WsFilter.java:51) ~[tomcat-embed-websocket-10.1.8.jar:10.1.8]
	at org.apache.catalina.core.ApplicationFilterChain.internalDoFilter(ApplicationFilterChain.java:174) ~[tomcat-embed-core-10.1.8.jar:10.1.8]
	at org.apache.catalina.core.ApplicationFilterChain.doFilter(ApplicationFilterChain.java:149) ~[tomcat-embed-core-10.1.8.jar:10.1.8]
	at org.springframework.web.filter.RequestContextFilter.doFilterInternal(RequestContextFilter.java:100) ~[spring-web-6.0.9-SNAPSHOT.jar:6.0.9-SNAPSHOT]
	at org.springframework.web.filter.OncePerRequestFilter.doFilter(OncePerRequestFilter.java:116) ~[spring-web-6.0.9-SNAPSHOT.jar:6.0.9-SNAPSHOT]
	at org.apache.catalina.core.ApplicationFilterChain.internalDoFilter(ApplicationFilterChain.java:174) ~[tomcat-embed-core-10.1.8.jar:10.1.8]
	at org.apache.catalina.core.ApplicationFilterChain.doFilter(ApplicationFilterChain.java:149) ~[tomcat-embed-core-10.1.8.jar:10.1.8]
	at org.springframework.web.filter.FormContentFilter.doFilterInternal(FormContentFilter.java:93) ~[spring-web-6.0.9-SNAPSHOT.jar:6.0.9-SNAPSHOT]
	at org.springframework.web.filter.OncePerRequestFilter.doFilter(OncePerRequestFilter.java:116) ~[spring-web-6.0.9-SNAPSHOT.jar:6.0.9-SNAPSHOT]
	at org.apache.catalina.core.ApplicationFilterChain.internalDoFilter(ApplicationFilterChain.java:174) ~[tomcat-embed-core-10.1.8.jar:10.1.8]
	at org.apache.catalina.core.ApplicationFilterChain.doFilter(ApplicationFilterChain.java:149) ~[tomcat-embed-core-10.1.8.jar:10.1.8]
	at org.springframework.web.filter.CharacterEncodingFilter.doFilterInternal(CharacterEncodingFilter.java:201) ~[spring-web-6.0.9-SNAPSHOT.jar:6.0.9-SNAPSHOT]
	at org.springframework.web.filter.OncePerRequestFilter.doFilter(OncePerRequestFilter.java:116) ~[spring-web-6.0.9-SNAPSHOT.jar:6.0.9-SNAPSHOT]
	at org.apache.catalina.core.ApplicationFilterChain.internalDoFilter(ApplicationFilterChain.java:174) ~[tomcat-embed-core-10.1.8.jar:10.1.8]
	at org.apache.catalina.core.ApplicationFilterChain.doFilter(ApplicationFilterChain.java:149) ~[tomcat-embed-core-10.1.8.jar:10.1.8]
	at org.apache.catalina.core.StandardWrapperValve.invoke(StandardWrapperValve.java:166) ~[tomcat-embed-core-10.1.8.jar:10.1.8]
	at org.apache.catalina.core.StandardContextValve.invoke(StandardContextValve.java:90) ~[tomcat-embed-core-10.1.8.jar:10.1.8]
	at org.apache.catalina.authenticator.AuthenticatorBase.invoke(AuthenticatorBase.java:482) ~[tomcat-embed-core-10.1.8.jar:10.1.8]
	at org.apache.catalina.core.StandardHostValve.invoke(StandardHostValve.java:115) ~[tomcat-embed-core-10.1.8.jar:10.1.8]
	at org.apache.catalina.valves.ErrorReportValve.invoke(ErrorReportValve.java:93) ~[tomcat-embed-core-10.1.8.jar:10.1.8]
	at org.apache.catalina.core.StandardEngineValve.invoke(StandardEngineValve.java:74) ~[tomcat-embed-core-10.1.8.jar:10.1.8]
	at org.apache.catalina.connector.CoyoteAdapter.service(CoyoteAdapter.java:341) ~[tomcat-embed-core-10.1.8.jar:10.1.8]
	at org.apache.coyote.http11.Http11Processor.service(Http11Processor.java:390) ~[tomcat-embed-core-10.1.8.jar:10.1.8]
	at org.apache.coyote.AbstractProcessorLight.process(AbstractProcessorLight.java:63) ~[tomcat-embed-core-10.1.8.jar:10.1.8]
	at org.apache.coyote.AbstractProtocol$ConnectionHandler.process(AbstractProtocol.java:894) ~[tomcat-embed-core-10.1.8.jar:10.1.8]
	at org.apache.tomcat.util.net.NioEndpoint$SocketProcessor.doRun(NioEndpoint.java:1741) ~[tomcat-embed-core-10.1.8.jar:10.1.8]
	at org.apache.tomcat.util.net.SocketProcessorBase.run(SocketProcessorBase.java:52) ~[tomcat-embed-core-10.1.8.jar:10.1.8]
	at org.apache.tomcat.util.threads.ThreadPoolExecutor.runWorker(ThreadPoolExecutor.java:1191) ~[tomcat-embed-core-10.1.8.jar:10.1.8]
	at org.apache.tomcat.util.threads.ThreadPoolExecutor$Worker.run(ThreadPoolExecutor.java:659) ~[tomcat-embed-core-10.1.8.jar:10.1.8]
	at org.apache.tomcat.util.threads.TaskThread$WrappingRunnable.run(TaskThread.java:61) ~[tomcat-embed-core-10.1.8.jar:10.1.8]
	at java.base/java.lang.Thread.run(Thread.java:833) ~[na:na]

2023-05-06T19:48:19.764+08:00  INFO 32840 --- [SpringApplicationShutdownHook] j.LocalContainerEntityManagerFactoryBean : Closing JPA EntityManagerFactory for persistence unit 'default'
2023-05-06T19:48:19.766+08:00  INFO 32840 --- [SpringApplicationShutdownHook] com.zaxxer.hikari.HikariDataSource       : HikariPool-1 - Shutdown initiated...
2023-05-06T19:48:19.767+08:00  INFO 32840 --- [SpringApplicationShutdownHook] com.zaxxer.hikari.HikariDataSource       : HikariPool-1 - Shutdown completed.
2023-05-06T19:48:22.454+08:00  INFO 32944 --- [main] c.lyl.byyouside.ByYouSideApplicationKt   : Starting ByYouSideApplicationKt using Java 17.0.7 with PID 32944 (/Users/lyl/developer/project/me/ByYourSide/web/ByYouSide/build/classes/kotlin/main started by lyl in /Users/lyl/developer/project/me/ByYourSide/web/ByYouSide)
2023-05-06T19:48:22.455+08:00  INFO 32944 --- [main] c.lyl.byyouside.ByYouSideApplicationKt   : The following 1 profile is active: "dev"
2023-05-06T19:48:22.852+08:00  INFO 32944 --- [main] .s.d.r.c.RepositoryConfigurationDelegate : Bootstrapping Spring Data JPA repositories in DEFAULT mode.
2023-05-06T19:48:22.878+08:00  INFO 32944 --- [main] .s.d.r.c.RepositoryConfigurationDelegate : Finished Spring Data repository scanning in 22 ms. Found 5 JPA repository interfaces.
2023-05-06T19:48:23.093+08:00  INFO 32944 --- [main] o.s.b.w.embedded.tomcat.TomcatWebServer  : Tomcat initialized with port(s): 8080 (http)
2023-05-06T19:48:23.098+08:00  INFO 32944 --- [main] o.apache.catalina.core.StandardService   : Starting service [Tomcat]
2023-05-06T19:48:23.098+08:00  INFO 32944 --- [main] o.apache.catalina.core.StandardEngine    : Starting Servlet engine: [Apache Tomcat/10.1.8]
2023-05-06T19:48:23.134+08:00  INFO 32944 --- [main] o.a.c.c.C.[Tomcat].[localhost].[/]       : Initializing Spring embedded WebApplicationContext
2023-05-06T19:48:23.134+08:00  INFO 32944 --- [main] w.s.c.ServletWebServerApplicationContext : Root WebApplicationContext: initialization completed in 657 ms
2023-05-06T19:48:23.147+08:00  INFO 32944 --- [main] com.zaxxer.hikari.HikariDataSource       : HikariPool-1 - Starting...
2023-05-06T19:48:23.250+08:00  INFO 32944 --- [main] com.zaxxer.hikari.pool.HikariPool        : HikariPool-1 - Added connection conn0: url=jdbc:h2:file:./ByYourSide/config/db/.h2/side_db user=ROOT
2023-05-06T19:48:23.250+08:00  INFO 32944 --- [main] com.zaxxer.hikari.HikariDataSource       : HikariPool-1 - Start completed.
2023-05-06T19:48:23.255+08:00  INFO 32944 --- [main] o.s.b.a.h2.H2ConsoleAutoConfiguration    : H2 console available at '/h2-console'. Database available at 'jdbc:h2:file:./ByYourSide/config/db/.h2/side_db'
2023-05-06T19:48:23.449+08:00  INFO 32944 --- [main] o.s.o.j.p.SpringPersistenceUnitInfo      : No LoadTimeWeaver setup: ignoring JPA class transformer
2023-05-06T19:48:23.831+08:00  INFO 32944 --- [main] j.LocalContainerEntityManagerFactoryBean : Initialized JPA EntityManagerFactory for persistence unit 'default'
2023-05-06T19:48:24.165+08:00  WARN 32944 --- [main] JpaBaseConfiguration$JpaWebConfiguration : spring.jpa.open-in-view is enabled by default. Therefore, database queries may be performed during view rendering. Explicitly configure spring.jpa.open-in-view to disable this warning
2023-05-06T19:48:24.296+08:00  INFO 32944 --- [main] o.s.b.w.embedded.tomcat.TomcatWebServer  : Tomcat started on port(s): 8080 (http) with context path ''
2023-05-06T19:48:24.300+08:00  INFO 32944 --- [main] c.lyl.byyouside.ByYouSideApplicationKt   : Started ByYouSideApplicationKt in 2.047 seconds (process running for 2.506)
2023-05-06T19:48:28.392+08:00  INFO 32944 --- [http-nio-8080-exec-1] o.a.c.c.C.[Tomcat].[localhost].[/]       : Initializing Spring DispatcherServlet 'dispatcherServlet'
2023-05-06T19:48:28.392+08:00  INFO 32944 --- [http-nio-8080-exec-1] o.s.web.servlet.DispatcherServlet        : Initializing Servlet 'dispatcherServlet'
2023-05-06T19:48:28.394+08:00  INFO 32944 --- [http-nio-8080-exec-1] o.s.web.servlet.DispatcherServlet        : Completed initialization in 1 ms
2023-05-06T19:48:28.462+08:00 ERROR 32944 --- [http-nio-8080-exec-1] o.h.engine.jdbc.spi.SqlExceptionHelper   : Syntax error in SQL statement "select u1_0.id,u1_0.birthday,u1_0.city,u1_0.close_date,u1_0.create_time,u1_0.email,u1_0.gender,u1_0.icon,u1_0.introduction,u1_0.nick_name,u1_0.password,u1_0.phone,u1_0.province,u1_0.serial_versionuid,u1_0.update_time,u1_0.user_name,u1_0.vip_grade,u1_0.vip_limit_date from [*]user u1_0"; expected "identifier"; SQL statement:
select u1_0.id,u1_0.birthday,u1_0.city,u1_0.close_date,u1_0.create_time,u1_0.email,u1_0.gender,u1_0.icon,u1_0.introduction,u1_0.nick_name,u1_0.password,u1_0.phone,u1_0.province,u1_0.serial_versionuid,u1_0.update_time,u1_0.user_name,u1_0.vip_grade,u1_0.vip_limit_date from user u1_0 [42001-214]
2023-05-06T19:48:28.466+08:00 ERROR 32944 --- [http-nio-8080-exec-1] o.a.c.c.C.[.[.[/].[dispatcherServlet]    : Servlet.service() for servlet [dispatcherServlet] in context with path [] threw exception [Request processing failed: org.springframework.dao.InvalidDataAccessResourceUsageException: could not prepare statement [Syntax error in SQL statement "select u1_0.id,u1_0.birthday,u1_0.city,u1_0.close_date,u1_0.create_time,u1_0.email,u1_0.gender,u1_0.icon,u1_0.introduction,u1_0.nick_name,u1_0.password,u1_0.phone,u1_0.province,u1_0.serial_versionuid,u1_0.update_time,u1_0.user_name,u1_0.vip_grade,u1_0.vip_limit_date from [*]user u1_0"; expected "identifier"; SQL statement:
select u1_0.id,u1_0.birthday,u1_0.city,u1_0.close_date,u1_0.create_time,u1_0.email,u1_0.gender,u1_0.icon,u1_0.introduction,u1_0.nick_name,u1_0.password,u1_0.phone,u1_0.province,u1_0.serial_versionuid,u1_0.update_time,u1_0.user_name,u1_0.vip_grade,u1_0.vip_limit_date from user u1_0 [42001-214]] [select u1_0.id,u1_0.birthday,u1_0.city,u1_0.close_date,u1_0.create_time,u1_0.email,u1_0.gender,u1_0.icon,u1_0.introduction,u1_0.nick_name,u1_0.password,u1_0.phone,u1_0.province,u1_0.serial_versionuid,u1_0.update_time,u1_0.user_name,u1_0.vip_grade,u1_0.vip_limit_date from user u1_0]; SQL [select u1_0.id,u1_0.birthday,u1_0.city,u1_0.close_date,u1_0.create_time,u1_0.email,u1_0.gender,u1_0.icon,u1_0.introduction,u1_0.nick_name,u1_0.password,u1_0.phone,u1_0.province,u1_0.serial_versionuid,u1_0.update_time,u1_0.user_name,u1_0.vip_grade,u1_0.vip_limit_date from user u1_0]] with root cause

org.h2.jdbc.JdbcSQLSyntaxErrorException: Syntax error in SQL statement "select u1_0.id,u1_0.birthday,u1_0.city,u1_0.close_date,u1_0.create_time,u1_0.email,u1_0.gender,u1_0.icon,u1_0.introduction,u1_0.nick_name,u1_0.password,u1_0.phone,u1_0.province,u1_0.serial_versionuid,u1_0.update_time,u1_0.user_name,u1_0.vip_grade,u1_0.vip_limit_date from [*]user u1_0"; expected "identifier"; SQL statement:
select u1_0.id,u1_0.birthday,u1_0.city,u1_0.close_date,u1_0.create_time,u1_0.email,u1_0.gender,u1_0.icon,u1_0.introduction,u1_0.nick_name,u1_0.password,u1_0.phone,u1_0.province,u1_0.serial_versionuid,u1_0.update_time,u1_0.user_name,u1_0.vip_grade,u1_0.vip_limit_date from user u1_0 [42001-214]
	at org.h2.message.DbException.getJdbcSQLException(DbException.java:502) ~[h2-2.1.214.jar:2.1.214]
	at org.h2.message.DbException.getJdbcSQLException(DbException.java:477) ~[h2-2.1.214.jar:2.1.214]
	at org.h2.message.DbException.getSyntaxError(DbException.java:261) ~[h2-2.1.214.jar:2.1.214]
	at org.h2.command.Parser.readIdentifier(Parser.java:5656) ~[h2-2.1.214.jar:2.1.214]
	at org.h2.command.Parser.readTablePrimary(Parser.java:1814) ~[h2-2.1.214.jar:2.1.214]
	at org.h2.command.Parser.readTableReference(Parser.java:2334) ~[h2-2.1.214.jar:2.1.214]
	at org.h2.command.Parser.parseSelectFromPart(Parser.java:2772) ~[h2-2.1.214.jar:2.1.214]
	at org.h2.command.Parser.parseSelect(Parser.java:2878) ~[h2-2.1.214.jar:2.1.214]
	at org.h2.command.Parser.parseQueryPrimary(Parser.java:2762) ~[h2-2.1.214.jar:2.1.214]
	at org.h2.command.Parser.parseQueryTerm(Parser.java:2633) ~[h2-2.1.214.jar:2.1.214]
	at org.h2.command.Parser.parseQueryExpressionBody(Parser.java:2612) ~[h2-2.1.214.jar:2.1.214]
	at org.h2.command.Parser.parseQueryExpressionBodyAndEndOfQuery(Parser.java:2605) ~[h2-2.1.214.jar:2.1.214]
	at org.h2.command.Parser.parseQueryExpression(Parser.java:2598) ~[h2-2.1.214.jar:2.1.214]
	at org.h2.command.Parser.parseQuery(Parser.java:2567) ~[h2-2.1.214.jar:2.1.214]
	at org.h2.command.Parser.parsePrepared(Parser.java:724) ~[h2-2.1.214.jar:2.1.214]
	at org.h2.command.Parser.parse(Parser.java:689) ~[h2-2.1.214.jar:2.1.214]
	at org.h2.command.Parser.parse(Parser.java:661) ~[h2-2.1.214.jar:2.1.214]
	at org.h2.command.Parser.prepareCommand(Parser.java:569) ~[h2-2.1.214.jar:2.1.214]
	at org.h2.engine.SessionLocal.prepareLocal(SessionLocal.java:631) ~[h2-2.1.214.jar:2.1.214]
	at org.h2.engine.SessionLocal.prepareCommand(SessionLocal.java:554) ~[h2-2.1.214.jar:2.1.214]
	at org.h2.jdbc.JdbcConnection.prepareCommand(JdbcConnection.java:1116) ~[h2-2.1.214.jar:2.1.214]
	at org.h2.jdbc.JdbcPreparedStatement.<init>(JdbcPreparedStatement.java:92) ~[h2-2.1.214.jar:2.1.214]
	at org.h2.jdbc.JdbcConnection.prepareStatement(JdbcConnection.java:288) ~[h2-2.1.214.jar:2.1.214]
	at com.zaxxer.hikari.pool.ProxyConnection.prepareStatement(ProxyConnection.java:327) ~[HikariCP-5.0.1.jar:na]
	at com.zaxxer.hikari.pool.HikariProxyConnection.prepareStatement(HikariProxyConnection.java) ~[HikariCP-5.0.1.jar:na]
	at org.hibernate.engine.jdbc.internal.StatementPreparerImpl$1.doPrepare(StatementPreparerImpl.java:91) ~[hibernate-core-6.2.2.Final.jar:6.2.2.Final]
	at org.hibernate.engine.jdbc.internal.StatementPreparerImpl$StatementPreparationTemplate.prepareStatement(StatementPreparerImpl.java:177) ~[hibernate-core-6.2.2.Final.jar:6.2.2.Final]
	at org.hibernate.engine.jdbc.internal.StatementPreparerImpl.prepareStatement(StatementPreparerImpl.java:76) ~[hibernate-core-6.2.2.Final.jar:6.2.2.Final]
	at org.hibernate.sql.exec.internal.JdbcSelectExecutorStandardImpl.lambda$list$0(JdbcSelectExecutorStandardImpl.java:102) ~[hibernate-core-6.2.2.Final.jar:6.2.2.Final]
	at org.hibernate.sql.results.jdbc.internal.DeferredResultSetAccess.executeQuery(DeferredResultSetAccess.java:226) ~[hibernate-core-6.2.2.Final.jar:6.2.2.Final]
	at org.hibernate.sql.results.jdbc.internal.DeferredResultSetAccess.getResultSet(DeferredResultSetAccess.java:163) ~[hibernate-core-6.2.2.Final.jar:6.2.2.Final]
	at org.hibernate.sql.results.jdbc.internal.JdbcValuesResultSetImpl.advanceNext(JdbcValuesResultSetImpl.java:204) ~[hibernate-core-6.2.2.Final.jar:6.2.2.Final]
	at org.hibernate.sql.results.jdbc.internal.JdbcValuesResultSetImpl.processNext(JdbcValuesResultSetImpl.java:84) ~[hibernate-core-6.2.2.Final.jar:6.2.2.Final]
	at org.hibernate.sql.results.jdbc.internal.AbstractJdbcValues.next(AbstractJdbcValues.java:29) ~[hibernate-core-6.2.2.Final.jar:6.2.2.Final]
	at org.hibernate.sql.results.internal.RowProcessingStateStandardImpl.next(RowProcessingStateStandardImpl.java:65) ~[hibernate-core-6.2.2.Final.jar:6.2.2.Final]
	at org.hibernate.sql.results.spi.ListResultsConsumer.consume(ListResultsConsumer.java:198) ~[hibernate-core-6.2.2.Final.jar:6.2.2.Final]
	at org.hibernate.sql.results.spi.ListResultsConsumer.consume(ListResultsConsumer.java:33) ~[hibernate-core-6.2.2.Final.jar:6.2.2.Final]
	at org.hibernate.sql.exec.internal.JdbcSelectExecutorStandardImpl.doExecuteQuery(JdbcSelectExecutorStandardImpl.java:362) ~[hibernate-core-6.2.2.Final.jar:6.2.2.Final]
	at org.hibernate.sql.exec.internal.JdbcSelectExecutorStandardImpl.executeQuery(JdbcSelectExecutorStandardImpl.java:168) ~[hibernate-core-6.2.2.Final.jar:6.2.2.Final]
	at org.hibernate.sql.exec.internal.JdbcSelectExecutorStandardImpl.list(JdbcSelectExecutorStandardImpl.java:93) ~[hibernate-core-6.2.2.Final.jar:6.2.2.Final]
	at org.hibernate.sql.exec.spi.JdbcSelectExecutor.list(JdbcSelectExecutor.java:31) ~[hibernate-core-6.2.2.Final.jar:6.2.2.Final]
	at org.hibernate.query.sqm.internal.ConcreteSqmSelectQueryPlan.lambda$new$0(ConcreteSqmSelectQueryPlan.java:109) ~[hibernate-core-6.2.2.Final.jar:6.2.2.Final]
	at org.hibernate.query.sqm.internal.ConcreteSqmSelectQueryPlan.withCacheableSqmInterpretation(ConcreteSqmSelectQueryPlan.java:302) ~[hibernate-core-6.2.2.Final.jar:6.2.2.Final]
	at org.hibernate.query.sqm.internal.ConcreteSqmSelectQueryPlan.performList(ConcreteSqmSelectQueryPlan.java:243) ~[hibernate-core-6.2.2.Final.jar:6.2.2.Final]
	at org.hibernate.query.sqm.internal.QuerySqmImpl.doList(QuerySqmImpl.java:518) ~[hibernate-core-6.2.2.Final.jar:6.2.2.Final]
	at org.hibernate.query.spi.AbstractSelectionQuery.list(AbstractSelectionQuery.java:367) ~[hibernate-core-6.2.2.Final.jar:6.2.2.Final]
	at org.hibernate.query.Query.getResultList(Query.java:119) ~[hibernate-core-6.2.2.Final.jar:6.2.2.Final]
	at org.springframework.data.jpa.repository.support.SimpleJpaRepository.findAll(SimpleJpaRepository.java:408) ~[spring-data-jpa-3.1.0-SNAPSHOT.jar:3.1.0-SNAPSHOT]
	at java.base/jdk.internal.reflect.NativeMethodAccessorImpl.invoke0(Native Method) ~[na:na]
	at java.base/jdk.internal.reflect.NativeMethodAccessorImpl.invoke(NativeMethodAccessorImpl.java:77) ~[na:na]
	at java.base/jdk.internal.reflect.DelegatingMethodAccessorImpl.invoke(DelegatingMethodAccessorImpl.java:43) ~[na:na]
	at java.base/java.lang.reflect.Method.invoke(Method.java:568) ~[na:na]
	at org.springframework.data.repository.core.support.RepositoryMethodInvoker$RepositoryFragmentMethodInvoker.lambda$new$0(RepositoryMethodInvoker.java:288) ~[spring-data-commons-3.1.0-SNAPSHOT.jar:3.1.0-SNAPSHOT]
	at org.springframework.data.repository.core.support.RepositoryMethodInvoker.doInvoke(RepositoryMethodInvoker.java:136) ~[spring-data-commons-3.1.0-SNAPSHOT.jar:3.1.0-SNAPSHOT]
	at org.springframework.data.repository.core.support.RepositoryMethodInvoker.invoke(RepositoryMethodInvoker.java:120) ~[spring-data-commons-3.1.0-SNAPSHOT.jar:3.1.0-SNAPSHOT]
	at org.springframework.data.repository.core.support.RepositoryComposition$RepositoryFragments.invoke(RepositoryComposition.java:516) ~[spring-data-commons-3.1.0-SNAPSHOT.jar:3.1.0-SNAPSHOT]
	at org.springframework.data.repository.core.support.RepositoryComposition.invoke(RepositoryComposition.java:285) ~[spring-data-commons-3.1.0-SNAPSHOT.jar:3.1.0-SNAPSHOT]
	at org.springframework.data.repository.core.support.RepositoryFactorySupport$ImplementationMethodExecutionInterceptor.invoke(RepositoryFactorySupport.java:628) ~[spring-data-commons-3.1.0-SNAPSHOT.jar:3.1.0-SNAPSHOT]
	at org.springframework.aop.framework.ReflectiveMethodInvocation.proceed(ReflectiveMethodInvocation.java:184) ~[spring-aop-6.0.9-SNAPSHOT.jar:6.0.9-SNAPSHOT]
	at org.springframework.data.repository.core.support.QueryExecutorMethodInterceptor.doInvoke(QueryExecutorMethodInterceptor.java:168) ~[spring-data-commons-3.1.0-SNAPSHOT.jar:3.1.0-SNAPSHOT]
	at org.springframework.data.repository.core.support.QueryExecutorMethodInterceptor.invoke(QueryExecutorMethodInterceptor.java:143) ~[spring-data-commons-3.1.0-SNAPSHOT.jar:3.1.0-SNAPSHOT]
	at org.springframework.aop.framework.ReflectiveMethodInvocation.proceed(ReflectiveMethodInvocation.java:184) ~[spring-aop-6.0.9-SNAPSHOT.jar:6.0.9-SNAPSHOT]
	at org.springframework.data.projection.DefaultMethodInvokingMethodInterceptor.invoke(DefaultMethodInvokingMethodInterceptor.java:77) ~[spring-data-commons-3.1.0-SNAPSHOT.jar:3.1.0-SNAPSHOT]
	at org.springframework.aop.framework.ReflectiveMethodInvocation.proceed(ReflectiveMethodInvocation.java:184) ~[spring-aop-6.0.9-SNAPSHOT.jar:6.0.9-SNAPSHOT]
	at org.springframework.transaction.interceptor.TransactionInterceptor$1.proceedWithInvocation(TransactionInterceptor.java:123) ~[spring-tx-6.0.9-SNAPSHOT.jar:6.0.9-SNAPSHOT]
	at org.springframework.transaction.interceptor.TransactionAspectSupport.invokeWithinTransaction(TransactionAspectSupport.java:391) ~[spring-tx-6.0.9-SNAPSHOT.jar:6.0.9-SNAPSHOT]
	at org.springframework.transaction.interceptor.TransactionInterceptor.invoke(TransactionInterceptor.java:119) ~[spring-tx-6.0.9-SNAPSHOT.jar:6.0.9-SNAPSHOT]
	at org.springframework.aop.framework.ReflectiveMethodInvocation.proceed(ReflectiveMethodInvocation.java:184) ~[spring-aop-6.0.9-SNAPSHOT.jar:6.0.9-SNAPSHOT]
	at org.springframework.dao.support.PersistenceExceptionTranslationInterceptor.invoke(PersistenceExceptionTranslationInterceptor.java:137) ~[spring-tx-6.0.9-SNAPSHOT.jar:6.0.9-SNAPSHOT]
	at org.springframework.aop.framework.ReflectiveMethodInvocation.proceed(ReflectiveMethodInvocation.java:184) ~[spring-aop-6.0.9-SNAPSHOT.jar:6.0.9-SNAPSHOT]
	at org.springframework.data.jpa.repository.support.CrudMethodMetadataPostProcessor$CrudMethodMetadataPopulatingMethodInterceptor.invoke(CrudMethodMetadataPostProcessor.java:163) ~[spring-data-jpa-3.1.0-SNAPSHOT.jar:3.1.0-SNAPSHOT]
	at org.springframework.aop.framework.ReflectiveMethodInvocation.proceed(ReflectiveMethodInvocation.java:184) ~[spring-aop-6.0.9-SNAPSHOT.jar:6.0.9-SNAPSHOT]
	at org.springframework.aop.interceptor.ExposeInvocationInterceptor.invoke(ExposeInvocationInterceptor.java:97) ~[spring-aop-6.0.9-SNAPSHOT.jar:6.0.9-SNAPSHOT]
	at org.springframework.aop.framework.ReflectiveMethodInvocation.proceed(ReflectiveMethodInvocation.java:184) ~[spring-aop-6.0.9-SNAPSHOT.jar:6.0.9-SNAPSHOT]
	at org.springframework.data.repository.core.support.MethodInvocationValidator.invoke(MethodInvocationValidator.java:94) ~[spring-data-commons-3.1.0-SNAPSHOT.jar:3.1.0-SNAPSHOT]
	at org.springframework.aop.framework.ReflectiveMethodInvocation.proceed(ReflectiveMethodInvocation.java:184) ~[spring-aop-6.0.9-SNAPSHOT.jar:6.0.9-SNAPSHOT]
	at org.springframework.aop.framework.JdkDynamicAopProxy.invoke(JdkDynamicAopProxy.java:223) ~[spring-aop-6.0.9-SNAPSHOT.jar:6.0.9-SNAPSHOT]
	at jdk.proxy2/jdk.proxy2.$Proxy130.findAll(Unknown Source) ~[na:na]
	at com.lyl.byyouside.controller.api.UserController.getAllUser(UserController.kt:130) ~[main/:na]
	at java.base/jdk.internal.reflect.NativeMethodAccessorImpl.invoke0(Native Method) ~[na:na]
	at java.base/jdk.internal.reflect.NativeMethodAccessorImpl.invoke(NativeMethodAccessorImpl.java:77) ~[na:na]
	at java.base/jdk.internal.reflect.DelegatingMethodAccessorImpl.invoke(DelegatingMethodAccessorImpl.java:43) ~[na:na]
	at java.base/java.lang.reflect.Method.invoke(Method.java:568) ~[na:na]
	at org.springframework.web.method.support.InvocableHandlerMethod.doInvoke(InvocableHandlerMethod.java:207) ~[spring-web-6.0.9-SNAPSHOT.jar:6.0.9-SNAPSHOT]
	at org.springframework.web.method.support.InvocableHandlerMethod.invokeForRequest(InvocableHandlerMethod.java:152) ~[spring-web-6.0.9-SNAPSHOT.jar:6.0.9-SNAPSHOT]
	at org.springframework.web.servlet.mvc.method.annotation.ServletInvocableHandlerMethod.invokeAndHandle(ServletInvocableHandlerMethod.java:118) ~[spring-webmvc-6.0.9-SNAPSHOT.jar:6.0.9-SNAPSHOT]
	at org.springframework.web.servlet.mvc.method.annotation.RequestMappingHandlerAdapter.invokeHandlerMethod(RequestMappingHandlerAdapter.java:884) ~[spring-webmvc-6.0.9-SNAPSHOT.jar:6.0.9-SNAPSHOT]
	at org.springframework.web.servlet.mvc.method.annotation.RequestMappingHandlerAdapter.handleInternal(RequestMappingHandlerAdapter.java:797) ~[spring-webmvc-6.0.9-SNAPSHOT.jar:6.0.9-SNAPSHOT]
	at org.springframework.web.servlet.mvc.method.AbstractHandlerMethodAdapter.handle(AbstractHandlerMethodAdapter.java:87) ~[spring-webmvc-6.0.9-SNAPSHOT.jar:6.0.9-SNAPSHOT]
	at org.springframework.web.servlet.DispatcherServlet.doDispatch(DispatcherServlet.java:1081) ~[spring-webmvc-6.0.9-SNAPSHOT.jar:6.0.9-SNAPSHOT]
	at org.springframework.web.servlet.DispatcherServlet.doService(DispatcherServlet.java:974) ~[spring-webmvc-6.0.9-SNAPSHOT.jar:6.0.9-SNAPSHOT]
	at org.springframework.web.servlet.FrameworkServlet.processRequest(FrameworkServlet.java:1011) ~[spring-webmvc-6.0.9-SNAPSHOT.jar:6.0.9-SNAPSHOT]
	at org.springframework.web.servlet.FrameworkServlet.doPost(FrameworkServlet.java:914) ~[spring-webmvc-6.0.9-SNAPSHOT.jar:6.0.9-SNAPSHOT]
	at jakarta.servlet.http.HttpServlet.service(HttpServlet.java:590) ~[tomcat-embed-core-10.1.8.jar:6.0]
	at org.springframework.web.servlet.FrameworkServlet.service(FrameworkServlet.java:885) ~[spring-webmvc-6.0.9-SNAPSHOT.jar:6.0.9-SNAPSHOT]
	at jakarta.servlet.http.HttpServlet.service(HttpServlet.java:658) ~[tomcat-embed-core-10.1.8.jar:6.0]
	at org.apache.catalina.core.ApplicationFilterChain.internalDoFilter(ApplicationFilterChain.java:205) ~[tomcat-embed-core-10.1.8.jar:10.1.8]
	at org.apache.catalina.core.ApplicationFilterChain.doFilter(ApplicationFilterChain.java:149) ~[tomcat-embed-core-10.1.8.jar:10.1.8]
	at org.apache.tomcat.websocket.server.WsFilter.doFilter(WsFilter.java:51) ~[tomcat-embed-websocket-10.1.8.jar:10.1.8]
	at org.apache.catalina.core.ApplicationFilterChain.internalDoFilter(ApplicationFilterChain.java:174) ~[tomcat-embed-core-10.1.8.jar:10.1.8]
	at org.apache.catalina.core.ApplicationFilterChain.doFilter(ApplicationFilterChain.java:149) ~[tomcat-embed-core-10.1.8.jar:10.1.8]
	at org.springframework.web.filter.RequestContextFilter.doFilterInternal(RequestContextFilter.java:100) ~[spring-web-6.0.9-SNAPSHOT.jar:6.0.9-SNAPSHOT]
	at org.springframework.web.filter.OncePerRequestFilter.doFilter(OncePerRequestFilter.java:116) ~[spring-web-6.0.9-SNAPSHOT.jar:6.0.9-SNAPSHOT]
	at org.apache.catalina.core.ApplicationFilterChain.internalDoFilter(ApplicationFilterChain.java:174) ~[tomcat-embed-core-10.1.8.jar:10.1.8]
	at org.apache.catalina.core.ApplicationFilterChain.doFilter(ApplicationFilterChain.java:149) ~[tomcat-embed-core-10.1.8.jar:10.1.8]
	at org.springframework.web.filter.FormContentFilter.doFilterInternal(FormContentFilter.java:93) ~[spring-web-6.0.9-SNAPSHOT.jar:6.0.9-SNAPSHOT]
	at org.springframework.web.filter.OncePerRequestFilter.doFilter(OncePerRequestFilter.java:116) ~[spring-web-6.0.9-SNAPSHOT.jar:6.0.9-SNAPSHOT]
	at org.apache.catalina.core.ApplicationFilterChain.internalDoFilter(ApplicationFilterChain.java:174) ~[tomcat-embed-core-10.1.8.jar:10.1.8]
	at org.apache.catalina.core.ApplicationFilterChain.doFilter(ApplicationFilterChain.java:149) ~[tomcat-embed-core-10.1.8.jar:10.1.8]
	at org.springframework.web.filter.CharacterEncodingFilter.doFilterInternal(CharacterEncodingFilter.java:201) ~[spring-web-6.0.9-SNAPSHOT.jar:6.0.9-SNAPSHOT]
	at org.springframework.web.filter.OncePerRequestFilter.doFilter(OncePerRequestFilter.java:116) ~[spring-web-6.0.9-SNAPSHOT.jar:6.0.9-SNAPSHOT]
	at org.apache.catalina.core.ApplicationFilterChain.internalDoFilter(ApplicationFilterChain.java:174) ~[tomcat-embed-core-10.1.8.jar:10.1.8]
	at org.apache.catalina.core.ApplicationFilterChain.doFilter(ApplicationFilterChain.java:149) ~[tomcat-embed-core-10.1.8.jar:10.1.8]
	at org.apache.catalina.core.StandardWrapperValve.invoke(StandardWrapperValve.java:166) ~[tomcat-embed-core-10.1.8.jar:10.1.8]
	at org.apache.catalina.core.StandardContextValve.invoke(StandardContextValve.java:90) ~[tomcat-embed-core-10.1.8.jar:10.1.8]
	at org.apache.catalina.authenticator.AuthenticatorBase.invoke(AuthenticatorBase.java:482) ~[tomcat-embed-core-10.1.8.jar:10.1.8]
	at org.apache.catalina.core.StandardHostValve.invoke(StandardHostValve.java:115) ~[tomcat-embed-core-10.1.8.jar:10.1.8]
	at org.apache.catalina.valves.ErrorReportValve.invoke(ErrorReportValve.java:93) ~[tomcat-embed-core-10.1.8.jar:10.1.8]
	at org.apache.catalina.core.StandardEngineValve.invoke(StandardEngineValve.java:74) ~[tomcat-embed-core-10.1.8.jar:10.1.8]
	at org.apache.catalina.connector.CoyoteAdapter.service(CoyoteAdapter.java:341) ~[tomcat-embed-core-10.1.8.jar:10.1.8]
	at org.apache.coyote.http11.Http11Processor.service(Http11Processor.java:390) ~[tomcat-embed-core-10.1.8.jar:10.1.8]
	at org.apache.coyote.AbstractProcessorLight.process(AbstractProcessorLight.java:63) ~[tomcat-embed-core-10.1.8.jar:10.1.8]
	at org.apache.coyote.AbstractProtocol$ConnectionHandler.process(AbstractProtocol.java:894) ~[tomcat-embed-core-10.1.8.jar:10.1.8]
	at org.apache.tomcat.util.net.NioEndpoint$SocketProcessor.doRun(NioEndpoint.java:1741) ~[tomcat-embed-core-10.1.8.jar:10.1.8]
	at org.apache.tomcat.util.net.SocketProcessorBase.run(SocketProcessorBase.java:52) ~[tomcat-embed-core-10.1.8.jar:10.1.8]
	at org.apache.tomcat.util.threads.ThreadPoolExecutor.runWorker(ThreadPoolExecutor.java:1191) ~[tomcat-embed-core-10.1.8.jar:10.1.8]
	at org.apache.tomcat.util.threads.ThreadPoolExecutor$Worker.run(ThreadPoolExecutor.java:659) ~[tomcat-embed-core-10.1.8.jar:10.1.8]
	at org.apache.tomcat.util.threads.TaskThread$WrappingRunnable.run(TaskThread.java:61) ~[tomcat-embed-core-10.1.8.jar:10.1.8]
	at java.base/java.lang.Thread.run(Thread.java:833) ~[na:na]

2023-05-06T20:10:03.381+08:00  INFO 32944 --- [SpringApplicationShutdownHook] j.LocalContainerEntityManagerFactoryBean : Closing JPA EntityManagerFactory for persistence unit 'default'
2023-05-06T20:10:03.384+08:00  INFO 32944 --- [SpringApplicationShutdownHook] com.zaxxer.hikari.HikariDataSource       : HikariPool-1 - Shutdown initiated...
2023-05-06T20:10:03.385+08:00  INFO 32944 --- [SpringApplicationShutdownHook] com.zaxxer.hikari.HikariDataSource       : HikariPool-1 - Shutdown completed.
2023-05-06T20:10:05.236+08:00  INFO 33813 --- [main] c.lyl.byyouside.ByYouSideApplicationKt   : Starting ByYouSideApplicationKt using Java 17.0.7 with PID 33813 (/Users/lyl/developer/project/me/ByYourSide/web/ByYouSide/build/classes/kotlin/main started by lyl in /Users/lyl/developer/project/me/ByYourSide/web/ByYouSide)
2023-05-06T20:10:05.238+08:00  INFO 33813 --- [main] c.lyl.byyouside.ByYouSideApplicationKt   : The following 1 profile is active: "dev"
2023-05-06T20:10:05.646+08:00  INFO 33813 --- [main] .s.d.r.c.RepositoryConfigurationDelegate : Bootstrapping Spring Data JPA repositories in DEFAULT mode.
2023-05-06T20:10:05.672+08:00  INFO 33813 --- [main] .s.d.r.c.RepositoryConfigurationDelegate : Finished Spring Data repository scanning in 23 ms. Found 5 JPA repository interfaces.
2023-05-06T20:10:05.888+08:00  INFO 33813 --- [main] o.s.b.w.embedded.tomcat.TomcatWebServer  : Tomcat initialized with port(s): 8080 (http)
2023-05-06T20:10:05.892+08:00  INFO 33813 --- [main] o.apache.catalina.core.StandardService   : Starting service [Tomcat]
2023-05-06T20:10:05.893+08:00  INFO 33813 --- [main] o.apache.catalina.core.StandardEngine    : Starting Servlet engine: [Apache Tomcat/10.1.8]
2023-05-06T20:10:05.928+08:00  INFO 33813 --- [main] o.a.c.c.C.[Tomcat].[localhost].[/]       : Initializing Spring embedded WebApplicationContext
2023-05-06T20:10:05.928+08:00  INFO 33813 --- [main] w.s.c.ServletWebServerApplicationContext : Root WebApplicationContext: initialization completed in 667 ms
2023-05-06T20:10:05.941+08:00  INFO 33813 --- [main] com.zaxxer.hikari.HikariDataSource       : HikariPool-1 - Starting...
2023-05-06T20:10:06.037+08:00  INFO 33813 --- [main] com.zaxxer.hikari.pool.HikariPool        : HikariPool-1 - Added connection conn0: url=jdbc:h2:file:./ByYourSide/config/db/.h2/side_db user=ROOT
2023-05-06T20:10:06.037+08:00  INFO 33813 --- [main] com.zaxxer.hikari.HikariDataSource       : HikariPool-1 - Start completed.
2023-05-06T20:10:06.042+08:00  INFO 33813 --- [main] o.s.b.a.h2.H2ConsoleAutoConfiguration    : H2 console available at '/h2-console'. Database available at 'jdbc:h2:file:./ByYourSide/config/db/.h2/side_db'
2023-05-06T20:10:06.235+08:00  INFO 33813 --- [main] o.s.o.j.p.SpringPersistenceUnitInfo      : No LoadTimeWeaver setup: ignoring JPA class transformer
2023-05-06T20:10:06.610+08:00  INFO 33813 --- [main] j.LocalContainerEntityManagerFactoryBean : Initialized JPA EntityManagerFactory for persistence unit 'default'
2023-05-06T20:10:06.934+08:00  WARN 33813 --- [main] JpaBaseConfiguration$JpaWebConfiguration : spring.jpa.open-in-view is enabled by default. Therefore, database queries may be performed during view rendering. Explicitly configure spring.jpa.open-in-view to disable this warning
2023-05-06T20:10:07.061+08:00  INFO 33813 --- [main] o.s.b.w.embedded.tomcat.TomcatWebServer  : Tomcat started on port(s): 8080 (http) with context path ''
2023-05-06T20:10:07.066+08:00  INFO 33813 --- [main] c.lyl.byyouside.ByYouSideApplicationKt   : Started ByYouSideApplicationKt in 1.99 seconds (process running for 2.463)
2023-05-06T20:10:14.379+08:00  INFO 33813 --- [http-nio-8080-exec-1] o.a.c.c.C.[Tomcat].[localhost].[/]       : Initializing Spring DispatcherServlet 'dispatcherServlet'
2023-05-06T20:10:14.380+08:00  INFO 33813 --- [http-nio-8080-exec-1] o.s.web.servlet.DispatcherServlet        : Initializing Servlet 'dispatcherServlet'
2023-05-06T20:10:14.381+08:00  INFO 33813 --- [http-nio-8080-exec-1] o.s.web.servlet.DispatcherServlet        : Completed initialization in 0 ms
2023-05-06T20:10:14.445+08:00 ERROR 33813 --- [http-nio-8080-exec-1] o.h.engine.jdbc.spi.SqlExceptionHelper   : Syntax error in SQL statement "select u1_0.id,u1_0.birthday,u1_0.city,u1_0.close_date,u1_0.create_time,u1_0.email,u1_0.gender,u1_0.icon,u1_0.introduction,u1_0.nick_name,u1_0.password,u1_0.phone,u1_0.province,u1_0.serial_versionuid,u1_0.update_time,u1_0.user_name,u1_0.vip_grade,u1_0.vip_limit_date from [*]user u1_0"; expected "identifier"; SQL statement:
select u1_0.id,u1_0.birthday,u1_0.city,u1_0.close_date,u1_0.create_time,u1_0.email,u1_0.gender,u1_0.icon,u1_0.introduction,u1_0.nick_name,u1_0.password,u1_0.phone,u1_0.province,u1_0.serial_versionuid,u1_0.update_time,u1_0.user_name,u1_0.vip_grade,u1_0.vip_limit_date from user u1_0 [42001-214]
2023-05-06T20:10:14.450+08:00 ERROR 33813 --- [http-nio-8080-exec-1] o.a.c.c.C.[.[.[/].[dispatcherServlet]    : Servlet.service() for servlet [dispatcherServlet] in context with path [] threw exception [Request processing failed: org.springframework.dao.InvalidDataAccessResourceUsageException: could not prepare statement [Syntax error in SQL statement "select u1_0.id,u1_0.birthday,u1_0.city,u1_0.close_date,u1_0.create_time,u1_0.email,u1_0.gender,u1_0.icon,u1_0.introduction,u1_0.nick_name,u1_0.password,u1_0.phone,u1_0.province,u1_0.serial_versionuid,u1_0.update_time,u1_0.user_name,u1_0.vip_grade,u1_0.vip_limit_date from [*]user u1_0"; expected "identifier"; SQL statement:
select u1_0.id,u1_0.birthday,u1_0.city,u1_0.close_date,u1_0.create_time,u1_0.email,u1_0.gender,u1_0.icon,u1_0.introduction,u1_0.nick_name,u1_0.password,u1_0.phone,u1_0.province,u1_0.serial_versionuid,u1_0.update_time,u1_0.user_name,u1_0.vip_grade,u1_0.vip_limit_date from user u1_0 [42001-214]] [select u1_0.id,u1_0.birthday,u1_0.city,u1_0.close_date,u1_0.create_time,u1_0.email,u1_0.gender,u1_0.icon,u1_0.introduction,u1_0.nick_name,u1_0.password,u1_0.phone,u1_0.province,u1_0.serial_versionuid,u1_0.update_time,u1_0.user_name,u1_0.vip_grade,u1_0.vip_limit_date from user u1_0]; SQL [select u1_0.id,u1_0.birthday,u1_0.city,u1_0.close_date,u1_0.create_time,u1_0.email,u1_0.gender,u1_0.icon,u1_0.introduction,u1_0.nick_name,u1_0.password,u1_0.phone,u1_0.province,u1_0.serial_versionuid,u1_0.update_time,u1_0.user_name,u1_0.vip_grade,u1_0.vip_limit_date from user u1_0]] with root cause

org.h2.jdbc.JdbcSQLSyntaxErrorException: Syntax error in SQL statement "select u1_0.id,u1_0.birthday,u1_0.city,u1_0.close_date,u1_0.create_time,u1_0.email,u1_0.gender,u1_0.icon,u1_0.introduction,u1_0.nick_name,u1_0.password,u1_0.phone,u1_0.province,u1_0.serial_versionuid,u1_0.update_time,u1_0.user_name,u1_0.vip_grade,u1_0.vip_limit_date from [*]user u1_0"; expected "identifier"; SQL statement:
select u1_0.id,u1_0.birthday,u1_0.city,u1_0.close_date,u1_0.create_time,u1_0.email,u1_0.gender,u1_0.icon,u1_0.introduction,u1_0.nick_name,u1_0.password,u1_0.phone,u1_0.province,u1_0.serial_versionuid,u1_0.update_time,u1_0.user_name,u1_0.vip_grade,u1_0.vip_limit_date from user u1_0 [42001-214]
	at org.h2.message.DbException.getJdbcSQLException(DbException.java:502) ~[h2-2.1.214.jar:2.1.214]
	at org.h2.message.DbException.getJdbcSQLException(DbException.java:477) ~[h2-2.1.214.jar:2.1.214]
	at org.h2.message.DbException.getSyntaxError(DbException.java:261) ~[h2-2.1.214.jar:2.1.214]
	at org.h2.command.Parser.readIdentifier(Parser.java:5656) ~[h2-2.1.214.jar:2.1.214]
	at org.h2.command.Parser.readTablePrimary(Parser.java:1814) ~[h2-2.1.214.jar:2.1.214]
	at org.h2.command.Parser.readTableReference(Parser.java:2334) ~[h2-2.1.214.jar:2.1.214]
	at org.h2.command.Parser.parseSelectFromPart(Parser.java:2772) ~[h2-2.1.214.jar:2.1.214]
	at org.h2.command.Parser.parseSelect(Parser.java:2878) ~[h2-2.1.214.jar:2.1.214]
	at org.h2.command.Parser.parseQueryPrimary(Parser.java:2762) ~[h2-2.1.214.jar:2.1.214]
	at org.h2.command.Parser.parseQueryTerm(Parser.java:2633) ~[h2-2.1.214.jar:2.1.214]
	at org.h2.command.Parser.parseQueryExpressionBody(Parser.java:2612) ~[h2-2.1.214.jar:2.1.214]
	at org.h2.command.Parser.parseQueryExpressionBodyAndEndOfQuery(Parser.java:2605) ~[h2-2.1.214.jar:2.1.214]
	at org.h2.command.Parser.parseQueryExpression(Parser.java:2598) ~[h2-2.1.214.jar:2.1.214]
	at org.h2.command.Parser.parseQuery(Parser.java:2567) ~[h2-2.1.214.jar:2.1.214]
	at org.h2.command.Parser.parsePrepared(Parser.java:724) ~[h2-2.1.214.jar:2.1.214]
	at org.h2.command.Parser.parse(Parser.java:689) ~[h2-2.1.214.jar:2.1.214]
	at org.h2.command.Parser.parse(Parser.java:661) ~[h2-2.1.214.jar:2.1.214]
	at org.h2.command.Parser.prepareCommand(Parser.java:569) ~[h2-2.1.214.jar:2.1.214]
	at org.h2.engine.SessionLocal.prepareLocal(SessionLocal.java:631) ~[h2-2.1.214.jar:2.1.214]
	at org.h2.engine.SessionLocal.prepareCommand(SessionLocal.java:554) ~[h2-2.1.214.jar:2.1.214]
	at org.h2.jdbc.JdbcConnection.prepareCommand(JdbcConnection.java:1116) ~[h2-2.1.214.jar:2.1.214]
	at org.h2.jdbc.JdbcPreparedStatement.<init>(JdbcPreparedStatement.java:92) ~[h2-2.1.214.jar:2.1.214]
	at org.h2.jdbc.JdbcConnection.prepareStatement(JdbcConnection.java:288) ~[h2-2.1.214.jar:2.1.214]
	at com.zaxxer.hikari.pool.ProxyConnection.prepareStatement(ProxyConnection.java:327) ~[HikariCP-5.0.1.jar:na]
	at com.zaxxer.hikari.pool.HikariProxyConnection.prepareStatement(HikariProxyConnection.java) ~[HikariCP-5.0.1.jar:na]
	at org.hibernate.engine.jdbc.internal.StatementPreparerImpl$1.doPrepare(StatementPreparerImpl.java:91) ~[hibernate-core-6.2.2.Final.jar:6.2.2.Final]
	at org.hibernate.engine.jdbc.internal.StatementPreparerImpl$StatementPreparationTemplate.prepareStatement(StatementPreparerImpl.java:177) ~[hibernate-core-6.2.2.Final.jar:6.2.2.Final]
	at org.hibernate.engine.jdbc.internal.StatementPreparerImpl.prepareStatement(StatementPreparerImpl.java:76) ~[hibernate-core-6.2.2.Final.jar:6.2.2.Final]
	at org.hibernate.sql.exec.internal.JdbcSelectExecutorStandardImpl.lambda$list$0(JdbcSelectExecutorStandardImpl.java:102) ~[hibernate-core-6.2.2.Final.jar:6.2.2.Final]
	at org.hibernate.sql.results.jdbc.internal.DeferredResultSetAccess.executeQuery(DeferredResultSetAccess.java:226) ~[hibernate-core-6.2.2.Final.jar:6.2.2.Final]
	at org.hibernate.sql.results.jdbc.internal.DeferredResultSetAccess.getResultSet(DeferredResultSetAccess.java:163) ~[hibernate-core-6.2.2.Final.jar:6.2.2.Final]
	at org.hibernate.sql.results.jdbc.internal.JdbcValuesResultSetImpl.advanceNext(JdbcValuesResultSetImpl.java:204) ~[hibernate-core-6.2.2.Final.jar:6.2.2.Final]
	at org.hibernate.sql.results.jdbc.internal.JdbcValuesResultSetImpl.processNext(JdbcValuesResultSetImpl.java:84) ~[hibernate-core-6.2.2.Final.jar:6.2.2.Final]
	at org.hibernate.sql.results.jdbc.internal.AbstractJdbcValues.next(AbstractJdbcValues.java:29) ~[hibernate-core-6.2.2.Final.jar:6.2.2.Final]
	at org.hibernate.sql.results.internal.RowProcessingStateStandardImpl.next(RowProcessingStateStandardImpl.java:65) ~[hibernate-core-6.2.2.Final.jar:6.2.2.Final]
	at org.hibernate.sql.results.spi.ListResultsConsumer.consume(ListResultsConsumer.java:198) ~[hibernate-core-6.2.2.Final.jar:6.2.2.Final]
	at org.hibernate.sql.results.spi.ListResultsConsumer.consume(ListResultsConsumer.java:33) ~[hibernate-core-6.2.2.Final.jar:6.2.2.Final]
	at org.hibernate.sql.exec.internal.JdbcSelectExecutorStandardImpl.doExecuteQuery(JdbcSelectExecutorStandardImpl.java:362) ~[hibernate-core-6.2.2.Final.jar:6.2.2.Final]
	at org.hibernate.sql.exec.internal.JdbcSelectExecutorStandardImpl.executeQuery(JdbcSelectExecutorStandardImpl.java:168) ~[hibernate-core-6.2.2.Final.jar:6.2.2.Final]
	at org.hibernate.sql.exec.internal.JdbcSelectExecutorStandardImpl.list(JdbcSelectExecutorStandardImpl.java:93) ~[hibernate-core-6.2.2.Final.jar:6.2.2.Final]
	at org.hibernate.sql.exec.spi.JdbcSelectExecutor.list(JdbcSelectExecutor.java:31) ~[hibernate-core-6.2.2.Final.jar:6.2.2.Final]
	at org.hibernate.query.sqm.internal.ConcreteSqmSelectQueryPlan.lambda$new$0(ConcreteSqmSelectQueryPlan.java:109) ~[hibernate-core-6.2.2.Final.jar:6.2.2.Final]
	at org.hibernate.query.sqm.internal.ConcreteSqmSelectQueryPlan.withCacheableSqmInterpretation(ConcreteSqmSelectQueryPlan.java:302) ~[hibernate-core-6.2.2.Final.jar:6.2.2.Final]
	at org.hibernate.query.sqm.internal.ConcreteSqmSelectQueryPlan.performList(ConcreteSqmSelectQueryPlan.java:243) ~[hibernate-core-6.2.2.Final.jar:6.2.2.Final]
	at org.hibernate.query.sqm.internal.QuerySqmImpl.doList(QuerySqmImpl.java:518) ~[hibernate-core-6.2.2.Final.jar:6.2.2.Final]
	at org.hibernate.query.spi.AbstractSelectionQuery.list(AbstractSelectionQuery.java:367) ~[hibernate-core-6.2.2.Final.jar:6.2.2.Final]
	at org.hibernate.query.Query.getResultList(Query.java:119) ~[hibernate-core-6.2.2.Final.jar:6.2.2.Final]
	at org.springframework.data.jpa.repository.support.SimpleJpaRepository.findAll(SimpleJpaRepository.java:408) ~[spring-data-jpa-3.1.0-SNAPSHOT.jar:3.1.0-SNAPSHOT]
	at org.springframework.data.jpa.repository.support.SimpleJpaRepository.findAll(SimpleJpaRepository.java:94) ~[spring-data-jpa-3.1.0-SNAPSHOT.jar:3.1.0-SNAPSHOT]
	at java.base/jdk.internal.reflect.NativeMethodAccessorImpl.invoke0(Native Method) ~[na:na]
	at java.base/jdk.internal.reflect.NativeMethodAccessorImpl.invoke(NativeMethodAccessorImpl.java:77) ~[na:na]
	at java.base/jdk.internal.reflect.DelegatingMethodAccessorImpl.invoke(DelegatingMethodAccessorImpl.java:43) ~[na:na]
	at java.base/java.lang.reflect.Method.invoke(Method.java:568) ~[na:na]
	at org.springframework.data.repository.core.support.RepositoryMethodInvoker$RepositoryFragmentMethodInvoker.lambda$new$0(RepositoryMethodInvoker.java:288) ~[spring-data-commons-3.1.0-SNAPSHOT.jar:3.1.0-SNAPSHOT]
	at org.springframework.data.repository.core.support.RepositoryMethodInvoker.doInvoke(RepositoryMethodInvoker.java:136) ~[spring-data-commons-3.1.0-SNAPSHOT.jar:3.1.0-SNAPSHOT]
	at org.springframework.data.repository.core.support.RepositoryMethodInvoker.invoke(RepositoryMethodInvoker.java:120) ~[spring-data-commons-3.1.0-SNAPSHOT.jar:3.1.0-SNAPSHOT]
	at org.springframework.data.repository.core.support.RepositoryComposition$RepositoryFragments.invoke(RepositoryComposition.java:516) ~[spring-data-commons-3.1.0-SNAPSHOT.jar:3.1.0-SNAPSHOT]
	at org.springframework.data.repository.core.support.RepositoryComposition.invoke(RepositoryComposition.java:285) ~[spring-data-commons-3.1.0-SNAPSHOT.jar:3.1.0-SNAPSHOT]
	at org.springframework.data.repository.core.support.RepositoryFactorySupport$ImplementationMethodExecutionInterceptor.invoke(RepositoryFactorySupport.java:628) ~[spring-data-commons-3.1.0-SNAPSHOT.jar:3.1.0-SNAPSHOT]
	at org.springframework.aop.framework.ReflectiveMethodInvocation.proceed(ReflectiveMethodInvocation.java:184) ~[spring-aop-6.0.9-SNAPSHOT.jar:6.0.9-SNAPSHOT]
	at org.springframework.data.repository.core.support.QueryExecutorMethodInterceptor.doInvoke(QueryExecutorMethodInterceptor.java:168) ~[spring-data-commons-3.1.0-SNAPSHOT.jar:3.1.0-SNAPSHOT]
	at org.springframework.data.repository.core.support.QueryExecutorMethodInterceptor.invoke(QueryExecutorMethodInterceptor.java:143) ~[spring-data-commons-3.1.0-SNAPSHOT.jar:3.1.0-SNAPSHOT]
	at org.springframework.aop.framework.ReflectiveMethodInvocation.proceed(ReflectiveMethodInvocation.java:184) ~[spring-aop-6.0.9-SNAPSHOT.jar:6.0.9-SNAPSHOT]
	at org.springframework.data.projection.DefaultMethodInvokingMethodInterceptor.invoke(DefaultMethodInvokingMethodInterceptor.java:77) ~[spring-data-commons-3.1.0-SNAPSHOT.jar:3.1.0-SNAPSHOT]
	at org.springframework.aop.framework.ReflectiveMethodInvocation.proceed(ReflectiveMethodInvocation.java:184) ~[spring-aop-6.0.9-SNAPSHOT.jar:6.0.9-SNAPSHOT]
	at org.springframework.transaction.interceptor.TransactionInterceptor$1.proceedWithInvocation(TransactionInterceptor.java:123) ~[spring-tx-6.0.9-SNAPSHOT.jar:6.0.9-SNAPSHOT]
	at org.springframework.transaction.interceptor.TransactionAspectSupport.invokeWithinTransaction(TransactionAspectSupport.java:391) ~[spring-tx-6.0.9-SNAPSHOT.jar:6.0.9-SNAPSHOT]
	at org.springframework.transaction.interceptor.TransactionInterceptor.invoke(TransactionInterceptor.java:119) ~[spring-tx-6.0.9-SNAPSHOT.jar:6.0.9-SNAPSHOT]
	at org.springframework.aop.framework.ReflectiveMethodInvocation.proceed(ReflectiveMethodInvocation.java:184) ~[spring-aop-6.0.9-SNAPSHOT.jar:6.0.9-SNAPSHOT]
	at org.springframework.dao.support.PersistenceExceptionTranslationInterceptor.invoke(PersistenceExceptionTranslationInterceptor.java:137) ~[spring-tx-6.0.9-SNAPSHOT.jar:6.0.9-SNAPSHOT]
	at org.springframework.aop.framework.ReflectiveMethodInvocation.proceed(ReflectiveMethodInvocation.java:184) ~[spring-aop-6.0.9-SNAPSHOT.jar:6.0.9-SNAPSHOT]
	at org.springframework.data.jpa.repository.support.CrudMethodMetadataPostProcessor$CrudMethodMetadataPopulatingMethodInterceptor.invoke(CrudMethodMetadataPostProcessor.java:163) ~[spring-data-jpa-3.1.0-SNAPSHOT.jar:3.1.0-SNAPSHOT]
	at org.springframework.aop.framework.ReflectiveMethodInvocation.proceed(ReflectiveMethodInvocation.java:184) ~[spring-aop-6.0.9-SNAPSHOT.jar:6.0.9-SNAPSHOT]
	at org.springframework.aop.interceptor.ExposeInvocationInterceptor.invoke(ExposeInvocationInterceptor.java:97) ~[spring-aop-6.0.9-SNAPSHOT.jar:6.0.9-SNAPSHOT]
	at org.springframework.aop.framework.ReflectiveMethodInvocation.proceed(ReflectiveMethodInvocation.java:184) ~[spring-aop-6.0.9-SNAPSHOT.jar:6.0.9-SNAPSHOT]
	at org.springframework.data.repository.core.support.MethodInvocationValidator.invoke(MethodInvocationValidator.java:94) ~[spring-data-commons-3.1.0-SNAPSHOT.jar:3.1.0-SNAPSHOT]
	at org.springframework.aop.framework.ReflectiveMethodInvocation.proceed(ReflectiveMethodInvocation.java:184) ~[spring-aop-6.0.9-SNAPSHOT.jar:6.0.9-SNAPSHOT]
	at org.springframework.aop.framework.JdkDynamicAopProxy.invoke(JdkDynamicAopProxy.java:223) ~[spring-aop-6.0.9-SNAPSHOT.jar:6.0.9-SNAPSHOT]
	at jdk.proxy2/jdk.proxy2.$Proxy130.findAll(Unknown Source) ~[na:na]
	at com.lyl.byyouside.controller.api.UserController.getAllUser(UserController.kt:130) ~[main/:na]
	at java.base/jdk.internal.reflect.NativeMethodAccessorImpl.invoke0(Native Method) ~[na:na]
	at java.base/jdk.internal.reflect.NativeMethodAccessorImpl.invoke(NativeMethodAccessorImpl.java:77) ~[na:na]
	at java.base/jdk.internal.reflect.DelegatingMethodAccessorImpl.invoke(DelegatingMethodAccessorImpl.java:43) ~[na:na]
	at java.base/java.lang.reflect.Method.invoke(Method.java:568) ~[na:na]
	at org.springframework.web.method.support.InvocableHandlerMethod.doInvoke(InvocableHandlerMethod.java:207) ~[spring-web-6.0.9-SNAPSHOT.jar:6.0.9-SNAPSHOT]
	at org.springframework.web.method.support.InvocableHandlerMethod.invokeForRequest(InvocableHandlerMethod.java:152) ~[spring-web-6.0.9-SNAPSHOT.jar:6.0.9-SNAPSHOT]
	at org.springframework.web.servlet.mvc.method.annotation.ServletInvocableHandlerMethod.invokeAndHandle(ServletInvocableHandlerMethod.java:118) ~[spring-webmvc-6.0.9-SNAPSHOT.jar:6.0.9-SNAPSHOT]
	at org.springframework.web.servlet.mvc.method.annotation.RequestMappingHandlerAdapter.invokeHandlerMethod(RequestMappingHandlerAdapter.java:884) ~[spring-webmvc-6.0.9-SNAPSHOT.jar:6.0.9-SNAPSHOT]
	at org.springframework.web.servlet.mvc.method.annotation.RequestMappingHandlerAdapter.handleInternal(RequestMappingHandlerAdapter.java:797) ~[spring-webmvc-6.0.9-SNAPSHOT.jar:6.0.9-SNAPSHOT]
	at org.springframework.web.servlet.mvc.method.AbstractHandlerMethodAdapter.handle(AbstractHandlerMethodAdapter.java:87) ~[spring-webmvc-6.0.9-SNAPSHOT.jar:6.0.9-SNAPSHOT]
	at org.springframework.web.servlet.DispatcherServlet.doDispatch(DispatcherServlet.java:1081) ~[spring-webmvc-6.0.9-SNAPSHOT.jar:6.0.9-SNAPSHOT]
	at org.springframework.web.servlet.DispatcherServlet.doService(DispatcherServlet.java:974) ~[spring-webmvc-6.0.9-SNAPSHOT.jar:6.0.9-SNAPSHOT]
	at org.springframework.web.servlet.FrameworkServlet.processRequest(FrameworkServlet.java:1011) ~[spring-webmvc-6.0.9-SNAPSHOT.jar:6.0.9-SNAPSHOT]
	at org.springframework.web.servlet.FrameworkServlet.doPost(FrameworkServlet.java:914) ~[spring-webmvc-6.0.9-SNAPSHOT.jar:6.0.9-SNAPSHOT]
	at jakarta.servlet.http.HttpServlet.service(HttpServlet.java:590) ~[tomcat-embed-core-10.1.8.jar:6.0]
	at org.springframework.web.servlet.FrameworkServlet.service(FrameworkServlet.java:885) ~[spring-webmvc-6.0.9-SNAPSHOT.jar:6.0.9-SNAPSHOT]
	at jakarta.servlet.http.HttpServlet.service(HttpServlet.java:658) ~[tomcat-embed-core-10.1.8.jar:6.0]
	at org.apache.catalina.core.ApplicationFilterChain.internalDoFilter(ApplicationFilterChain.java:205) ~[tomcat-embed-core-10.1.8.jar:10.1.8]
	at org.apache.catalina.core.ApplicationFilterChain.doFilter(ApplicationFilterChain.java:149) ~[tomcat-embed-core-10.1.8.jar:10.1.8]
	at org.apache.tomcat.websocket.server.WsFilter.doFilter(WsFilter.java:51) ~[tomcat-embed-websocket-10.1.8.jar:10.1.8]
	at org.apache.catalina.core.ApplicationFilterChain.internalDoFilter(ApplicationFilterChain.java:174) ~[tomcat-embed-core-10.1.8.jar:10.1.8]
	at org.apache.catalina.core.ApplicationFilterChain.doFilter(ApplicationFilterChain.java:149) ~[tomcat-embed-core-10.1.8.jar:10.1.8]
	at org.springframework.web.filter.RequestContextFilter.doFilterInternal(RequestContextFilter.java:100) ~[spring-web-6.0.9-SNAPSHOT.jar:6.0.9-SNAPSHOT]
	at org.springframework.web.filter.OncePerRequestFilter.doFilter(OncePerRequestFilter.java:116) ~[spring-web-6.0.9-SNAPSHOT.jar:6.0.9-SNAPSHOT]
	at org.apache.catalina.core.ApplicationFilterChain.internalDoFilter(ApplicationFilterChain.java:174) ~[tomcat-embed-core-10.1.8.jar:10.1.8]
	at org.apache.catalina.core.ApplicationFilterChain.doFilter(ApplicationFilterChain.java:149) ~[tomcat-embed-core-10.1.8.jar:10.1.8]
	at org.springframework.web.filter.FormContentFilter.doFilterInternal(FormContentFilter.java:93) ~[spring-web-6.0.9-SNAPSHOT.jar:6.0.9-SNAPSHOT]
	at org.springframework.web.filter.OncePerRequestFilter.doFilter(OncePerRequestFilter.java:116) ~[spring-web-6.0.9-SNAPSHOT.jar:6.0.9-SNAPSHOT]
	at org.apache.catalina.core.ApplicationFilterChain.internalDoFilter(ApplicationFilterChain.java:174) ~[tomcat-embed-core-10.1.8.jar:10.1.8]
	at org.apache.catalina.core.ApplicationFilterChain.doFilter(ApplicationFilterChain.java:149) ~[tomcat-embed-core-10.1.8.jar:10.1.8]
	at org.springframework.web.filter.CharacterEncodingFilter.doFilterInternal(CharacterEncodingFilter.java:201) ~[spring-web-6.0.9-SNAPSHOT.jar:6.0.9-SNAPSHOT]
	at org.springframework.web.filter.OncePerRequestFilter.doFilter(OncePerRequestFilter.java:116) ~[spring-web-6.0.9-SNAPSHOT.jar:6.0.9-SNAPSHOT]
	at org.apache.catalina.core.ApplicationFilterChain.internalDoFilter(ApplicationFilterChain.java:174) ~[tomcat-embed-core-10.1.8.jar:10.1.8]
	at org.apache.catalina.core.ApplicationFilterChain.doFilter(ApplicationFilterChain.java:149) ~[tomcat-embed-core-10.1.8.jar:10.1.8]
	at org.apache.catalina.core.StandardWrapperValve.invoke(StandardWrapperValve.java:166) ~[tomcat-embed-core-10.1.8.jar:10.1.8]
	at org.apache.catalina.core.StandardContextValve.invoke(StandardContextValve.java:90) ~[tomcat-embed-core-10.1.8.jar:10.1.8]
	at org.apache.catalina.authenticator.AuthenticatorBase.invoke(AuthenticatorBase.java:482) ~[tomcat-embed-core-10.1.8.jar:10.1.8]
	at org.apache.catalina.core.StandardHostValve.invoke(StandardHostValve.java:115) ~[tomcat-embed-core-10.1.8.jar:10.1.8]
	at org.apache.catalina.valves.ErrorReportValve.invoke(ErrorReportValve.java:93) ~[tomcat-embed-core-10.1.8.jar:10.1.8]
	at org.apache.catalina.core.StandardEngineValve.invoke(StandardEngineValve.java:74) ~[tomcat-embed-core-10.1.8.jar:10.1.8]
	at org.apache.catalina.connector.CoyoteAdapter.service(CoyoteAdapter.java:341) ~[tomcat-embed-core-10.1.8.jar:10.1.8]
	at org.apache.coyote.http11.Http11Processor.service(Http11Processor.java:390) ~[tomcat-embed-core-10.1.8.jar:10.1.8]
	at org.apache.coyote.AbstractProcessorLight.process(AbstractProcessorLight.java:63) ~[tomcat-embed-core-10.1.8.jar:10.1.8]
	at org.apache.coyote.AbstractProtocol$ConnectionHandler.process(AbstractProtocol.java:894) ~[tomcat-embed-core-10.1.8.jar:10.1.8]
	at org.apache.tomcat.util.net.NioEndpoint$SocketProcessor.doRun(NioEndpoint.java:1741) ~[tomcat-embed-core-10.1.8.jar:10.1.8]
	at org.apache.tomcat.util.net.SocketProcessorBase.run(SocketProcessorBase.java:52) ~[tomcat-embed-core-10.1.8.jar:10.1.8]
	at org.apache.tomcat.util.threads.ThreadPoolExecutor.runWorker(ThreadPoolExecutor.java:1191) ~[tomcat-embed-core-10.1.8.jar:10.1.8]
	at org.apache.tomcat.util.threads.ThreadPoolExecutor$Worker.run(ThreadPoolExecutor.java:659) ~[tomcat-embed-core-10.1.8.jar:10.1.8]
	at org.apache.tomcat.util.threads.TaskThread$WrappingRunnable.run(TaskThread.java:61) ~[tomcat-embed-core-10.1.8.jar:10.1.8]
	at java.base/java.lang.Thread.run(Thread.java:833) ~[na:na]

2023-05-06T20:11:14.637+08:00  INFO 33813 --- [SpringApplicationShutdownHook] j.LocalContainerEntityManagerFactoryBean : Closing JPA EntityManagerFactory for persistence unit 'default'
2023-05-06T20:11:14.638+08:00  INFO 33813 --- [SpringApplicationShutdownHook] com.zaxxer.hikari.HikariDataSource       : HikariPool-1 - Shutdown initiated...
2023-05-06T20:11:14.638+08:00  INFO 33813 --- [SpringApplicationShutdownHook] com.zaxxer.hikari.HikariDataSource       : HikariPool-1 - Shutdown completed.
2023-05-06T20:12:16.317+08:00  INFO 33919 --- [main] c.lyl.byyouside.ByYouSideApplicationKt   : Starting ByYouSideApplicationKt using Java 17.0.7 with PID 33919 (/Users/lyl/developer/project/me/ByYourSide/web/ByYouSide/build/classes/kotlin/main started by lyl in /Users/lyl/developer/project/me/ByYourSide/web/ByYouSide)
2023-05-06T20:12:16.319+08:00  INFO 33919 --- [main] c.lyl.byyouside.ByYouSideApplicationKt   : The following 1 profile is active: "dev"
2023-05-06T20:12:16.737+08:00  INFO 33919 --- [main] .s.d.r.c.RepositoryConfigurationDelegate : Bootstrapping Spring Data JPA repositories in DEFAULT mode.
2023-05-06T20:12:16.763+08:00  INFO 33919 --- [main] .s.d.r.c.RepositoryConfigurationDelegate : Finished Spring Data repository scanning in 23 ms. Found 5 JPA repository interfaces.
2023-05-06T20:12:16.982+08:00  INFO 33919 --- [main] o.s.b.w.embedded.tomcat.TomcatWebServer  : Tomcat initialized with port(s): 8080 (http)
2023-05-06T20:12:16.986+08:00  INFO 33919 --- [main] o.apache.catalina.core.StandardService   : Starting service [Tomcat]
2023-05-06T20:12:16.986+08:00  INFO 33919 --- [main] o.apache.catalina.core.StandardEngine    : Starting Servlet engine: [Apache Tomcat/10.1.8]
2023-05-06T20:12:17.021+08:00  INFO 33919 --- [main] o.a.c.c.C.[Tomcat].[localhost].[/]       : Initializing Spring embedded WebApplicationContext
2023-05-06T20:12:17.022+08:00  INFO 33919 --- [main] w.s.c.ServletWebServerApplicationContext : Root WebApplicationContext: initialization completed in 669 ms
2023-05-06T20:12:17.035+08:00  INFO 33919 --- [main] com.zaxxer.hikari.HikariDataSource       : HikariPool-1 - Starting...
2023-05-06T20:12:17.136+08:00  INFO 33919 --- [main] com.zaxxer.hikari.pool.HikariPool        : HikariPool-1 - Added connection conn0: url=jdbc:h2:file:./ByYourSide/config/db/.h2/side_db user=ROOT
2023-05-06T20:12:17.137+08:00  INFO 33919 --- [main] com.zaxxer.hikari.HikariDataSource       : HikariPool-1 - Start completed.
2023-05-06T20:12:17.141+08:00  INFO 33919 --- [main] o.s.b.a.h2.H2ConsoleAutoConfiguration    : H2 console available at '/h2-console'. Database available at 'jdbc:h2:file:./ByYourSide/config/db/.h2/side_db'
2023-05-06T20:12:17.340+08:00  INFO 33919 --- [main] o.s.o.j.p.SpringPersistenceUnitInfo      : No LoadTimeWeaver setup: ignoring JPA class transformer
2023-05-06T20:12:17.702+08:00  INFO 33919 --- [main] j.LocalContainerEntityManagerFactoryBean : Initialized JPA EntityManagerFactory for persistence unit 'default'
2023-05-06T20:12:17.936+08:00  WARN 33919 --- [main] ConfigServletWebServerApplicationContext : Exception encountered during context initialization - cancelling refresh attempt: org.springframework.beans.factory.UnsatisfiedDependencyException: Error creating bean with name 'friendController': Unsatisfied dependency expressed through field 'userRepository': Error creating bean with name 'userRepository' defined in com.lyl.byyouside.model.user.UserRepository defined in @EnableJpaRepositories declared on JpaRepositoriesRegistrar.EnableJpaRepositoriesConfiguration: Could not create query for public abstract com.lyl.byyouside.model.user.User com.lyl.byyouside.model.user.UserRepository.findByUserNameOrPhone(java.lang.String,java.lang.String); Reason: Failed to create query for method public abstract com.lyl.byyouside.model.user.User com.lyl.byyouside.model.user.UserRepository.findByUserNameOrPhone(java.lang.String,java.lang.String); No property 'userName' found for type 'User'
2023-05-06T20:12:17.936+08:00  INFO 33919 --- [main] j.LocalContainerEntityManagerFactoryBean : Closing JPA EntityManagerFactory for persistence unit 'default'
2023-05-06T20:12:17.937+08:00  INFO 33919 --- [main] com.zaxxer.hikari.HikariDataSource       : HikariPool-1 - Shutdown initiated...
2023-05-06T20:12:17.955+08:00  INFO 33919 --- [main] com.zaxxer.hikari.HikariDataSource       : HikariPool-1 - Shutdown completed.
2023-05-06T20:12:17.956+08:00  INFO 33919 --- [main] o.apache.catalina.core.StandardService   : Stopping service [Tomcat]
2023-05-06T20:12:17.962+08:00  INFO 33919 --- [main] .s.b.a.l.ConditionEvaluationReportLogger : 

Error starting ApplicationContext. To display the condition evaluation report re-run your application with 'debug' enabled.
2023-05-06T20:12:17.971+08:00 ERROR 33919 --- [main] o.s.boot.SpringApplication               : Application run failed

org.springframework.beans.factory.UnsatisfiedDependencyException: Error creating bean with name 'friendController': Unsatisfied dependency expressed through field 'userRepository': Error creating bean with name 'userRepository' defined in com.lyl.byyouside.model.user.UserRepository defined in @EnableJpaRepositories declared on JpaRepositoriesRegistrar.EnableJpaRepositoriesConfiguration: Could not create query for public abstract com.lyl.byyouside.model.user.User com.lyl.byyouside.model.user.UserRepository.findByUserNameOrPhone(java.lang.String,java.lang.String); Reason: Failed to create query for method public abstract com.lyl.byyouside.model.user.User com.lyl.byyouside.model.user.UserRepository.findByUserNameOrPhone(java.lang.String,java.lang.String); No property 'userName' found for type 'User'
	at org.springframework.beans.factory.annotation.AutowiredAnnotationBeanPostProcessor$AutowiredFieldElement.resolveFieldValue(AutowiredAnnotationBeanPostProcessor.java:713) ~[spring-beans-6.0.9-SNAPSHOT.jar:6.0.9-SNAPSHOT]
	at org.springframework.beans.factory.annotation.AutowiredAnnotationBeanPostProcessor$AutowiredFieldElement.inject(AutowiredAnnotationBeanPostProcessor.java:693) ~[spring-beans-6.0.9-SNAPSHOT.jar:6.0.9-SNAPSHOT]
	at org.springframework.beans.factory.annotation.InjectionMetadata.inject(InjectionMetadata.java:133) ~[spring-beans-6.0.9-SNAPSHOT.jar:6.0.9-SNAPSHOT]
	at org.springframework.beans.factory.annotation.AutowiredAnnotationBeanPostProcessor.postProcessProperties(AutowiredAnnotationBeanPostProcessor.java:482) ~[spring-beans-6.0.9-SNAPSHOT.jar:6.0.9-SNAPSHOT]
	at org.springframework.beans.factory.support.AbstractAutowireCapableBeanFactory.populateBean(AbstractAutowireCapableBeanFactory.java:1416) ~[spring-beans-6.0.9-SNAPSHOT.jar:6.0.9-SNAPSHOT]
	at org.springframework.beans.factory.support.AbstractAutowireCapableBeanFactory.doCreateBean(AbstractAutowireCapableBeanFactory.java:597) ~[spring-beans-6.0.9-SNAPSHOT.jar:6.0.9-SNAPSHOT]
	at org.springframework.beans.factory.support.AbstractAutowireCapableBeanFactory.createBean(AbstractAutowireCapableBeanFactory.java:520) ~[spring-beans-6.0.9-SNAPSHOT.jar:6.0.9-SNAPSHOT]
	at org.springframework.beans.factory.support.AbstractBeanFactory.lambda$doGetBean$0(AbstractBeanFactory.java:326) ~[spring-beans-6.0.9-SNAPSHOT.jar:6.0.9-SNAPSHOT]
	at org.springframework.beans.factory.support.DefaultSingletonBeanRegistry.getSingleton(DefaultSingletonBeanRegistry.java:234) ~[spring-beans-6.0.9-SNAPSHOT.jar:6.0.9-SNAPSHOT]
	at org.springframework.beans.factory.support.AbstractBeanFactory.doGetBean(AbstractBeanFactory.java:324) ~[spring-beans-6.0.9-SNAPSHOT.jar:6.0.9-SNAPSHOT]
	at org.springframework.beans.factory.support.AbstractBeanFactory.getBean(AbstractBeanFactory.java:200) ~[spring-beans-6.0.9-SNAPSHOT.jar:6.0.9-SNAPSHOT]
	at org.springframework.beans.factory.support.DefaultListableBeanFactory.preInstantiateSingletons(DefaultListableBeanFactory.java:973) ~[spring-beans-6.0.9-SNAPSHOT.jar:6.0.9-SNAPSHOT]
	at org.springframework.context.support.AbstractApplicationContext.finishBeanFactoryInitialization(AbstractApplicationContext.java:917) ~[spring-context-6.0.9-SNAPSHOT.jar:6.0.9-SNAPSHOT]
	at org.springframework.context.support.AbstractApplicationContext.refresh(AbstractApplicationContext.java:584) ~[spring-context-6.0.9-SNAPSHOT.jar:6.0.9-SNAPSHOT]
	at org.springframework.boot.web.servlet.context.ServletWebServerApplicationContext.refresh(ServletWebServerApplicationContext.java:146) ~[spring-boot-3.1.0-SNAPSHOT.jar:3.1.0-SNAPSHOT]
	at org.springframework.boot.SpringApplication.refresh(SpringApplication.java:733) ~[spring-boot-3.1.0-SNAPSHOT.jar:3.1.0-SNAPSHOT]
	at org.springframework.boot.SpringApplication.refreshContext(SpringApplication.java:435) ~[spring-boot-3.1.0-SNAPSHOT.jar:3.1.0-SNAPSHOT]
	at org.springframework.boot.SpringApplication.run(SpringApplication.java:311) ~[spring-boot-3.1.0-SNAPSHOT.jar:3.1.0-SNAPSHOT]
	at org.springframework.boot.SpringApplication.run(SpringApplication.java:1305) ~[spring-boot-3.1.0-SNAPSHOT.jar:3.1.0-SNAPSHOT]
	at org.springframework.boot.SpringApplication.run(SpringApplication.java:1294) ~[spring-boot-3.1.0-SNAPSHOT.jar:3.1.0-SNAPSHOT]
	at com.lyl.byyouside.ByYouSideApplicationKt.main(ByYouSideApplication.kt:27) ~[main/:na]
Caused by: org.springframework.beans.factory.BeanCreationException: Error creating bean with name 'userRepository' defined in com.lyl.byyouside.model.user.UserRepository defined in @EnableJpaRepositories declared on JpaRepositoriesRegistrar.EnableJpaRepositoriesConfiguration: Could not create query for public abstract com.lyl.byyouside.model.user.User com.lyl.byyouside.model.user.UserRepository.findByUserNameOrPhone(java.lang.String,java.lang.String); Reason: Failed to create query for method public abstract com.lyl.byyouside.model.user.User com.lyl.byyouside.model.user.UserRepository.findByUserNameOrPhone(java.lang.String,java.lang.String); No property 'userName' found for type 'User'
	at org.springframework.beans.factory.support.AbstractAutowireCapableBeanFactory.initializeBean(AbstractAutowireCapableBeanFactory.java:1770) ~[spring-beans-6.0.9-SNAPSHOT.jar:6.0.9-SNAPSHOT]
	at org.springframework.beans.factory.support.AbstractAutowireCapableBeanFactory.doCreateBean(AbstractAutowireCapableBeanFactory.java:598) ~[spring-beans-6.0.9-SNAPSHOT.jar:6.0.9-SNAPSHOT]
	at org.springframework.beans.factory.support.AbstractAutowireCapableBeanFactory.createBean(AbstractAutowireCapableBeanFactory.java:520) ~[spring-beans-6.0.9-SNAPSHOT.jar:6.0.9-SNAPSHOT]
	at org.springframework.beans.factory.support.AbstractBeanFactory.lambda$doGetBean$0(AbstractBeanFactory.java:326) ~[spring-beans-6.0.9-SNAPSHOT.jar:6.0.9-SNAPSHOT]
	at org.springframework.beans.factory.support.DefaultSingletonBeanRegistry.getSingleton(DefaultSingletonBeanRegistry.java:234) ~[spring-beans-6.0.9-SNAPSHOT.jar:6.0.9-SNAPSHOT]
	at org.springframework.beans.factory.support.AbstractBeanFactory.doGetBean(AbstractBeanFactory.java:324) ~[spring-beans-6.0.9-SNAPSHOT.jar:6.0.9-SNAPSHOT]
	at org.springframework.beans.factory.support.AbstractBeanFactory.getBean(AbstractBeanFactory.java:200) ~[spring-beans-6.0.9-SNAPSHOT.jar:6.0.9-SNAPSHOT]
	at org.springframework.beans.factory.config.DependencyDescriptor.resolveCandidate(DependencyDescriptor.java:254) ~[spring-beans-6.0.9-SNAPSHOT.jar:6.0.9-SNAPSHOT]
	at org.springframework.beans.factory.support.DefaultListableBeanFactory.doResolveDependency(DefaultListableBeanFactory.java:1417) ~[spring-beans-6.0.9-SNAPSHOT.jar:6.0.9-SNAPSHOT]
	at org.springframework.beans.factory.support.DefaultListableBeanFactory.resolveDependency(DefaultListableBeanFactory.java:1337) ~[spring-beans-6.0.9-SNAPSHOT.jar:6.0.9-SNAPSHOT]
	at org.springframework.beans.factory.annotation.AutowiredAnnotationBeanPostProcessor$AutowiredFieldElement.resolveFieldValue(AutowiredAnnotationBeanPostProcessor.java:710) ~[spring-beans-6.0.9-SNAPSHOT.jar:6.0.9-SNAPSHOT]
	... 20 common frames omitted
Caused by: org.springframework.data.repository.query.QueryCreationException: Could not create query for public abstract com.lyl.byyouside.model.user.User com.lyl.byyouside.model.user.UserRepository.findByUserNameOrPhone(java.lang.String,java.lang.String); Reason: Failed to create query for method public abstract com.lyl.byyouside.model.user.User com.lyl.byyouside.model.user.UserRepository.findByUserNameOrPhone(java.lang.String,java.lang.String); No property 'userName' found for type 'User'
	at org.springframework.data.repository.query.QueryCreationException.create(QueryCreationException.java:101) ~[spring-data-commons-3.1.0-SNAPSHOT.jar:3.1.0-SNAPSHOT]
	at org.springframework.data.repository.core.support.QueryExecutorMethodInterceptor.lookupQuery(QueryExecutorMethodInterceptor.java:115) ~[spring-data-commons-3.1.0-SNAPSHOT.jar:3.1.0-SNAPSHOT]
	at org.springframework.data.repository.core.support.QueryExecutorMethodInterceptor.mapMethodsToQuery(QueryExecutorMethodInterceptor.java:99) ~[spring-data-commons-3.1.0-SNAPSHOT.jar:3.1.0-SNAPSHOT]
	at org.springframework.data.repository.core.support.QueryExecutorMethodInterceptor.lambda$new$0(QueryExecutorMethodInterceptor.java:88) ~[spring-data-commons-3.1.0-SNAPSHOT.jar:3.1.0-SNAPSHOT]
	at java.base/java.util.Optional.map(Optional.java:260) ~[na:na]
	at org.springframework.data.repository.core.support.QueryExecutorMethodInterceptor.<init>(QueryExecutorMethodInterceptor.java:88) ~[spring-data-commons-3.1.0-SNAPSHOT.jar:3.1.0-SNAPSHOT]
	at org.springframework.data.repository.core.support.RepositoryFactorySupport.getRepository(RepositoryFactorySupport.java:357) ~[spring-data-commons-3.1.0-SNAPSHOT.jar:3.1.0-SNAPSHOT]
	at org.springframework.data.repository.core.support.RepositoryFactoryBeanSupport.lambda$afterPropertiesSet$5(RepositoryFactoryBeanSupport.java:279) ~[spring-data-commons-3.1.0-SNAPSHOT.jar:3.1.0-SNAPSHOT]
	at org.springframework.data.util.Lazy.getNullable(Lazy.java:245) ~[spring-data-commons-3.1.0-SNAPSHOT.jar:3.1.0-SNAPSHOT]
	at org.springframework.data.util.Lazy.get(Lazy.java:114) ~[spring-data-commons-3.1.0-SNAPSHOT.jar:3.1.0-SNAPSHOT]
	at org.springframework.data.repository.core.support.RepositoryFactoryBeanSupport.afterPropertiesSet(RepositoryFactoryBeanSupport.java:285) ~[spring-data-commons-3.1.0-SNAPSHOT.jar:3.1.0-SNAPSHOT]
	at org.springframework.data.jpa.repository.support.JpaRepositoryFactoryBean.afterPropertiesSet(JpaRepositoryFactoryBean.java:132) ~[spring-data-jpa-3.1.0-SNAPSHOT.jar:3.1.0-SNAPSHOT]
	at org.springframework.beans.factory.support.AbstractAutowireCapableBeanFactory.invokeInitMethods(AbstractAutowireCapableBeanFactory.java:1816) ~[spring-beans-6.0.9-SNAPSHOT.jar:6.0.9-SNAPSHOT]
	at org.springframework.beans.factory.support.AbstractAutowireCapableBeanFactory.initializeBean(AbstractAutowireCapableBeanFactory.java:1766) ~[spring-beans-6.0.9-SNAPSHOT.jar:6.0.9-SNAPSHOT]
	... 30 common frames omitted
Caused by: java.lang.IllegalArgumentException: Failed to create query for method public abstract com.lyl.byyouside.model.user.User com.lyl.byyouside.model.user.UserRepository.findByUserNameOrPhone(java.lang.String,java.lang.String); No property 'userName' found for type 'User'
	at org.springframework.data.jpa.repository.query.PartTreeJpaQuery.<init>(PartTreeJpaQuery.java:107) ~[spring-data-jpa-3.1.0-SNAPSHOT.jar:3.1.0-SNAPSHOT]
	at org.springframework.data.jpa.repository.query.JpaQueryLookupStrategy$CreateQueryLookupStrategy.resolveQuery(JpaQueryLookupStrategy.java:124) ~[spring-data-jpa-3.1.0-SNAPSHOT.jar:3.1.0-SNAPSHOT]
	at org.springframework.data.jpa.repository.query.JpaQueryLookupStrategy$CreateIfNotFoundQueryLookupStrategy.resolveQuery(JpaQueryLookupStrategy.java:258) ~[spring-data-jpa-3.1.0-SNAPSHOT.jar:3.1.0-SNAPSHOT]
	at org.springframework.data.jpa.repository.query.JpaQueryLookupStrategy$AbstractQueryLookupStrategy.resolveQuery(JpaQueryLookupStrategy.java:95) ~[spring-data-jpa-3.1.0-SNAPSHOT.jar:3.1.0-SNAPSHOT]
	at org.springframework.data.repository.core.support.QueryExecutorMethodInterceptor.lookupQuery(QueryExecutorMethodInterceptor.java:111) ~[spring-data-commons-3.1.0-SNAPSHOT.jar:3.1.0-SNAPSHOT]
	... 42 common frames omitted
Caused by: org.springframework.data.mapping.PropertyReferenceException: No property 'userName' found for type 'User'
	at org.springframework.data.mapping.PropertyPath.<init>(PropertyPath.java:90) ~[spring-data-commons-3.1.0-SNAPSHOT.jar:3.1.0-SNAPSHOT]
	at org.springframework.data.mapping.PropertyPath.create(PropertyPath.java:405) ~[spring-data-commons-3.1.0-SNAPSHOT.jar:3.1.0-SNAPSHOT]
	at org.springframework.data.mapping.PropertyPath.create(PropertyPath.java:381) ~[spring-data-commons-3.1.0-SNAPSHOT.jar:3.1.0-SNAPSHOT]
	at org.springframework.data.mapping.PropertyPath.lambda$from$0(PropertyPath.java:334) ~[spring-data-commons-3.1.0-SNAPSHOT.jar:3.1.0-SNAPSHOT]
	at java.base/java.util.concurrent.ConcurrentMap.computeIfAbsent(ConcurrentMap.java:330) ~[na:na]
	at org.springframework.data.mapping.PropertyPath.from(PropertyPath.java:316) ~[spring-data-commons-3.1.0-SNAPSHOT.jar:3.1.0-SNAPSHOT]
	at org.springframework.data.mapping.PropertyPath.from(PropertyPath.java:299) ~[spring-data-commons-3.1.0-SNAPSHOT.jar:3.1.0-SNAPSHOT]
	at org.springframework.data.repository.query.parser.Part.<init>(Part.java:81) ~[spring-data-commons-3.1.0-SNAPSHOT.jar:3.1.0-SNAPSHOT]
	at org.springframework.data.repository.query.parser.PartTree$OrPart.lambda$new$0(PartTree.java:242) ~[spring-data-commons-3.1.0-SNAPSHOT.jar:3.1.0-SNAPSHOT]
	at java.base/java.util.stream.ReferencePipeline$3$1.accept(ReferencePipeline.java:197) ~[na:na]
	at java.base/java.util.stream.ReferencePipeline$2$1.accept(ReferencePipeline.java:179) ~[na:na]
	at java.base/java.util.Spliterators$ArraySpliterator.forEachRemaining(Spliterators.java:992) ~[na:na]
	at java.base/java.util.stream.AbstractPipeline.copyInto(AbstractPipeline.java:509) ~[na:na]
	at java.base/java.util.stream.AbstractPipeline.wrapAndCopyInto(AbstractPipeline.java:499) ~[na:na]
	at java.base/java.util.stream.ReduceOps$ReduceOp.evaluateSequential(ReduceOps.java:921) ~[na:na]
	at java.base/java.util.stream.AbstractPipeline.evaluate(AbstractPipeline.java:234) ~[na:na]
	at java.base/java.util.stream.ReferencePipeline.collect(ReferencePipeline.java:682) ~[na:na]
	at org.springframework.data.repository.query.parser.PartTree$OrPart.<init>(PartTree.java:243) ~[spring-data-commons-3.1.0-SNAPSHOT.jar:3.1.0-SNAPSHOT]
	at org.springframework.data.repository.query.parser.PartTree$Predicate.lambda$new$0(PartTree.java:372) ~[spring-data-commons-3.1.0-SNAPSHOT.jar:3.1.0-SNAPSHOT]
	at java.base/java.util.stream.ReferencePipeline$3$1.accept(ReferencePipeline.java:197) ~[na:na]
	at java.base/java.util.stream.ReferencePipeline$2$1.accept(ReferencePipeline.java:179) ~[na:na]
	at java.base/java.util.Spliterators$ArraySpliterator.forEachRemaining(Spliterators.java:992) ~[na:na]
	at java.base/java.util.stream.AbstractPipeline.copyInto(AbstractPipeline.java:509) ~[na:na]
	at java.base/java.util.stream.AbstractPipeline.wrapAndCopyInto(AbstractPipeline.java:499) ~[na:na]
	at java.base/java.util.stream.ReduceOps$ReduceOp.evaluateSequential(ReduceOps.java:921) ~[na:na]
	at java.base/java.util.stream.AbstractPipeline.evaluate(AbstractPipeline.java:234) ~[na:na]
	at java.base/java.util.stream.ReferencePipeline.collect(ReferencePipeline.java:682) ~[na:na]
	at org.springframework.data.repository.query.parser.PartTree$Predicate.<init>(PartTree.java:373) ~[spring-data-commons-3.1.0-SNAPSHOT.jar:3.1.0-SNAPSHOT]
	at org.springframework.data.repository.query.parser.PartTree.<init>(PartTree.java:96) ~[spring-data-commons-3.1.0-SNAPSHOT.jar:3.1.0-SNAPSHOT]
	at org.springframework.data.jpa.repository.query.PartTreeJpaQuery.<init>(PartTreeJpaQuery.java:100) ~[spring-data-jpa-3.1.0-SNAPSHOT.jar:3.1.0-SNAPSHOT]
	... 46 common frames omitted

2023-05-06T20:12:59.090+08:00  INFO 33945 --- [main] c.lyl.byyouside.ByYouSideApplicationKt   : Starting ByYouSideApplicationKt using Java 17.0.7 with PID 33945 (/Users/lyl/developer/project/me/ByYourSide/web/ByYouSide/build/classes/kotlin/main started by lyl in /Users/lyl/developer/project/me/ByYourSide/web/ByYouSide)
2023-05-06T20:12:59.091+08:00  INFO 33945 --- [main] c.lyl.byyouside.ByYouSideApplicationKt   : The following 1 profile is active: "dev"
2023-05-06T20:12:59.515+08:00  INFO 33945 --- [main] .s.d.r.c.RepositoryConfigurationDelegate : Bootstrapping Spring Data JPA repositories in DEFAULT mode.
2023-05-06T20:12:59.545+08:00  INFO 33945 --- [main] .s.d.r.c.RepositoryConfigurationDelegate : Finished Spring Data repository scanning in 27 ms. Found 5 JPA repository interfaces.
2023-05-06T20:12:59.770+08:00  INFO 33945 --- [main] o.s.b.w.embedded.tomcat.TomcatWebServer  : Tomcat initialized with port(s): 8080 (http)
2023-05-06T20:12:59.775+08:00  INFO 33945 --- [main] o.apache.catalina.core.StandardService   : Starting service [Tomcat]
2023-05-06T20:12:59.775+08:00  INFO 33945 --- [main] o.apache.catalina.core.StandardEngine    : Starting Servlet engine: [Apache Tomcat/10.1.8]
2023-05-06T20:12:59.820+08:00  INFO 33945 --- [main] o.a.c.c.C.[Tomcat].[localhost].[/]       : Initializing Spring embedded WebApplicationContext
2023-05-06T20:12:59.820+08:00  INFO 33945 --- [main] w.s.c.ServletWebServerApplicationContext : Root WebApplicationContext: initialization completed in 708 ms
2023-05-06T20:12:59.838+08:00  INFO 33945 --- [main] com.zaxxer.hikari.HikariDataSource       : HikariPool-1 - Starting...
2023-05-06T20:12:59.937+08:00  INFO 33945 --- [main] com.zaxxer.hikari.pool.HikariPool        : HikariPool-1 - Added connection conn0: url=jdbc:h2:file:./ByYourSide/config/db/.h2/side_db user=ROOT
2023-05-06T20:12:59.937+08:00  INFO 33945 --- [main] com.zaxxer.hikari.HikariDataSource       : HikariPool-1 - Start completed.
2023-05-06T20:12:59.942+08:00  INFO 33945 --- [main] o.s.b.a.h2.H2ConsoleAutoConfiguration    : H2 console available at '/h2-console'. Database available at 'jdbc:h2:file:./ByYourSide/config/db/.h2/side_db'
2023-05-06T20:13:00.146+08:00  INFO 33945 --- [main] o.s.o.j.p.SpringPersistenceUnitInfo      : No LoadTimeWeaver setup: ignoring JPA class transformer
2023-05-06T20:13:00.526+08:00  INFO 33945 --- [main] j.LocalContainerEntityManagerFactoryBean : Initialized JPA EntityManagerFactory for persistence unit 'default'
2023-05-06T20:13:00.761+08:00  WARN 33945 --- [main] ConfigServletWebServerApplicationContext : Exception encountered during context initialization - cancelling refresh attempt: org.springframework.beans.factory.UnsatisfiedDependencyException: Error creating bean with name 'friendController': Unsatisfied dependency expressed through field 'userRepository': Error creating bean with name 'userRepository' defined in com.lyl.byyouside.model.user.UserRepository defined in @EnableJpaRepositories declared on JpaRepositoriesRegistrar.EnableJpaRepositoriesConfiguration: Could not create query for public abstract com.lyl.byyouside.model.user.User com.lyl.byyouside.model.user.UserRepository.findByUserNameOrPhone(java.lang.String,java.lang.String); Reason: Failed to create query for method public abstract com.lyl.byyouside.model.user.User com.lyl.byyouside.model.user.UserRepository.findByUserNameOrPhone(java.lang.String,java.lang.String); No property 'userName' found for type 'User'
2023-05-06T20:13:00.761+08:00  INFO 33945 --- [main] j.LocalContainerEntityManagerFactoryBean : Closing JPA EntityManagerFactory for persistence unit 'default'
2023-05-06T20:13:00.762+08:00  INFO 33945 --- [main] com.zaxxer.hikari.HikariDataSource       : HikariPool-1 - Shutdown initiated...
2023-05-06T20:13:00.774+08:00  INFO 33945 --- [main] com.zaxxer.hikari.HikariDataSource       : HikariPool-1 - Shutdown completed.
2023-05-06T20:13:00.775+08:00  INFO 33945 --- [main] o.apache.catalina.core.StandardService   : Stopping service [Tomcat]
2023-05-06T20:13:00.782+08:00  INFO 33945 --- [main] .s.b.a.l.ConditionEvaluationReportLogger : 

Error starting ApplicationContext. To display the condition evaluation report re-run your application with 'debug' enabled.
2023-05-06T20:13:00.791+08:00 ERROR 33945 --- [main] o.s.boot.SpringApplication               : Application run failed

org.springframework.beans.factory.UnsatisfiedDependencyException: Error creating bean with name 'friendController': Unsatisfied dependency expressed through field 'userRepository': Error creating bean with name 'userRepository' defined in com.lyl.byyouside.model.user.UserRepository defined in @EnableJpaRepositories declared on JpaRepositoriesRegistrar.EnableJpaRepositoriesConfiguration: Could not create query for public abstract com.lyl.byyouside.model.user.User com.lyl.byyouside.model.user.UserRepository.findByUserNameOrPhone(java.lang.String,java.lang.String); Reason: Failed to create query for method public abstract com.lyl.byyouside.model.user.User com.lyl.byyouside.model.user.UserRepository.findByUserNameOrPhone(java.lang.String,java.lang.String); No property 'userName' found for type 'User'
	at org.springframework.beans.factory.annotation.AutowiredAnnotationBeanPostProcessor$AutowiredFieldElement.resolveFieldValue(AutowiredAnnotationBeanPostProcessor.java:713) ~[spring-beans-6.0.9-SNAPSHOT.jar:6.0.9-SNAPSHOT]
	at org.springframework.beans.factory.annotation.AutowiredAnnotationBeanPostProcessor$AutowiredFieldElement.inject(AutowiredAnnotationBeanPostProcessor.java:693) ~[spring-beans-6.0.9-SNAPSHOT.jar:6.0.9-SNAPSHOT]
	at org.springframework.beans.factory.annotation.InjectionMetadata.inject(InjectionMetadata.java:133) ~[spring-beans-6.0.9-SNAPSHOT.jar:6.0.9-SNAPSHOT]
	at org.springframework.beans.factory.annotation.AutowiredAnnotationBeanPostProcessor.postProcessProperties(AutowiredAnnotationBeanPostProcessor.java:482) ~[spring-beans-6.0.9-SNAPSHOT.jar:6.0.9-SNAPSHOT]
	at org.springframework.beans.factory.support.AbstractAutowireCapableBeanFactory.populateBean(AbstractAutowireCapableBeanFactory.java:1416) ~[spring-beans-6.0.9-SNAPSHOT.jar:6.0.9-SNAPSHOT]
	at org.springframework.beans.factory.support.AbstractAutowireCapableBeanFactory.doCreateBean(AbstractAutowireCapableBeanFactory.java:597) ~[spring-beans-6.0.9-SNAPSHOT.jar:6.0.9-SNAPSHOT]
	at org.springframework.beans.factory.support.AbstractAutowireCapableBeanFactory.createBean(AbstractAutowireCapableBeanFactory.java:520) ~[spring-beans-6.0.9-SNAPSHOT.jar:6.0.9-SNAPSHOT]
	at org.springframework.beans.factory.support.AbstractBeanFactory.lambda$doGetBean$0(AbstractBeanFactory.java:326) ~[spring-beans-6.0.9-SNAPSHOT.jar:6.0.9-SNAPSHOT]
	at org.springframework.beans.factory.support.DefaultSingletonBeanRegistry.getSingleton(DefaultSingletonBeanRegistry.java:234) ~[spring-beans-6.0.9-SNAPSHOT.jar:6.0.9-SNAPSHOT]
	at org.springframework.beans.factory.support.AbstractBeanFactory.doGetBean(AbstractBeanFactory.java:324) ~[spring-beans-6.0.9-SNAPSHOT.jar:6.0.9-SNAPSHOT]
	at org.springframework.beans.factory.support.AbstractBeanFactory.getBean(AbstractBeanFactory.java:200) ~[spring-beans-6.0.9-SNAPSHOT.jar:6.0.9-SNAPSHOT]
	at org.springframework.beans.factory.support.DefaultListableBeanFactory.preInstantiateSingletons(DefaultListableBeanFactory.java:973) ~[spring-beans-6.0.9-SNAPSHOT.jar:6.0.9-SNAPSHOT]
	at org.springframework.context.support.AbstractApplicationContext.finishBeanFactoryInitialization(AbstractApplicationContext.java:917) ~[spring-context-6.0.9-SNAPSHOT.jar:6.0.9-SNAPSHOT]
	at org.springframework.context.support.AbstractApplicationContext.refresh(AbstractApplicationContext.java:584) ~[spring-context-6.0.9-SNAPSHOT.jar:6.0.9-SNAPSHOT]
	at org.springframework.boot.web.servlet.context.ServletWebServerApplicationContext.refresh(ServletWebServerApplicationContext.java:146) ~[spring-boot-3.1.0-SNAPSHOT.jar:3.1.0-SNAPSHOT]
	at org.springframework.boot.SpringApplication.refresh(SpringApplication.java:733) ~[spring-boot-3.1.0-SNAPSHOT.jar:3.1.0-SNAPSHOT]
	at org.springframework.boot.SpringApplication.refreshContext(SpringApplication.java:435) ~[spring-boot-3.1.0-SNAPSHOT.jar:3.1.0-SNAPSHOT]
	at org.springframework.boot.SpringApplication.run(SpringApplication.java:311) ~[spring-boot-3.1.0-SNAPSHOT.jar:3.1.0-SNAPSHOT]
	at org.springframework.boot.SpringApplication.run(SpringApplication.java:1305) ~[spring-boot-3.1.0-SNAPSHOT.jar:3.1.0-SNAPSHOT]
	at org.springframework.boot.SpringApplication.run(SpringApplication.java:1294) ~[spring-boot-3.1.0-SNAPSHOT.jar:3.1.0-SNAPSHOT]
	at com.lyl.byyouside.ByYouSideApplicationKt.main(ByYouSideApplication.kt:27) ~[main/:na]
Caused by: org.springframework.beans.factory.BeanCreationException: Error creating bean with name 'userRepository' defined in com.lyl.byyouside.model.user.UserRepository defined in @EnableJpaRepositories declared on JpaRepositoriesRegistrar.EnableJpaRepositoriesConfiguration: Could not create query for public abstract com.lyl.byyouside.model.user.User com.lyl.byyouside.model.user.UserRepository.findByUserNameOrPhone(java.lang.String,java.lang.String); Reason: Failed to create query for method public abstract com.lyl.byyouside.model.user.User com.lyl.byyouside.model.user.UserRepository.findByUserNameOrPhone(java.lang.String,java.lang.String); No property 'userName' found for type 'User'
	at org.springframework.beans.factory.support.AbstractAutowireCapableBeanFactory.initializeBean(AbstractAutowireCapableBeanFactory.java:1770) ~[spring-beans-6.0.9-SNAPSHOT.jar:6.0.9-SNAPSHOT]
	at org.springframework.beans.factory.support.AbstractAutowireCapableBeanFactory.doCreateBean(AbstractAutowireCapableBeanFactory.java:598) ~[spring-beans-6.0.9-SNAPSHOT.jar:6.0.9-SNAPSHOT]
	at org.springframework.beans.factory.support.AbstractAutowireCapableBeanFactory.createBean(AbstractAutowireCapableBeanFactory.java:520) ~[spring-beans-6.0.9-SNAPSHOT.jar:6.0.9-SNAPSHOT]
	at org.springframework.beans.factory.support.AbstractBeanFactory.lambda$doGetBean$0(AbstractBeanFactory.java:326) ~[spring-beans-6.0.9-SNAPSHOT.jar:6.0.9-SNAPSHOT]
	at org.springframework.beans.factory.support.DefaultSingletonBeanRegistry.getSingleton(DefaultSingletonBeanRegistry.java:234) ~[spring-beans-6.0.9-SNAPSHOT.jar:6.0.9-SNAPSHOT]
	at org.springframework.beans.factory.support.AbstractBeanFactory.doGetBean(AbstractBeanFactory.java:324) ~[spring-beans-6.0.9-SNAPSHOT.jar:6.0.9-SNAPSHOT]
	at org.springframework.beans.factory.support.AbstractBeanFactory.getBean(AbstractBeanFactory.java:200) ~[spring-beans-6.0.9-SNAPSHOT.jar:6.0.9-SNAPSHOT]
	at org.springframework.beans.factory.config.DependencyDescriptor.resolveCandidate(DependencyDescriptor.java:254) ~[spring-beans-6.0.9-SNAPSHOT.jar:6.0.9-SNAPSHOT]
	at org.springframework.beans.factory.support.DefaultListableBeanFactory.doResolveDependency(DefaultListableBeanFactory.java:1417) ~[spring-beans-6.0.9-SNAPSHOT.jar:6.0.9-SNAPSHOT]
	at org.springframework.beans.factory.support.DefaultListableBeanFactory.resolveDependency(DefaultListableBeanFactory.java:1337) ~[spring-beans-6.0.9-SNAPSHOT.jar:6.0.9-SNAPSHOT]
	at org.springframework.beans.factory.annotation.AutowiredAnnotationBeanPostProcessor$AutowiredFieldElement.resolveFieldValue(AutowiredAnnotationBeanPostProcessor.java:710) ~[spring-beans-6.0.9-SNAPSHOT.jar:6.0.9-SNAPSHOT]
	... 20 common frames omitted
Caused by: org.springframework.data.repository.query.QueryCreationException: Could not create query for public abstract com.lyl.byyouside.model.user.User com.lyl.byyouside.model.user.UserRepository.findByUserNameOrPhone(java.lang.String,java.lang.String); Reason: Failed to create query for method public abstract com.lyl.byyouside.model.user.User com.lyl.byyouside.model.user.UserRepository.findByUserNameOrPhone(java.lang.String,java.lang.String); No property 'userName' found for type 'User'
	at org.springframework.data.repository.query.QueryCreationException.create(QueryCreationException.java:101) ~[spring-data-commons-3.1.0-SNAPSHOT.jar:3.1.0-SNAPSHOT]
	at org.springframework.data.repository.core.support.QueryExecutorMethodInterceptor.lookupQuery(QueryExecutorMethodInterceptor.java:115) ~[spring-data-commons-3.1.0-SNAPSHOT.jar:3.1.0-SNAPSHOT]
	at org.springframework.data.repository.core.support.QueryExecutorMethodInterceptor.mapMethodsToQuery(QueryExecutorMethodInterceptor.java:99) ~[spring-data-commons-3.1.0-SNAPSHOT.jar:3.1.0-SNAPSHOT]
	at org.springframework.data.repository.core.support.QueryExecutorMethodInterceptor.lambda$new$0(QueryExecutorMethodInterceptor.java:88) ~[spring-data-commons-3.1.0-SNAPSHOT.jar:3.1.0-SNAPSHOT]
	at java.base/java.util.Optional.map(Optional.java:260) ~[na:na]
	at org.springframework.data.repository.core.support.QueryExecutorMethodInterceptor.<init>(QueryExecutorMethodInterceptor.java:88) ~[spring-data-commons-3.1.0-SNAPSHOT.jar:3.1.0-SNAPSHOT]
	at org.springframework.data.repository.core.support.RepositoryFactorySupport.getRepository(RepositoryFactorySupport.java:357) ~[spring-data-commons-3.1.0-SNAPSHOT.jar:3.1.0-SNAPSHOT]
	at org.springframework.data.repository.core.support.RepositoryFactoryBeanSupport.lambda$afterPropertiesSet$5(RepositoryFactoryBeanSupport.java:279) ~[spring-data-commons-3.1.0-SNAPSHOT.jar:3.1.0-SNAPSHOT]
	at org.springframework.data.util.Lazy.getNullable(Lazy.java:245) ~[spring-data-commons-3.1.0-SNAPSHOT.jar:3.1.0-SNAPSHOT]
	at org.springframework.data.util.Lazy.get(Lazy.java:114) ~[spring-data-commons-3.1.0-SNAPSHOT.jar:3.1.0-SNAPSHOT]
	at org.springframework.data.repository.core.support.RepositoryFactoryBeanSupport.afterPropertiesSet(RepositoryFactoryBeanSupport.java:285) ~[spring-data-commons-3.1.0-SNAPSHOT.jar:3.1.0-SNAPSHOT]
	at org.springframework.data.jpa.repository.support.JpaRepositoryFactoryBean.afterPropertiesSet(JpaRepositoryFactoryBean.java:132) ~[spring-data-jpa-3.1.0-SNAPSHOT.jar:3.1.0-SNAPSHOT]
	at org.springframework.beans.factory.support.AbstractAutowireCapableBeanFactory.invokeInitMethods(AbstractAutowireCapableBeanFactory.java:1816) ~[spring-beans-6.0.9-SNAPSHOT.jar:6.0.9-SNAPSHOT]
	at org.springframework.beans.factory.support.AbstractAutowireCapableBeanFactory.initializeBean(AbstractAutowireCapableBeanFactory.java:1766) ~[spring-beans-6.0.9-SNAPSHOT.jar:6.0.9-SNAPSHOT]
	... 30 common frames omitted
Caused by: java.lang.IllegalArgumentException: Failed to create query for method public abstract com.lyl.byyouside.model.user.User com.lyl.byyouside.model.user.UserRepository.findByUserNameOrPhone(java.lang.String,java.lang.String); No property 'userName' found for type 'User'
	at org.springframework.data.jpa.repository.query.PartTreeJpaQuery.<init>(PartTreeJpaQuery.java:107) ~[spring-data-jpa-3.1.0-SNAPSHOT.jar:3.1.0-SNAPSHOT]
	at org.springframework.data.jpa.repository.query.JpaQueryLookupStrategy$CreateQueryLookupStrategy.resolveQuery(JpaQueryLookupStrategy.java:124) ~[spring-data-jpa-3.1.0-SNAPSHOT.jar:3.1.0-SNAPSHOT]
	at org.springframework.data.jpa.repository.query.JpaQueryLookupStrategy$CreateIfNotFoundQueryLookupStrategy.resolveQuery(JpaQueryLookupStrategy.java:258) ~[spring-data-jpa-3.1.0-SNAPSHOT.jar:3.1.0-SNAPSHOT]
	at org.springframework.data.jpa.repository.query.JpaQueryLookupStrategy$AbstractQueryLookupStrategy.resolveQuery(JpaQueryLookupStrategy.java:95) ~[spring-data-jpa-3.1.0-SNAPSHOT.jar:3.1.0-SNAPSHOT]
	at org.springframework.data.repository.core.support.QueryExecutorMethodInterceptor.lookupQuery(QueryExecutorMethodInterceptor.java:111) ~[spring-data-commons-3.1.0-SNAPSHOT.jar:3.1.0-SNAPSHOT]
	... 42 common frames omitted
Caused by: org.springframework.data.mapping.PropertyReferenceException: No property 'userName' found for type 'User'
	at org.springframework.data.mapping.PropertyPath.<init>(PropertyPath.java:90) ~[spring-data-commons-3.1.0-SNAPSHOT.jar:3.1.0-SNAPSHOT]
	at org.springframework.data.mapping.PropertyPath.create(PropertyPath.java:405) ~[spring-data-commons-3.1.0-SNAPSHOT.jar:3.1.0-SNAPSHOT]
	at org.springframework.data.mapping.PropertyPath.create(PropertyPath.java:381) ~[spring-data-commons-3.1.0-SNAPSHOT.jar:3.1.0-SNAPSHOT]
	at org.springframework.data.mapping.PropertyPath.lambda$from$0(PropertyPath.java:334) ~[spring-data-commons-3.1.0-SNAPSHOT.jar:3.1.0-SNAPSHOT]
	at java.base/java.util.concurrent.ConcurrentMap.computeIfAbsent(ConcurrentMap.java:330) ~[na:na]
	at org.springframework.data.mapping.PropertyPath.from(PropertyPath.java:316) ~[spring-data-commons-3.1.0-SNAPSHOT.jar:3.1.0-SNAPSHOT]
	at org.springframework.data.mapping.PropertyPath.from(PropertyPath.java:299) ~[spring-data-commons-3.1.0-SNAPSHOT.jar:3.1.0-SNAPSHOT]
	at org.springframework.data.repository.query.parser.Part.<init>(Part.java:81) ~[spring-data-commons-3.1.0-SNAPSHOT.jar:3.1.0-SNAPSHOT]
	at org.springframework.data.repository.query.parser.PartTree$OrPart.lambda$new$0(PartTree.java:242) ~[spring-data-commons-3.1.0-SNAPSHOT.jar:3.1.0-SNAPSHOT]
	at java.base/java.util.stream.ReferencePipeline$3$1.accept(ReferencePipeline.java:197) ~[na:na]
	at java.base/java.util.stream.ReferencePipeline$2$1.accept(ReferencePipeline.java:179) ~[na:na]
	at java.base/java.util.Spliterators$ArraySpliterator.forEachRemaining(Spliterators.java:992) ~[na:na]
	at java.base/java.util.stream.AbstractPipeline.copyInto(AbstractPipeline.java:509) ~[na:na]
	at java.base/java.util.stream.AbstractPipeline.wrapAndCopyInto(AbstractPipeline.java:499) ~[na:na]
	at java.base/java.util.stream.ReduceOps$ReduceOp.evaluateSequential(ReduceOps.java:921) ~[na:na]
	at java.base/java.util.stream.AbstractPipeline.evaluate(AbstractPipeline.java:234) ~[na:na]
	at java.base/java.util.stream.ReferencePipeline.collect(ReferencePipeline.java:682) ~[na:na]
	at org.springframework.data.repository.query.parser.PartTree$OrPart.<init>(PartTree.java:243) ~[spring-data-commons-3.1.0-SNAPSHOT.jar:3.1.0-SNAPSHOT]
	at org.springframework.data.repository.query.parser.PartTree$Predicate.lambda$new$0(PartTree.java:372) ~[spring-data-commons-3.1.0-SNAPSHOT.jar:3.1.0-SNAPSHOT]
	at java.base/java.util.stream.ReferencePipeline$3$1.accept(ReferencePipeline.java:197) ~[na:na]
	at java.base/java.util.stream.ReferencePipeline$2$1.accept(ReferencePipeline.java:179) ~[na:na]
	at java.base/java.util.Spliterators$ArraySpliterator.forEachRemaining(Spliterators.java:992) ~[na:na]
	at java.base/java.util.stream.AbstractPipeline.copyInto(AbstractPipeline.java:509) ~[na:na]
	at java.base/java.util.stream.AbstractPipeline.wrapAndCopyInto(AbstractPipeline.java:499) ~[na:na]
	at java.base/java.util.stream.ReduceOps$ReduceOp.evaluateSequential(ReduceOps.java:921) ~[na:na]
	at java.base/java.util.stream.AbstractPipeline.evaluate(AbstractPipeline.java:234) ~[na:na]
	at java.base/java.util.stream.ReferencePipeline.collect(ReferencePipeline.java:682) ~[na:na]
	at org.springframework.data.repository.query.parser.PartTree$Predicate.<init>(PartTree.java:373) ~[spring-data-commons-3.1.0-SNAPSHOT.jar:3.1.0-SNAPSHOT]
	at org.springframework.data.repository.query.parser.PartTree.<init>(PartTree.java:96) ~[spring-data-commons-3.1.0-SNAPSHOT.jar:3.1.0-SNAPSHOT]
	at org.springframework.data.jpa.repository.query.PartTreeJpaQuery.<init>(PartTreeJpaQuery.java:100) ~[spring-data-jpa-3.1.0-SNAPSHOT.jar:3.1.0-SNAPSHOT]
	... 46 common frames omitted

2023-05-06T20:18:59.416+08:00  INFO 34190 --- [main] c.lyl.byyouside.ByYouSideApplicationKt   : Starting ByYouSideApplicationKt using Java 17.0.7 with PID 34190 (/Users/lyl/developer/project/me/ByYourSide/web/ByYouSide/build/classes/kotlin/main started by lyl in /Users/lyl/developer/project/me/ByYourSide/web/ByYouSide)
2023-05-06T20:18:59.418+08:00  INFO 34190 --- [main] c.lyl.byyouside.ByYouSideApplicationKt   : The following 1 profile is active: "dev"
2023-05-06T20:18:59.818+08:00  INFO 34190 --- [main] .s.d.r.c.RepositoryConfigurationDelegate : Bootstrapping Spring Data JPA repositories in DEFAULT mode.
2023-05-06T20:18:59.846+08:00  INFO 34190 --- [main] .s.d.r.c.RepositoryConfigurationDelegate : Finished Spring Data repository scanning in 25 ms. Found 5 JPA repository interfaces.
2023-05-06T20:19:00.068+08:00  INFO 34190 --- [main] o.s.b.w.embedded.tomcat.TomcatWebServer  : Tomcat initialized with port(s): 8080 (http)
2023-05-06T20:19:00.073+08:00  INFO 34190 --- [main] o.apache.catalina.core.StandardService   : Starting service [Tomcat]
2023-05-06T20:19:00.073+08:00  INFO 34190 --- [main] o.apache.catalina.core.StandardEngine    : Starting Servlet engine: [Apache Tomcat/10.1.8]
2023-05-06T20:19:00.109+08:00  INFO 34190 --- [main] o.a.c.c.C.[Tomcat].[localhost].[/]       : Initializing Spring embedded WebApplicationContext
2023-05-06T20:19:00.109+08:00  INFO 34190 --- [main] w.s.c.ServletWebServerApplicationContext : Root WebApplicationContext: initialization completed in 671 ms
2023-05-06T20:19:00.122+08:00  INFO 34190 --- [main] com.zaxxer.hikari.HikariDataSource       : HikariPool-1 - Starting...
2023-05-06T20:19:00.223+08:00  INFO 34190 --- [main] com.zaxxer.hikari.pool.HikariPool        : HikariPool-1 - Added connection conn0: url=jdbc:h2:file:./ByYourSide/config/db/.h2/side_db user=ROOT
2023-05-06T20:19:00.224+08:00  INFO 34190 --- [main] com.zaxxer.hikari.HikariDataSource       : HikariPool-1 - Start completed.
2023-05-06T20:19:00.229+08:00  INFO 34190 --- [main] o.s.b.a.h2.H2ConsoleAutoConfiguration    : H2 console available at '/h2-console'. Database available at 'jdbc:h2:file:./ByYourSide/config/db/.h2/side_db'
2023-05-06T20:19:00.426+08:00  INFO 34190 --- [main] o.s.o.j.p.SpringPersistenceUnitInfo      : No LoadTimeWeaver setup: ignoring JPA class transformer
2023-05-06T20:19:00.815+08:00  INFO 34190 --- [main] j.LocalContainerEntityManagerFactoryBean : Initialized JPA EntityManagerFactory for persistence unit 'default'
2023-05-06T20:19:01.138+08:00  WARN 34190 --- [main] JpaBaseConfiguration$JpaWebConfiguration : spring.jpa.open-in-view is enabled by default. Therefore, database queries may be performed during view rendering. Explicitly configure spring.jpa.open-in-view to disable this warning
2023-05-06T20:19:01.267+08:00  INFO 34190 --- [main] o.s.b.w.embedded.tomcat.TomcatWebServer  : Tomcat started on port(s): 8080 (http) with context path ''
2023-05-06T20:19:01.271+08:00  INFO 34190 --- [main] c.lyl.byyouside.ByYouSideApplicationKt   : Started ByYouSideApplicationKt in 2.013 seconds (process running for 2.379)
2023-05-06T20:19:06.833+08:00  INFO 34190 --- [http-nio-8080-exec-1] o.a.c.c.C.[Tomcat].[localhost].[/]       : Initializing Spring DispatcherServlet 'dispatcherServlet'
2023-05-06T20:19:06.833+08:00  INFO 34190 --- [http-nio-8080-exec-1] o.s.web.servlet.DispatcherServlet        : Initializing Servlet 'dispatcherServlet'
2023-05-06T20:19:06.834+08:00  INFO 34190 --- [http-nio-8080-exec-1] o.s.web.servlet.DispatcherServlet        : Completed initialization in 1 ms
2023-05-06T20:19:06.950+08:00 ERROR 34190 --- [http-nio-8080-exec-1] o.h.engine.jdbc.spi.SqlExceptionHelper   : Syntax error in SQL statement "select u1_0.id,u1_0.birthday,u1_0.city,u1_0.close_date,u1_0.create_time,u1_0.email,u1_0.gender,u1_0.icon,u1_0.introduction,u1_0.nick_name,u1_0.password,u1_0.phone,u1_0.province,u1_0.update_time,u1_0.user_name,u1_0.vip_grade,u1_0.vip_limit_date from [*]user u1_0"; expected "identifier"; SQL statement:
select u1_0.id,u1_0.birthday,u1_0.city,u1_0.close_date,u1_0.create_time,u1_0.email,u1_0.gender,u1_0.icon,u1_0.introduction,u1_0.nick_name,u1_0.password,u1_0.phone,u1_0.province,u1_0.update_time,u1_0.user_name,u1_0.vip_grade,u1_0.vip_limit_date from user u1_0 [42001-214]
2023-05-06T20:19:06.958+08:00 ERROR 34190 --- [http-nio-8080-exec-1] o.a.c.c.C.[.[.[/].[dispatcherServlet]    : Servlet.service() for servlet [dispatcherServlet] in context with path [] threw exception [Request processing failed: org.springframework.dao.InvalidDataAccessResourceUsageException: could not prepare statement [Syntax error in SQL statement "select u1_0.id,u1_0.birthday,u1_0.city,u1_0.close_date,u1_0.create_time,u1_0.email,u1_0.gender,u1_0.icon,u1_0.introduction,u1_0.nick_name,u1_0.password,u1_0.phone,u1_0.province,u1_0.update_time,u1_0.user_name,u1_0.vip_grade,u1_0.vip_limit_date from [*]user u1_0"; expected "identifier"; SQL statement:
select u1_0.id,u1_0.birthday,u1_0.city,u1_0.close_date,u1_0.create_time,u1_0.email,u1_0.gender,u1_0.icon,u1_0.introduction,u1_0.nick_name,u1_0.password,u1_0.phone,u1_0.province,u1_0.update_time,u1_0.user_name,u1_0.vip_grade,u1_0.vip_limit_date from user u1_0 [42001-214]] [select u1_0.id,u1_0.birthday,u1_0.city,u1_0.close_date,u1_0.create_time,u1_0.email,u1_0.gender,u1_0.icon,u1_0.introduction,u1_0.nick_name,u1_0.password,u1_0.phone,u1_0.province,u1_0.update_time,u1_0.user_name,u1_0.vip_grade,u1_0.vip_limit_date from user u1_0]; SQL [select u1_0.id,u1_0.birthday,u1_0.city,u1_0.close_date,u1_0.create_time,u1_0.email,u1_0.gender,u1_0.icon,u1_0.introduction,u1_0.nick_name,u1_0.password,u1_0.phone,u1_0.province,u1_0.update_time,u1_0.user_name,u1_0.vip_grade,u1_0.vip_limit_date from user u1_0]] with root cause

org.h2.jdbc.JdbcSQLSyntaxErrorException: Syntax error in SQL statement "select u1_0.id,u1_0.birthday,u1_0.city,u1_0.close_date,u1_0.create_time,u1_0.email,u1_0.gender,u1_0.icon,u1_0.introduction,u1_0.nick_name,u1_0.password,u1_0.phone,u1_0.province,u1_0.update_time,u1_0.user_name,u1_0.vip_grade,u1_0.vip_limit_date from [*]user u1_0"; expected "identifier"; SQL statement:
select u1_0.id,u1_0.birthday,u1_0.city,u1_0.close_date,u1_0.create_time,u1_0.email,u1_0.gender,u1_0.icon,u1_0.introduction,u1_0.nick_name,u1_0.password,u1_0.phone,u1_0.province,u1_0.update_time,u1_0.user_name,u1_0.vip_grade,u1_0.vip_limit_date from user u1_0 [42001-214]
	at org.h2.message.DbException.getJdbcSQLException(DbException.java:502) ~[h2-2.1.214.jar:2.1.214]
	at org.h2.message.DbException.getJdbcSQLException(DbException.java:477) ~[h2-2.1.214.jar:2.1.214]
	at org.h2.message.DbException.getSyntaxError(DbException.java:261) ~[h2-2.1.214.jar:2.1.214]
	at org.h2.command.Parser.readIdentifier(Parser.java:5656) ~[h2-2.1.214.jar:2.1.214]
	at org.h2.command.Parser.readTablePrimary(Parser.java:1814) ~[h2-2.1.214.jar:2.1.214]
	at org.h2.command.Parser.readTableReference(Parser.java:2334) ~[h2-2.1.214.jar:2.1.214]
	at org.h2.command.Parser.parseSelectFromPart(Parser.java:2772) ~[h2-2.1.214.jar:2.1.214]
	at org.h2.command.Parser.parseSelect(Parser.java:2878) ~[h2-2.1.214.jar:2.1.214]
	at org.h2.command.Parser.parseQueryPrimary(Parser.java:2762) ~[h2-2.1.214.jar:2.1.214]
	at org.h2.command.Parser.parseQueryTerm(Parser.java:2633) ~[h2-2.1.214.jar:2.1.214]
	at org.h2.command.Parser.parseQueryExpressionBody(Parser.java:2612) ~[h2-2.1.214.jar:2.1.214]
	at org.h2.command.Parser.parseQueryExpressionBodyAndEndOfQuery(Parser.java:2605) ~[h2-2.1.214.jar:2.1.214]
	at org.h2.command.Parser.parseQueryExpression(Parser.java:2598) ~[h2-2.1.214.jar:2.1.214]
	at org.h2.command.Parser.parseQuery(Parser.java:2567) ~[h2-2.1.214.jar:2.1.214]
	at org.h2.command.Parser.parsePrepared(Parser.java:724) ~[h2-2.1.214.jar:2.1.214]
	at org.h2.command.Parser.parse(Parser.java:689) ~[h2-2.1.214.jar:2.1.214]
	at org.h2.command.Parser.parse(Parser.java:661) ~[h2-2.1.214.jar:2.1.214]
	at org.h2.command.Parser.prepareCommand(Parser.java:569) ~[h2-2.1.214.jar:2.1.214]
	at org.h2.engine.SessionLocal.prepareLocal(SessionLocal.java:631) ~[h2-2.1.214.jar:2.1.214]
	at org.h2.engine.SessionLocal.prepareCommand(SessionLocal.java:554) ~[h2-2.1.214.jar:2.1.214]
	at org.h2.jdbc.JdbcConnection.prepareCommand(JdbcConnection.java:1116) ~[h2-2.1.214.jar:2.1.214]
	at org.h2.jdbc.JdbcPreparedStatement.<init>(JdbcPreparedStatement.java:92) ~[h2-2.1.214.jar:2.1.214]
	at org.h2.jdbc.JdbcConnection.prepareStatement(JdbcConnection.java:288) ~[h2-2.1.214.jar:2.1.214]
	at com.zaxxer.hikari.pool.ProxyConnection.prepareStatement(ProxyConnection.java:327) ~[HikariCP-5.0.1.jar:na]
	at com.zaxxer.hikari.pool.HikariProxyConnection.prepareStatement(HikariProxyConnection.java) ~[HikariCP-5.0.1.jar:na]
	at org.hibernate.engine.jdbc.internal.StatementPreparerImpl$1.doPrepare(StatementPreparerImpl.java:91) ~[hibernate-core-6.2.2.Final.jar:6.2.2.Final]
	at org.hibernate.engine.jdbc.internal.StatementPreparerImpl$StatementPreparationTemplate.prepareStatement(StatementPreparerImpl.java:177) ~[hibernate-core-6.2.2.Final.jar:6.2.2.Final]
	at org.hibernate.engine.jdbc.internal.StatementPreparerImpl.prepareStatement(StatementPreparerImpl.java:76) ~[hibernate-core-6.2.2.Final.jar:6.2.2.Final]
	at org.hibernate.sql.exec.internal.JdbcSelectExecutorStandardImpl.lambda$list$0(JdbcSelectExecutorStandardImpl.java:102) ~[hibernate-core-6.2.2.Final.jar:6.2.2.Final]
	at org.hibernate.sql.results.jdbc.internal.DeferredResultSetAccess.executeQuery(DeferredResultSetAccess.java:226) ~[hibernate-core-6.2.2.Final.jar:6.2.2.Final]
	at org.hibernate.sql.results.jdbc.internal.DeferredResultSetAccess.getResultSet(DeferredResultSetAccess.java:163) ~[hibernate-core-6.2.2.Final.jar:6.2.2.Final]
	at org.hibernate.sql.results.jdbc.internal.JdbcValuesResultSetImpl.advanceNext(JdbcValuesResultSetImpl.java:204) ~[hibernate-core-6.2.2.Final.jar:6.2.2.Final]
	at org.hibernate.sql.results.jdbc.internal.JdbcValuesResultSetImpl.processNext(JdbcValuesResultSetImpl.java:84) ~[hibernate-core-6.2.2.Final.jar:6.2.2.Final]
	at org.hibernate.sql.results.jdbc.internal.AbstractJdbcValues.next(AbstractJdbcValues.java:29) ~[hibernate-core-6.2.2.Final.jar:6.2.2.Final]
	at org.hibernate.sql.results.internal.RowProcessingStateStandardImpl.next(RowProcessingStateStandardImpl.java:65) ~[hibernate-core-6.2.2.Final.jar:6.2.2.Final]
	at org.hibernate.sql.results.spi.ListResultsConsumer.consume(ListResultsConsumer.java:198) ~[hibernate-core-6.2.2.Final.jar:6.2.2.Final]
	at org.hibernate.sql.results.spi.ListResultsConsumer.consume(ListResultsConsumer.java:33) ~[hibernate-core-6.2.2.Final.jar:6.2.2.Final]
	at org.hibernate.sql.exec.internal.JdbcSelectExecutorStandardImpl.doExecuteQuery(JdbcSelectExecutorStandardImpl.java:362) ~[hibernate-core-6.2.2.Final.jar:6.2.2.Final]
	at org.hibernate.sql.exec.internal.JdbcSelectExecutorStandardImpl.executeQuery(JdbcSelectExecutorStandardImpl.java:168) ~[hibernate-core-6.2.2.Final.jar:6.2.2.Final]
	at org.hibernate.sql.exec.internal.JdbcSelectExecutorStandardImpl.list(JdbcSelectExecutorStandardImpl.java:93) ~[hibernate-core-6.2.2.Final.jar:6.2.2.Final]
	at org.hibernate.sql.exec.spi.JdbcSelectExecutor.list(JdbcSelectExecutor.java:31) ~[hibernate-core-6.2.2.Final.jar:6.2.2.Final]
	at org.hibernate.query.sqm.internal.ConcreteSqmSelectQueryPlan.lambda$new$0(ConcreteSqmSelectQueryPlan.java:109) ~[hibernate-core-6.2.2.Final.jar:6.2.2.Final]
	at org.hibernate.query.sqm.internal.ConcreteSqmSelectQueryPlan.withCacheableSqmInterpretation(ConcreteSqmSelectQueryPlan.java:302) ~[hibernate-core-6.2.2.Final.jar:6.2.2.Final]
	at org.hibernate.query.sqm.internal.ConcreteSqmSelectQueryPlan.performList(ConcreteSqmSelectQueryPlan.java:243) ~[hibernate-core-6.2.2.Final.jar:6.2.2.Final]
	at org.hibernate.query.sqm.internal.QuerySqmImpl.doList(QuerySqmImpl.java:518) ~[hibernate-core-6.2.2.Final.jar:6.2.2.Final]
	at org.hibernate.query.spi.AbstractSelectionQuery.list(AbstractSelectionQuery.java:367) ~[hibernate-core-6.2.2.Final.jar:6.2.2.Final]
	at org.hibernate.query.Query.getResultList(Query.java:119) ~[hibernate-core-6.2.2.Final.jar:6.2.2.Final]
	at org.springframework.data.jpa.repository.support.SimpleJpaRepository.findAll(SimpleJpaRepository.java:408) ~[spring-data-jpa-3.1.0-SNAPSHOT.jar:3.1.0-SNAPSHOT]
	at java.base/jdk.internal.reflect.NativeMethodAccessorImpl.invoke0(Native Method) ~[na:na]
	at java.base/jdk.internal.reflect.NativeMethodAccessorImpl.invoke(NativeMethodAccessorImpl.java:77) ~[na:na]
	at java.base/jdk.internal.reflect.DelegatingMethodAccessorImpl.invoke(DelegatingMethodAccessorImpl.java:43) ~[na:na]
	at java.base/java.lang.reflect.Method.invoke(Method.java:568) ~[na:na]
	at org.springframework.data.repository.core.support.RepositoryMethodInvoker$RepositoryFragmentMethodInvoker.lambda$new$0(RepositoryMethodInvoker.java:288) ~[spring-data-commons-3.1.0-SNAPSHOT.jar:3.1.0-SNAPSHOT]
	at org.springframework.data.repository.core.support.RepositoryMethodInvoker.doInvoke(RepositoryMethodInvoker.java:136) ~[spring-data-commons-3.1.0-SNAPSHOT.jar:3.1.0-SNAPSHOT]
	at org.springframework.data.repository.core.support.RepositoryMethodInvoker.invoke(RepositoryMethodInvoker.java:120) ~[spring-data-commons-3.1.0-SNAPSHOT.jar:3.1.0-SNAPSHOT]
	at org.springframework.data.repository.core.support.RepositoryComposition$RepositoryFragments.invoke(RepositoryComposition.java:516) ~[spring-data-commons-3.1.0-SNAPSHOT.jar:3.1.0-SNAPSHOT]
	at org.springframework.data.repository.core.support.RepositoryComposition.invoke(RepositoryComposition.java:285) ~[spring-data-commons-3.1.0-SNAPSHOT.jar:3.1.0-SNAPSHOT]
	at org.springframework.data.repository.core.support.RepositoryFactorySupport$ImplementationMethodExecutionInterceptor.invoke(RepositoryFactorySupport.java:628) ~[spring-data-commons-3.1.0-SNAPSHOT.jar:3.1.0-SNAPSHOT]
	at org.springframework.aop.framework.ReflectiveMethodInvocation.proceed(ReflectiveMethodInvocation.java:184) ~[spring-aop-6.0.9-SNAPSHOT.jar:6.0.9-SNAPSHOT]
	at org.springframework.data.repository.core.support.QueryExecutorMethodInterceptor.doInvoke(QueryExecutorMethodInterceptor.java:168) ~[spring-data-commons-3.1.0-SNAPSHOT.jar:3.1.0-SNAPSHOT]
	at org.springframework.data.repository.core.support.QueryExecutorMethodInterceptor.invoke(QueryExecutorMethodInterceptor.java:143) ~[spring-data-commons-3.1.0-SNAPSHOT.jar:3.1.0-SNAPSHOT]
	at org.springframework.aop.framework.ReflectiveMethodInvocation.proceed(ReflectiveMethodInvocation.java:184) ~[spring-aop-6.0.9-SNAPSHOT.jar:6.0.9-SNAPSHOT]
	at org.springframework.data.projection.DefaultMethodInvokingMethodInterceptor.invoke(DefaultMethodInvokingMethodInterceptor.java:77) ~[spring-data-commons-3.1.0-SNAPSHOT.jar:3.1.0-SNAPSHOT]
	at org.springframework.aop.framework.ReflectiveMethodInvocation.proceed(ReflectiveMethodInvocation.java:184) ~[spring-aop-6.0.9-SNAPSHOT.jar:6.0.9-SNAPSHOT]
	at org.springframework.transaction.interceptor.TransactionInterceptor$1.proceedWithInvocation(TransactionInterceptor.java:123) ~[spring-tx-6.0.9-SNAPSHOT.jar:6.0.9-SNAPSHOT]
	at org.springframework.transaction.interceptor.TransactionAspectSupport.invokeWithinTransaction(TransactionAspectSupport.java:391) ~[spring-tx-6.0.9-SNAPSHOT.jar:6.0.9-SNAPSHOT]
	at org.springframework.transaction.interceptor.TransactionInterceptor.invoke(TransactionInterceptor.java:119) ~[spring-tx-6.0.9-SNAPSHOT.jar:6.0.9-SNAPSHOT]
	at org.springframework.aop.framework.ReflectiveMethodInvocation.proceed(ReflectiveMethodInvocation.java:184) ~[spring-aop-6.0.9-SNAPSHOT.jar:6.0.9-SNAPSHOT]
	at org.springframework.dao.support.PersistenceExceptionTranslationInterceptor.invoke(PersistenceExceptionTranslationInterceptor.java:137) ~[spring-tx-6.0.9-SNAPSHOT.jar:6.0.9-SNAPSHOT]
	at org.springframework.aop.framework.ReflectiveMethodInvocation.proceed(ReflectiveMethodInvocation.java:184) ~[spring-aop-6.0.9-SNAPSHOT.jar:6.0.9-SNAPSHOT]
	at org.springframework.data.jpa.repository.support.CrudMethodMetadataPostProcessor$CrudMethodMetadataPopulatingMethodInterceptor.invoke(CrudMethodMetadataPostProcessor.java:163) ~[spring-data-jpa-3.1.0-SNAPSHOT.jar:3.1.0-SNAPSHOT]
	at org.springframework.aop.framework.ReflectiveMethodInvocation.proceed(ReflectiveMethodInvocation.java:184) ~[spring-aop-6.0.9-SNAPSHOT.jar:6.0.9-SNAPSHOT]
	at org.springframework.aop.interceptor.ExposeInvocationInterceptor.invoke(ExposeInvocationInterceptor.java:97) ~[spring-aop-6.0.9-SNAPSHOT.jar:6.0.9-SNAPSHOT]
	at org.springframework.aop.framework.ReflectiveMethodInvocation.proceed(ReflectiveMethodInvocation.java:184) ~[spring-aop-6.0.9-SNAPSHOT.jar:6.0.9-SNAPSHOT]
	at org.springframework.data.repository.core.support.MethodInvocationValidator.invoke(MethodInvocationValidator.java:94) ~[spring-data-commons-3.1.0-SNAPSHOT.jar:3.1.0-SNAPSHOT]
	at org.springframework.aop.framework.ReflectiveMethodInvocation.proceed(ReflectiveMethodInvocation.java:184) ~[spring-aop-6.0.9-SNAPSHOT.jar:6.0.9-SNAPSHOT]
	at org.springframework.aop.framework.JdkDynamicAopProxy.invoke(JdkDynamicAopProxy.java:223) ~[spring-aop-6.0.9-SNAPSHOT.jar:6.0.9-SNAPSHOT]
	at jdk.proxy2/jdk.proxy2.$Proxy132.findAll(Unknown Source) ~[na:na]
	at com.lyl.byyouside.controller.api.UserController.getAllUser(UserController.kt:130) ~[main/:na]
	at java.base/jdk.internal.reflect.NativeMethodAccessorImpl.invoke0(Native Method) ~[na:na]
	at java.base/jdk.internal.reflect.NativeMethodAccessorImpl.invoke(NativeMethodAccessorImpl.java:77) ~[na:na]
	at java.base/jdk.internal.reflect.DelegatingMethodAccessorImpl.invoke(DelegatingMethodAccessorImpl.java:43) ~[na:na]
	at java.base/java.lang.reflect.Method.invoke(Method.java:568) ~[na:na]
	at org.springframework.web.method.support.InvocableHandlerMethod.doInvoke(InvocableHandlerMethod.java:207) ~[spring-web-6.0.9-SNAPSHOT.jar:6.0.9-SNAPSHOT]
	at org.springframework.web.method.support.InvocableHandlerMethod.invokeForRequest(InvocableHandlerMethod.java:152) ~[spring-web-6.0.9-SNAPSHOT.jar:6.0.9-SNAPSHOT]
	at org.springframework.web.servlet.mvc.method.annotation.ServletInvocableHandlerMethod.invokeAndHandle(ServletInvocableHandlerMethod.java:118) ~[spring-webmvc-6.0.9-SNAPSHOT.jar:6.0.9-SNAPSHOT]
	at org.springframework.web.servlet.mvc.method.annotation.RequestMappingHandlerAdapter.invokeHandlerMethod(RequestMappingHandlerAdapter.java:884) ~[spring-webmvc-6.0.9-SNAPSHOT.jar:6.0.9-SNAPSHOT]
	at org.springframework.web.servlet.mvc.method.annotation.RequestMappingHandlerAdapter.handleInternal(RequestMappingHandlerAdapter.java:797) ~[spring-webmvc-6.0.9-SNAPSHOT.jar:6.0.9-SNAPSHOT]
	at org.springframework.web.servlet.mvc.method.AbstractHandlerMethodAdapter.handle(AbstractHandlerMethodAdapter.java:87) ~[spring-webmvc-6.0.9-SNAPSHOT.jar:6.0.9-SNAPSHOT]
	at org.springframework.web.servlet.DispatcherServlet.doDispatch(DispatcherServlet.java:1081) ~[spring-webmvc-6.0.9-SNAPSHOT.jar:6.0.9-SNAPSHOT]
	at org.springframework.web.servlet.DispatcherServlet.doService(DispatcherServlet.java:974) ~[spring-webmvc-6.0.9-SNAPSHOT.jar:6.0.9-SNAPSHOT]
	at org.springframework.web.servlet.FrameworkServlet.processRequest(FrameworkServlet.java:1011) ~[spring-webmvc-6.0.9-SNAPSHOT.jar:6.0.9-SNAPSHOT]
	at org.springframework.web.servlet.FrameworkServlet.doPost(FrameworkServlet.java:914) ~[spring-webmvc-6.0.9-SNAPSHOT.jar:6.0.9-SNAPSHOT]
	at jakarta.servlet.http.HttpServlet.service(HttpServlet.java:590) ~[tomcat-embed-core-10.1.8.jar:6.0]
	at org.springframework.web.servlet.FrameworkServlet.service(FrameworkServlet.java:885) ~[spring-webmvc-6.0.9-SNAPSHOT.jar:6.0.9-SNAPSHOT]
	at jakarta.servlet.http.HttpServlet.service(HttpServlet.java:658) ~[tomcat-embed-core-10.1.8.jar:6.0]
	at org.apache.catalina.core.ApplicationFilterChain.internalDoFilter(ApplicationFilterChain.java:205) ~[tomcat-embed-core-10.1.8.jar:10.1.8]
	at org.apache.catalina.core.ApplicationFilterChain.doFilter(ApplicationFilterChain.java:149) ~[tomcat-embed-core-10.1.8.jar:10.1.8]
	at org.apache.tomcat.websocket.server.WsFilter.doFilter(WsFilter.java:51) ~[tomcat-embed-websocket-10.1.8.jar:10.1.8]
	at org.apache.catalina.core.ApplicationFilterChain.internalDoFilter(ApplicationFilterChain.java:174) ~[tomcat-embed-core-10.1.8.jar:10.1.8]
	at org.apache.catalina.core.ApplicationFilterChain.doFilter(ApplicationFilterChain.java:149) ~[tomcat-embed-core-10.1.8.jar:10.1.8]
	at org.springframework.web.filter.RequestContextFilter.doFilterInternal(RequestContextFilter.java:100) ~[spring-web-6.0.9-SNAPSHOT.jar:6.0.9-SNAPSHOT]
	at org.springframework.web.filter.OncePerRequestFilter.doFilter(OncePerRequestFilter.java:116) ~[spring-web-6.0.9-SNAPSHOT.jar:6.0.9-SNAPSHOT]
	at org.apache.catalina.core.ApplicationFilterChain.internalDoFilter(ApplicationFilterChain.java:174) ~[tomcat-embed-core-10.1.8.jar:10.1.8]
	at org.apache.catalina.core.ApplicationFilterChain.doFilter(ApplicationFilterChain.java:149) ~[tomcat-embed-core-10.1.8.jar:10.1.8]
	at org.springframework.web.filter.FormContentFilter.doFilterInternal(FormContentFilter.java:93) ~[spring-web-6.0.9-SNAPSHOT.jar:6.0.9-SNAPSHOT]
	at org.springframework.web.filter.OncePerRequestFilter.doFilter(OncePerRequestFilter.java:116) ~[spring-web-6.0.9-SNAPSHOT.jar:6.0.9-SNAPSHOT]
	at org.apache.catalina.core.ApplicationFilterChain.internalDoFilter(ApplicationFilterChain.java:174) ~[tomcat-embed-core-10.1.8.jar:10.1.8]
	at org.apache.catalina.core.ApplicationFilterChain.doFilter(ApplicationFilterChain.java:149) ~[tomcat-embed-core-10.1.8.jar:10.1.8]
	at org.springframework.web.filter.CharacterEncodingFilter.doFilterInternal(CharacterEncodingFilter.java:201) ~[spring-web-6.0.9-SNAPSHOT.jar:6.0.9-SNAPSHOT]
	at org.springframework.web.filter.OncePerRequestFilter.doFilter(OncePerRequestFilter.java:116) ~[spring-web-6.0.9-SNAPSHOT.jar:6.0.9-SNAPSHOT]
	at org.apache.catalina.core.ApplicationFilterChain.internalDoFilter(ApplicationFilterChain.java:174) ~[tomcat-embed-core-10.1.8.jar:10.1.8]
	at org.apache.catalina.core.ApplicationFilterChain.doFilter(ApplicationFilterChain.java:149) ~[tomcat-embed-core-10.1.8.jar:10.1.8]
	at org.apache.catalina.core.StandardWrapperValve.invoke(StandardWrapperValve.java:166) ~[tomcat-embed-core-10.1.8.jar:10.1.8]
	at org.apache.catalina.core.StandardContextValve.invoke(StandardContextValve.java:90) ~[tomcat-embed-core-10.1.8.jar:10.1.8]
	at org.apache.catalina.authenticator.AuthenticatorBase.invoke(AuthenticatorBase.java:482) ~[tomcat-embed-core-10.1.8.jar:10.1.8]
	at org.apache.catalina.core.StandardHostValve.invoke(StandardHostValve.java:115) ~[tomcat-embed-core-10.1.8.jar:10.1.8]
	at org.apache.catalina.valves.ErrorReportValve.invoke(ErrorReportValve.java:93) ~[tomcat-embed-core-10.1.8.jar:10.1.8]
	at org.apache.catalina.core.StandardEngineValve.invoke(StandardEngineValve.java:74) ~[tomcat-embed-core-10.1.8.jar:10.1.8]
	at org.apache.catalina.connector.CoyoteAdapter.service(CoyoteAdapter.java:341) ~[tomcat-embed-core-10.1.8.jar:10.1.8]
	at org.apache.coyote.http11.Http11Processor.service(Http11Processor.java:390) ~[tomcat-embed-core-10.1.8.jar:10.1.8]
	at org.apache.coyote.AbstractProcessorLight.process(AbstractProcessorLight.java:63) ~[tomcat-embed-core-10.1.8.jar:10.1.8]
	at org.apache.coyote.AbstractProtocol$ConnectionHandler.process(AbstractProtocol.java:894) ~[tomcat-embed-core-10.1.8.jar:10.1.8]
	at org.apache.tomcat.util.net.NioEndpoint$SocketProcessor.doRun(NioEndpoint.java:1741) ~[tomcat-embed-core-10.1.8.jar:10.1.8]
	at org.apache.tomcat.util.net.SocketProcessorBase.run(SocketProcessorBase.java:52) ~[tomcat-embed-core-10.1.8.jar:10.1.8]
	at org.apache.tomcat.util.threads.ThreadPoolExecutor.runWorker(ThreadPoolExecutor.java:1191) ~[tomcat-embed-core-10.1.8.jar:10.1.8]
	at org.apache.tomcat.util.threads.ThreadPoolExecutor$Worker.run(ThreadPoolExecutor.java:659) ~[tomcat-embed-core-10.1.8.jar:10.1.8]
	at org.apache.tomcat.util.threads.TaskThread$WrappingRunnable.run(TaskThread.java:61) ~[tomcat-embed-core-10.1.8.jar:10.1.8]
	at java.base/java.lang.Thread.run(Thread.java:833) ~[na:na]

2023-05-06T20:22:52.596+08:00  INFO 34190 --- [SpringApplicationShutdownHook] j.LocalContainerEntityManagerFactoryBean : Closing JPA EntityManagerFactory for persistence unit 'default'
2023-05-06T20:22:52.599+08:00  INFO 34190 --- [SpringApplicationShutdownHook] com.zaxxer.hikari.HikariDataSource       : HikariPool-1 - Shutdown initiated...
2023-05-06T20:22:52.600+08:00  INFO 34190 --- [SpringApplicationShutdownHook] com.zaxxer.hikari.HikariDataSource       : HikariPool-1 - Shutdown completed.
2023-05-06T20:22:54.889+08:00  INFO 34344 --- [main] c.lyl.byyouside.ByYouSideApplicationKt   : Starting ByYouSideApplicationKt using Java 17.0.7 with PID 34344 (/Users/lyl/developer/project/me/ByYourSide/web/ByYouSide/build/classes/kotlin/main started by lyl in /Users/lyl/developer/project/me/ByYourSide/web/ByYouSide)
2023-05-06T20:22:54.891+08:00  INFO 34344 --- [main] c.lyl.byyouside.ByYouSideApplicationKt   : The following 1 profile is active: "dev"
2023-05-06T20:22:55.350+08:00  INFO 34344 --- [main] .s.d.r.c.RepositoryConfigurationDelegate : Bootstrapping Spring Data JPA repositories in DEFAULT mode.
2023-05-06T20:22:55.375+08:00  INFO 34344 --- [main] .s.d.r.c.RepositoryConfigurationDelegate : Finished Spring Data repository scanning in 22 ms. Found 5 JPA repository interfaces.
2023-05-06T20:22:55.590+08:00  INFO 34344 --- [main] o.s.b.w.embedded.tomcat.TomcatWebServer  : Tomcat initialized with port(s): 8080 (http)
2023-05-06T20:22:55.594+08:00  INFO 34344 --- [main] o.apache.catalina.core.StandardService   : Starting service [Tomcat]
2023-05-06T20:22:55.594+08:00  INFO 34344 --- [main] o.apache.catalina.core.StandardEngine    : Starting Servlet engine: [Apache Tomcat/10.1.8]
2023-05-06T20:22:55.629+08:00  INFO 34344 --- [main] o.a.c.c.C.[Tomcat].[localhost].[/]       : Initializing Spring embedded WebApplicationContext
2023-05-06T20:22:55.629+08:00  INFO 34344 --- [main] w.s.c.ServletWebServerApplicationContext : Root WebApplicationContext: initialization completed in 710 ms
2023-05-06T20:22:55.642+08:00  INFO 34344 --- [main] com.zaxxer.hikari.HikariDataSource       : HikariPool-1 - Starting...
2023-05-06T20:22:55.737+08:00  INFO 34344 --- [main] com.zaxxer.hikari.pool.HikariPool        : HikariPool-1 - Added connection conn0: url=jdbc:h2:file:./ByYourSide/config/db/.h2/side_db user=ROOT
2023-05-06T20:22:55.738+08:00  INFO 34344 --- [main] com.zaxxer.hikari.HikariDataSource       : HikariPool-1 - Start completed.
2023-05-06T20:22:55.742+08:00  INFO 34344 --- [main] o.s.b.a.h2.H2ConsoleAutoConfiguration    : H2 console available at '/h2-console'. Database available at 'jdbc:h2:file:./ByYourSide/config/db/.h2/side_db'
2023-05-06T20:22:55.945+08:00  INFO 34344 --- [main] o.s.o.j.p.SpringPersistenceUnitInfo      : No LoadTimeWeaver setup: ignoring JPA class transformer
2023-05-06T20:22:56.348+08:00  INFO 34344 --- [main] j.LocalContainerEntityManagerFactoryBean : Initialized JPA EntityManagerFactory for persistence unit 'default'
2023-05-06T20:22:56.679+08:00  WARN 34344 --- [main] JpaBaseConfiguration$JpaWebConfiguration : spring.jpa.open-in-view is enabled by default. Therefore, database queries may be performed during view rendering. Explicitly configure spring.jpa.open-in-view to disable this warning
2023-05-06T20:22:56.809+08:00  INFO 34344 --- [main] o.s.b.w.embedded.tomcat.TomcatWebServer  : Tomcat started on port(s): 8080 (http) with context path ''
2023-05-06T20:22:56.814+08:00  INFO 34344 --- [main] c.lyl.byyouside.ByYouSideApplicationKt   : Started ByYouSideApplicationKt in 2.094 seconds (process running for 2.529)
2023-05-06T20:23:02.597+08:00  INFO 34344 --- [http-nio-8080-exec-1] o.a.c.c.C.[Tomcat].[localhost].[/]       : Initializing Spring DispatcherServlet 'dispatcherServlet'
2023-05-06T20:23:02.597+08:00  INFO 34344 --- [http-nio-8080-exec-1] o.s.web.servlet.DispatcherServlet        : Initializing Servlet 'dispatcherServlet'
2023-05-06T20:23:02.599+08:00  INFO 34344 --- [http-nio-8080-exec-1] o.s.web.servlet.DispatcherServlet        : Completed initialization in 2 ms
